key,sweep,value,rep,fold,r2_ungamed,r2_post,payment_base,coding,selection_shift,selection,codes_added,extraction,profit_base,profit,nc_ungamed|Income below 200% FPL,nc_post|Income below 200% FPL,sel_share|Income below 200% FPL,nc_ungamed|Hispanic,nc_post|Hispanic,sel_share|Hispanic,nc_ungamed|Non-Hispanic Black,nc_post|Non-Hispanic Black,sel_share|Non-Hispanic Black,nc_ungamed|Non-Hispanic Asian,nc_post|Non-Hispanic Asian,sel_share|Non-Hispanic Asian,nc_ungamed|Needs ADL or IADL help,nc_post|Needs ADL or IADL help,sel_share|Needs ADL or IADL help,nc_ungamed|Mental health condition,nc_post|Mental health condition,sel_share|Mental health condition,nc_ungamed|Age 65 and over,nc_post|Age 65 and over,sel_share|Age 65 and over,nc_ungamed|Uninsured all year,nc_post|Uninsured all year,sel_share|Uninsured all year
cms,cost per code,0.0,0,0,0.12477123598468831,0.09660333874447069,7853613.325526106,781039.1980279726,650813.7986985784,699165.1872202433,60.013103193064396,1480204.3852482159,-111070.99733140178,1369133.3879168143,358.140828815536,1837.3875641329378,1.0063881386817615,292.30198154480274,1310.9126415408923,0.9865942963782944,25.370036375714125,1405.2702550655897,0.9920856674189267,-50.52812594584447,811.726623970426,0.9916659547303113,-8482.413594183086,-5459.2918106183415,0.9923625254512364,-1539.6852309468775,1049.076753697965,1.0322800197263844,-897.5520670644705,2134.5532922365205,1.0497927037093828,903.9817220914322,1183.263577867498,0.9947145803070034
cms,cost per code,250.0,0,0,0.12477123598468831,0.09660333874447069,7853613.325526106,766035.9222297065,650813.7986985784,699165.1872202433,60.013103193064396,1465201.1094499498,-111070.99733140178,1354130.112118548,358.140828815536,1837.3875641329378,1.0063881386817615,292.30198154480274,1310.9126415408923,0.9865942963782944,25.370036375714125,1405.2702550655897,0.9920856674189267,-50.52812594584447,811.726623970426,0.9916659547303113,-8482.413594183086,-5459.2918106183415,0.9923625254512364,-1539.6852309468775,1049.076753697965,1.0322800197263844,-897.5520670644705,2134.5532922365205,1.0497927037093828,903.9817220914322,1183.263577867498,0.9947145803070034
cms,cost per code,500.0,0,0,0.12477123598468831,0.09660333874447069,7853613.325526106,751032.6464314405,650813.7986985784,699165.1872202433,60.013103193064396,1450197.8336516838,-111070.99733140178,1339126.836320282,358.140828815536,1837.3875641329378,1.0063881386817615,292.30198154480274,1310.9126415408923,0.9865942963782944,25.370036375714125,1405.2702550655897,0.9920856674189267,-50.52812594584447,811.726623970426,0.9916659547303113,-8482.413594183086,-5459.2918106183415,0.9923625254512364,-1539.6852309468775,1049.076753697965,1.0322800197263844,-897.5520670644705,2134.5532922365205,1.0497927037093828,903.9817220914322,1183.263577867498,0.9947145803070034
cms,cost per code,1000.0,0,0,0.12477123598468831,0.09660333874447069,7853613.325526106,721026.0948349083,650813.7986985784,699165.1872202433,60.013103193064396,1420191.2820551516,-111070.99733140178,1309120.2847237498,358.140828815536,1837.3875641329378,1.0063881386817615,292.30198154480274,1310.9126415408923,0.9865942963782944,25.370036375714125,1405.2702550655897,0.9920856674189267,-50.52812594584447,811.726623970426,0.9916659547303113,-8482.413594183086,-5459.2918106183415,0.9923625254512364,-1539.6852309468775,1049.076753697965,1.0322800197263844,-897.5520670644705,2134.5532922365205,1.0497927037093828,903.9817220914322,1183.263577867498,0.9947145803070034
cms,cost per code,2000.0,0,0,0.12477123598468831,0.09660333874447069,7853613.325526106,661012.9916418438,650813.7986985784,699165.1872202433,60.013103193064396,1360178.1788620872,-111070.99733140178,1249107.1815306854,358.140828815536,1837.3875641329378,1.0063881386817615,292.30198154480274,1310.9126415408923,0.9865942963782944,25.370036375714125,1405.2702550655897,0.9920856674189267,-50.52812594584447,811.726623970426,0.9916659547303113,-8482.413594183086,-5459.2918106183415,0.9923625254512364,-1539.6852309468775,1049.076753697965,1.0322800197263844,-897.5520670644705,2134.5532922365205,1.0497927037093828,903.9817220914322,1183.263577867498,0.9947145803070034
cms,cost per code,3000.0,0,0,0.12477123598468831,0.09782523694630574,7853613.325526106,600950.5182753856,651039.0033909447,695482.345232571,60.00817331309687,1296432.8635079565,-111070.99733140178,1185361.866176555,358.140828815536,1829.3499797019033,1.0059940824206473,292.30198154480274,1310.903951181675,0.9870905941809214,25.370036375714125,1410.5465240177193,0.9919068957187009,-50.52812594584447,869.0476520905004,0.9921257828876864,-8482.413594183086,-5516.72769092325,0.9936459601694115,-1539.6852309468775,1011.4606014440632,1.0322561393964473,-897.5520670644705,2108.3253770376714,1.0494967949190883,903.9817220914322,1183.263577867498,0.9947512072721898
cms,codes per person,1,0,0,0.12477123598468831,0.09660333874447069,7853613.325526106,721026.0948349083,650813.7986985784,699165.1872202433,60.013103193064396,1420191.2820551516,-111070.99733140178,1309120.2847237498,358.140828815536,1837.3875641329378,1.0063881386817615,292.30198154480274,1310.9126415408923,0.9865942963782944,25.370036375714125,1405.2702550655897,0.9920856674189267,-50.52812594584447,811.726623970426,0.9916659547303113,-8482.413594183086,-5459.2918106183415,0.9923625254512364,-1539.6852309468775,1049.076753697965,1.0322800197263844,-897.5520670644705,2134.5532922365205,1.0497927037093828,903.9817220914322,1183.263577867498,0.9947145803070034
cms,codes per person,2,0,0,0.12477123598468831,0.04642302310772417,7853613.325526106,1390106.7448655167,788665.8451122371,860182.5606931513,120.00911748272738,2250289.305558668,-111070.99733140178,2139218.308227266,358.140828815536,2416.031460507255,1.0056368118203467,292.30198154480274,2065.0191414251935,0.9873390364524578,25.370036375714125,1882.5315416672088,0.9863086247684404,-50.52812594584447,1603.3249679281762,0.9897060387432105,-8482.413594183086,-5301.339468997789,0.9856770331421787,-1539.6852309468775,2287.031305182409,1.0353284226693114,-897.5520670644705,2634.5744618630038,1.0441452492664178,903.9817220914322,1660.0380498361712,0.9855420449986503
cms,codes per person,3,0,0,0.12477123598468831,-0.02843667621389634,7853613.325526106,1987963.871949936,913630.3782482995,980640.9534348546,180.26250097895888,2968604.8253847905,-111070.99733140178,2857533.8280533887,358.140828815536,3297.4568947496923,1.006519337540787,292.30198154480274,2783.373830634428,0.9866561491712986,25.370036375714125,2710.4221895321,0.9883475905598161,-50.52812594584447,2084.5242257973778,0.988746293928923,-8482.413594183086,-5161.989310154081,0.9843072268294244,-1539.6852309468775,4058.83551936645,1.0410476979953522,-897.5520670644705,3408.126267874039,1.0422272751218333,903.9817220914322,2060.3724095344232,0.9862365063880972
cms,reach,0.02,0,0,0.12477123598468831,0.107970921123275,7853613.325526106,240476.05085210933,519663.1210609035,652847.867412823,20.01552254298457,893323.9182649323,-111070.99733140178,782252.9209335304,358.140828815536,1336.0856175587435,1.0102562050681922,292.30198154480274,954.7514150729246,0.9897680260292433,25.370036375714125,854.2100614865001,0.9926038718898706,-50.52812594584447,623.5132649042916,1.004070154332143,-8482.413594183086,-6534.502730718365,0.9859374065659777,-1539.6852309468775,21.60004694118051,1.0247918832239191,-897.5520670644705,786.5357532712604,1.0348106529966503,903.9817220914322,1041.2406278454703,1.0041922922278883
cms,reach,0.04,0,0,0.12477123598468831,0.10089718171108208,7853613.325526106,480682.4798592149,586217.7054848226,678525.2707980891,40.008603674037964,1159207.7506573042,-111070.99733140178,1048136.7533259019,358.140828815536,1560.3846565913036,1.006226694982875,292.30198154480274,1164.5251651406409,0.9868111098873799,25.370036375714125,1131.4006862880483,0.9914589449267565,-50.52812594584447,773.0013436480588,0.9977530404717827,-8482.413594183086,-6091.818460373257,0.9896100059506268,-1539.6852309468775,529.8734844601476,1.0298231276583485,-897.5520670644705,1461.82293442105,1.0439482718461301,903.9817220914322,1109.7639072905629,0.9966346668916778
cms,reach,0.05,0,0,0.12477123598468831,0.09960814918339156,7853613.325526106,601769.6061395623,617616.1938809917,673276.8964902438,50.08703808420724,1275046.5026298063,-111070.99733140178,1163975.5052984043,358.140828815536,1698.2507843872793,1.005349392470132,292.30198154480274,1207.3270009314638,0.9871531827135664,25.370036375714125,1238.9823453579759,0.990415882905133,-50.52812594584447,804.712374347939,0.9947322061915744,-8482.413594183086,-5813.952155345978,0.9898876946115266,-1539.6852309468775,745.124938608775,1.0309529107748996,-897.5520670644705,1752.3233769648293,1.046604643557676,903.9817220914322,1127.09366767368,0.994806392852367
cms,reach,0.06,0,0,0.12477123598468831,0.09660333874447069,7853613.325526106,721026.0948349083,650813.7986985784,699165.1872202433,60.013103193064396,1420191.2820551516,-111070.99733140178,1309120.2847237498,358.140828815536,1837.3875641329378,1.0063881386817615,292.30198154480274,1310.9126415408923,0.9865942963782944,25.370036375714125,1405.2702550655897,0.9920856674189267,-50.52812594584447,811.726623970426,0.9916659547303113,-8482.413594183086,-5459.2918106183415,0.9923625254512364,-1539.6852309468775,1049.076753697965,1.0322800197263844,-897.5520670644705,2134.5532922365205,1.0497927037093828,903.9817220914322,1183.263577867498,0.9947145803070034
cms,reach,0.075,0,0,0.12477123598468831,0.09334414109447786,7853613.325526106,901857.2291783163,701109.76561178,725022.3088961862,75.06420550906955,1626879.5380745023,-111070.99733140178,1515808.5407431007,358.140828815536,1941.523970811231,1.0037640341573564,292.30198154480274,1379.8768121613837,0.9844488378077603,25.370036375714125,1500.9873864559981,0.9836008506038251,-50.52812594584447,1159.1398861033247,0.988344910298596,-8482.413594183086,-5403.579354975214,0.9903816495889822,-1539.6852309468775,1496.5349361281753,1.0406249564946546,-897.5520670644705,2377.2816282503727,1.053038815564114,903.9817220914322,1393.4582093749866,0.982358060956662
cms,reach,0.1,0,0,0.12477123598468831,0.08501960606672931,7853613.325526106,1201854.2248003387,769350.0311347537,769273.9734206367,100.03382974991759,1971128.1982209755,-111070.99733140178,1860057.2008895737,358.140828815536,2220.8661512042904,1.0012091023600165,292.30198154480274,1687.399701587193,0.9825687128226092,25.370036375714125,1755.169669198626,0.9811332347437512,-50.52812594584447,1562.0426460875299,0.9856536656236896,-8482.413594183086,-5066.395560936326,0.9975200411661889,-1539.6852309468775,2004.269629189622,1.044123271220832,-897.5520670644705,2759.6385377358324,1.0590374597337069,903.9817220914322,1550.2084736986603,0.9817354779064914
cms,reach,0.25,0,0,0.12477123598468831,0.03869257685457883,7853613.325526106,3004807.8377921656,1206380.2170915445,1006130.3707213255,250.0989133909769,4010938.208513491,-111070.99733140178,3899867.2111820895,358.140828815536,4279.072318757183,0.9923092413722375,292.30198154480274,3382.1971257594955,0.9626569462455972,25.370036375714125,3508.848711490434,0.9701468849169822,-50.52812594584447,3292.218022362359,0.9791812483035266,-8482.413594183086,-1734.7774513102745,1.0308180263784736,-1539.6852309468775,4846.999451921586,1.069139020826077,-897.5520670644705,5767.527337539364,1.0843031210078804,903.9817220914322,2675.7569098982676,0.9395145972406335
cms,reach,0.5,0,0,0.12477123598468831,-0.029988893882672008,7853613.325526106,5781310.264643097,1861298.3629705033,1367934.0426117333,500.0224602472522,7149244.307254831,-111070.99733140178,7038173.30992343,358.140828815536,7666.547206728357,0.987046715216855,292.30198154480274,5760.504624953594,0.9406062724006891,25.370036375714125,6562.521842893255,0.9670177923054798,-50.52812594584447,5991.853654297905,0.9573546654704365,-8482.413594183086,4011.7891391560333,1.0779474016093913,-1539.6852309468775,10111.63758462792,1.1078402414341373,-897.5520670644705,10601.608238664561,1.127103949884411,903.9817220914322,4370.9877302830355,0.8838503329538674
cms,reach,1.0,0,0,0.12477123598468831,-0.054246348718171244,7853613.325526106,6783178.7667146595,1592371.3571799702,1247126.7934949563,712.9292267886888,8030305.560209616,-111070.99733140178,7919234.562878215,358.140828815536,8711.564002890551,0.9908847403794163,292.30198154480274,6899.854644223657,0.9457884470115354,25.370036375714125,7600.497094088758,0.9658853532648195,-50.52812594584447,7092.159334982064,0.9618840921256673,-8482.413594183086,4292.17996356261,1.0386704419768302,-1539.6852309468775,10728.599060337472,1.0829993995565745,-897.5520670644705,11331.043616572999,1.1102404422360912,903.9817220914322,5560.91780123001,0.896557368604664
cms,tilt,0.0,0,0,0.12477123598468831,0.10769044792895277,7853613.325526106,721026.0948349083,0.0,0.0,60.013103193064396,721026.0948349083,-111070.99733140178,609955.0975035063,358.140828815536,1051.7726474469441,1.0,292.30198154480274,884.1265897652811,1.0,25.370036375714125,778.1828454286656,1.0,-50.52812594584447,199.2008592422279,1.0,-8482.413594183086,-6989.636443908809,1.0,-1539.6852309468775,-69.95546357775326,1.0,-897.5520670644705,1012.6677481975249,1.0,903.9817220914322,1047.169404187791,1.0
cms,tilt,0.05,0,0,0.12477123598468831,0.10492921564884483,7853613.325526106,721026.0948349083,162702.7238158934,174790.5170195513,60.013103193064396,895816.6118544596,-111070.99733140178,784745.6145230576,358.140828815536,1249.114987923317,1.0015970275456894,292.30198154480274,989.7462662023463,0.9966485890460809,25.370036375714125,934.0215979508916,0.9980214256816612,-50.52812594584447,351.37246845450085,0.9979164979776167,-8482.413594183086,-6609.247672254826,0.9980906398809563,-1539.6852309468775,216.5200494095786,1.0080699689293864,-897.5520670644705,1303.4831442154316,1.0124481203930749,903.9817220914322,1081.057746244297,0.9986786509716291
cms,tilt,0.1,0,0,0.12477123598468831,0.10216097286817238,7853613.325526106,721026.0948349083,325405.9315361835,349581.55389456294,60.013103193064396,1070607.648729471,-111070.99733140178,959536.6513980693,358.140828815536,1445.8295970946142,1.0031940598411984,292.30198154480274,1096.078987120706,0.9932971681245201,25.370036375714125,1090.479943813667,0.9960428454787205,-50.52812594584447,504.18128615827294,0.9958329897585596,-8482.413594183086,-6227.399596118055,0.996181274083165,-1539.6852309468775,498.44613810283766,1.0161399618601747,-897.5520670644705,1587.2350391603347,1.0248962778088873,903.9817220914322,1115.0359834452036,0.9973572980133515
cms,tilt,0.2,0,0,0.12477123598468831,0.09660333874447069,7853613.325526106,721026.0948349083,650813.7986985784,699165.1872202433,60.013103193064396,1420191.2820551516,-111070.99733140178,1309120.2847237498,358.140828815536,1837.3875641329378,1.0063881386817615,292.30198154480274,1310.9126415408923,0.9865942963782944,25.370036375714125,1405.2702550655897,0.9920856674189267,-50.52812594584447,811.726623970426,0.9916659547303113,-8482.413594183086,-5459.2918106183415,0.9923625254512364,-1539.6852309468775,1049.076753697965,1.0322800197263844,-897.5520670644705,2134.5532922365205,1.0497927037093828,903.9817220914322,1183.263577867498,0.9947145803070034
cms,tilt,0.3,0,0,0.12477123598468831,0.09101730982302236,7853613.325526106,721026.0948349083,976223.6015044616,1048750.899995597,60.013103193064396,1769776.9948305052,-111070.99733140178,1658705.9974991034,358.140828815536,2226.470245041793,1.0095822365218583,292.30198154480274,1528.6867063144189,0.9798913847609674,25.370036375714125,1722.5837555575356,0.988128465820409,-50.52812594584447,1121.869365987122,0.9874988949150341,-8482.413594183086,-4685.244996048569,0.9885437541040124,-1539.6852309468775,1582.756966109976,1.0484201735994858,-897.5520670644705,2656.5160480702457,1.074689277702809,903.9817220914322,1251.8550757582668,0.9920718468808164
cms,tilt,0.5,0,0,0.12477123598468831,0.07975911157832816,7853613.325526106,721026.0948349083,1627049.0141157713,1747928.5639695374,60.013103193064396,2468954.6588044455,-111070.99733140178,2357883.6614730437,358.140828815536,2997.3030457962313,1.0159704892013337,292.30198154480274,1973.3008886877708,0.9664854419115869,25.370036375714125,2364.902651912894,0.9802139920063624,-50.52812594584447,1750.0798034962647,0.9791647009225085,-8482.413594183086,-3119.0566083878944,0.9809061432628667,-1539.6852309468775,2602.3034517502606,1.0807007693697908,-897.5520670644705,3631.110853333677,1.124482869973738,903.9817220914322,1390.1414900382417,0.9867863328683645
cms,selection rule,smooth,0,0,0.12477123598468831,0.09431233364048919,7853613.325526106,721026.0948349083,40719509.09822282,10475429.66858965,60.013103193064396,11196455.763424557,-111070.99733140178,11085384.766093154,358.140828815536,27908.149425756994,0.9599915667442186,292.30198154480274,18399.132430342353,0.2662953902544339,25.370036375714125,-1400.6792299584358,0.3945019398223726,-50.52812594584447,16123.888098472265,0.16500012089734753,-8482.413594183086,-53323.98804937275,1.2473398276996581,-1539.6852309468775,-46520.95107127324,1.652697188351074,-897.5520670644705,11050.978383521828,4.528692677372154,903.9817220914322,7561.271866678843,0.08413551944154517
cms,plausibility,either,0,0,0.12477123598468831,0.09660333874447069,7853613.325526106,721026.0948349083,650813.7986985784,699165.1872202433,60.013103193064396,1420191.2820551516,-111070.99733140178,1309120.2847237498,358.140828815536,1837.3875641329378,1.0063881386817615,292.30198154480274,1310.9126415408923,0.9865942963782944,25.370036375714125,1405.2702550655897,0.9920856674189267,-50.52812594584447,811.726623970426,0.9916659547303113,-8482.413594183086,-5459.2918106183415,0.9923625254512364,-1539.6852309468775,1049.076753697965,1.0322800197263844,-897.5520670644705,2134.5532922365205,1.0497927037093828,903.9817220914322,1183.263577867498,0.9947145803070034
cms,plausibility,system,0,0,0.12477123598468831,0.10176961473810364,7853613.325526106,689902.0214206348,635740.1916522243,705205.3983369534,60.14932661761834,1395107.4197575883,-111070.99733140178,1284036.4224261863,358.140828815536,1984.2244700627475,1.0092201355227035,292.30198154480274,1281.0098649921085,0.9865227880403417,25.370036375714125,1261.4042511317994,0.9900897621290088,-50.52812594584447,883.7357481121018,0.9925537917523224,-8482.413594183086,-4896.861376803561,0.9964257153982268,-1539.6852309468775,1647.9209992753026,1.0393603163869978,-897.5520670644705,1436.8311968012613,1.040348807363901,903.9817220914322,1333.1030390693613,0.9949747779914184
cms,plausibility,use,0,0,0.12477123598468831,0.09802632749768869,7853613.325526106,721492.4333771854,651822.4463815787,694559.5231599638,60.05191790901027,1416051.9565371491,-111070.99733140178,1304980.9592057473,358.140828815536,1795.5741918720614,1.005962790853333,292.30198154480274,1314.8946038870904,0.9871147627049603,25.370036375714125,1381.355683952477,0.9922719457244544,-50.52812594584447,869.0476520905008,0.9921500746963358,-8482.413594183086,-5500.699907280379,0.9925576965555507,-1539.6852309468775,1039.8277336664214,1.0326067840414688,-897.5520670644705,2137.097359610392,1.0498871384095307,903.9817220914322,1176.514197406246,0.9945754855456651
cms,plausibility,any,0,0,0.12477123598468831,0.09953751358063856,7853613.325526106,721000.2379639657,637015.1666463545,698287.5406478143,60.010951050339976,1419287.77861178,-111070.99733140178,1308216.7812803779,358.140828815536,1891.041031894662,1.0076350812748023,292.30198154480274,1378.6865787526976,0.9886905623201279,25.370036375714125,1181.6491380204195,0.9901910012640573,-50.52812594584447,752.0371798427449,0.9908541305185569,-8482.413594183086,-6018.494299131808,0.9842697110529491,-1539.6852309468775,890.1016194837578,1.0305071778022838,-897.5520670644705,1807.4705273761863,1.045947278297378,903.9817220914322,1448.078361277421,0.9971406187825205
cms,plan cost model,WLS,0,0,0.12477123598468831,0.10281272707485434,7853613.325526106,721026.0948349083,272752.43233688606,446868.39175260154,60.013103193064396,1167894.4865875097,-111070.99733140178,1056823.4892561077,358.140828815536,1494.6830260982586,1.0132803758427331,292.30198154480274,1110.603986442506,1.006695263021468,25.370036375714125,1113.5340071011774,1.009273853026305,-50.52812594584447,566.6754895669498,1.010351772926674,-8482.413594183086,-6344.695018816067,0.9735686244687978,-1539.6852309468775,558.1138205745232,0.998005581719031,-897.5520670644705,2147.2621885678423,1.0292529341727965,903.9817220914322,1044.753457534344,1.0509807725156155
cms,share of added codes real,0.0,0,0,0.12477123598468831,,,721026.0948349083,,699165.1872202433,,1420191.2820551516,,,,,,,,,,,,,,,,,,,,,,,,,,
cms,share of added codes real,0.25,0,0,0.12477123598468831,,,455569.0546051715,,651529.4796359681,,1107098.5342411397,,,,,,,,,,,,,,,,,,,,,,,,,,
cms,share of added codes real,0.5,0,0,0.12477123598468831,,,224093.93687033103,,615657.2674791529,,839751.204349484,,,,,,,,,,,,,,,,,,,,,,,,,,
cms,share of added codes real,1.0,0,0,0.12477123598468831,,,-330598.6802159486,,521009.9833818964,,190411.3031659478,,,,,,,,,,,,,,,,,,,,,,,,,,
cms_pen_1,cost per code,0.0,0,0,0.12085982818253238,0.108500495157272,7843453.488719415,149388.51143031928,406019.83461970673,590551.0986132874,60.02970656680176,739939.6100436067,-121230.83413809273,618708.775905514,-22.15288636244888,794.8077330022502,0.9994640689022396,175.99006901740154,691.0719070311351,0.9792498011194776,-211.65506812376339,467.19930338396586,0.9767137336451441,203.09129853008312,962.0044694034804,0.9918119927074222,-10843.961386370054,-9014.57815262075,0.968698067412909,-1814.2330358904333,-652.764998816369,1.0266726712241347,-994.2589370549384,3.376719811246387,1.0582009235480683,887.4821520199241,1247.270999743953,0.9912799747645463
cms_pen_1,cost per code,250.0,0,0,0.12085982818253238,0.108500495157272,7843453.488719415,134381.08478861884,406019.83461970673,590551.0986132874,60.02970656680176,724932.1834019064,-121230.83413809273,603701.3492638136,-22.15288636244888,794.8077330022502,0.9994640689022396,175.99006901740154,691.0719070311351,0.9792498011194776,-211.65506812376339,467.19930338396586,0.9767137336451441,203.09129853008312,962.0044694034804,0.9918119927074222,-10843.961386370054,-9014.57815262075,0.968698067412909,-1814.2330358904333,-652.764998816369,1.0266726712241347,-994.2589370549384,3.376719811246387,1.0582009235480683,887.4821520199241,1247.270999743953,0.9912799747645463
cms_pen_1,cost per code,500.0,0,0,0.12085982818253238,0.108500495157272,7843453.488719415,119373.65814691842,406019.83461970673,590551.0986132874,60.02970656680176,709924.7567602058,-121230.83413809273,588693.9226221131,-22.15288636244888,794.8077330022502,0.9994640689022396,175.99006901740154,691.0719070311351,0.9792498011194776,-211.65506812376339,467.19930338396586,0.9767137336451441,203.09129853008312,962.0044694034804,0.9918119927074222,-10843.961386370054,-9014.57815262075,0.968698067412909,-1814.2330358904333,-652.764998816369,1.0266726712241347,-994.2589370549384,3.376719811246387,1.0582009235480683,887.4821520199241,1247.270999743953,0.9912799747645463
cms_pen_1,cost per code,1000.0,0,0,0.12085982818253238,0.108500495157272,7843453.488719415,89358.80486351754,406019.83461970673,590551.0986132874,60.02970656680176,679909.903476805,-121230.83413809273,558679.0693387123,-22.15288636244888,794.8077330022502,0.9994640689022396,175.99006901740154,691.0719070311351,0.9792498011194776,-211.65506812376339,467.19930338396586,0.9767137336451441,203.09129853008312,962.0044694034804,0.9918119927074222,-10843.961386370054,-9014.57815262075,0.968698067412909,-1814.2330358904333,-652.764998816369,1.0266726712241347,-994.2589370549384,3.376719811246387,1.0582009235480683,887.4821520199241,1247.270999743953,0.9912799747645463
cms_pen_1,cost per code,2000.0,0,0,0.12085982818253238,0.10862146584216159,7843453.488719415,29460.670787611438,405443.8079736276,587349.9355545829,60.29900424315121,616810.6063421944,-121230.83413809273,495579.7722041017,-22.15288636244888,797.744834060829,0.9992283914645307,175.99006901740154,694.9506811918499,0.9789051153803954,-211.65506812376339,468.3437935973521,0.9768239972840315,203.09129853008312,962.4180122011162,0.9920872556897051,-10843.961386370054,-9001.671603388158,0.9686676575088065,-1814.2330358904333,-644.1576694286025,1.0274131722210889,-994.2589370549384,1.0992488537167204,1.0578352717445734,887.4821520199241,1247.1047563693946,0.9907831611455331
cms_pen_1,cost per code,3000.0,0,0,0.12085982818253238,0.10889685289015072,7843453.488719415,0.0,381640.32463933696,598274.4388709301,0.0,598274.4388709301,-121230.83413809273,477043.60473283747,-22.15288636244888,706.2403834064384,0.9998179376073861,175.99006901740154,577.3528450031856,0.9838535112726569,-211.65506812376339,365.8394804928354,0.9809991882002606,203.09129853008312,846.3252442338944,0.9923322374860293,-10843.961386370054,-9271.787755141244,0.9614119271451734,-1814.2330358904333,-877.8486816258693,1.0263903203012954,-994.2589370549384,-106.38467690912472,1.0582555071501378,887.4821520199241,1151.341417394615,0.9954017673376337
cms_pen_1,codes per person,1,0,0,0.12085982818253238,0.108500495157272,7843453.488719415,89358.80486351754,406019.83461970673,590551.0986132874,60.02970656680176,679909.903476805,-121230.83413809273,558679.0693387123,-22.15288636244888,794.8077330022502,0.9994640689022396,175.99006901740154,691.0719070311351,0.9792498011194776,-211.65506812376339,467.19930338396586,0.9767137336451441,203.09129853008312,962.0044694034804,0.9918119927074222,-10843.961386370054,-9014.57815262075,0.968698067412909,-1814.2330358904333,-652.764998816369,1.0266726712241347,-994.2589370549384,3.376719811246387,1.0582009235480683,887.4821520199241,1247.270999743953,0.9912799747645463
cms_pen_1,codes per person,2,0,0,0.12085982818253238,0.10778874483631928,7843453.488719415,169916.4509340951,444305.62009292503,607473.7293683477,120.077983003924,777390.1803024427,-121230.83413809273,656159.34616435,-22.15288636244888,946.4830282729412,0.9983039809992091,175.99006901740154,745.8579052447069,0.977970166385961,-211.65506812376339,632.2823126498381,0.9763777820955446,203.09129853008312,1103.1255924753516,0.9931685721679754,-10843.961386370054,-8755.400349682091,0.9778285119953256,-1814.2330358904333,-378.79289933528133,1.0357343599602578,-994.2589370549384,150.2547827546604,1.0619265411543173,887.4821520199241,1242.059325125334,0.9872617050057596
cms_pen_1,codes per person,3,0,0,0.12085982818253238,0.10440975171813238,7843453.488719415,249857.29261943832,461430.07293926034,637507.3379794152,180.5338806857837,887364.6305988535,-121230.83413809273,766133.7964607609,-22.15288636244888,1084.676676197044,0.9952710724813134,175.99006901740154,830.4032680828149,0.9756274169423039,-211.65506812376339,806.4254260784428,0.9761926541589446,203.09129853008312,1216.0887023185346,0.98963882111696,-10843.961386370054,-8834.317095502784,0.9714077146312728,-1814.2330358904333,-216.22047502002079,1.0312962410445186,-994.2589370549384,230.5801405746875,1.0589824447442686,887.4821520199241,1262.0381712803387,0.9852389128300593
cms_pen_1,reach,0.02,0,0,0.12085982818253238,0.10919611230506132,7843453.488719415,29805.784915686258,394854.25401670893,604743.5797798451,20.023013123492877,634549.3646955313,-121230.83413809273,513318.5305574386,-22.15288636244888,749.4608906190537,0.9999672652091751,175.99006901740154,644.6467424726268,0.9827254746570617,-211.65506812376339,427.03468737570154,0.9804301931885407,203.09129853008312,876.1591833081252,0.9904800894169874,-10843.961386370054,-9175.630654270904,0.9602029130590958,-1814.2330358904333,-789.3815257796227,1.0276055785932454,-994.2589370549384,-28.962683621333706,1.0581300318623656,887.4821520199241,1174.5728840014585,0.9938805698439115
cms_pen_1,reach,0.04,0,0,0.12085982818253238,0.10862804324288322,7843453.488719415,59598.58992617264,402826.8520648308,599358.2182774835,40.03730657015478,658956.8082036561,-121230.83413809273,537725.9740655634,-22.15288636244888,795.3133529307456,0.9985521899306931,175.99006901740154,643.4810094907591,0.9819046466235581,-211.65506812376339,462.0689311588297,0.9787833193401215,203.09129853008312,888.91388376084,0.9893181400451793,-10843.961386370054,-9146.278249546429,0.9631206769702898,-1814.2330358904333,-713.0067414206624,1.0296734505385157,-994.2589370549384,-5.726951144491806,1.0586346663838677,887.4821520199241,1180.0460454137453,0.9922004194272578
cms_pen_1,reach,0.05,0,0,0.12085982818253238,0.10859827462164895,7843453.488719415,74691.42071555961,404981.21520939615,591796.1666434373,50.17641043275791,666487.587358997,-121230.83413809273,545256.7532209043,-22.15288636244888,786.6184890704751,0.9983584682692243,175.99006901740154,670.4547659993235,0.9809199320878407,-211.65506812376339,463.36031746127173,0.9785040922341967,203.09129853008312,937.4559314755439,0.9931862251145225,-10843.961386370054,-9021.290025514692,0.968646054454431,-1814.2330358904333,-671.6435279187265,1.0282698582579881,-994.2589370549384,-1.3165314786144282,1.0582102589022586,887.4821520199241,1207.7885571890165,0.990370459499069
cms_pen_1,reach,0.06,0,0,0.12085982818253238,0.108500495157272,7843453.488719415,89358.80486351754,406019.83461970673,590551.0986132874,60.02970656680176,679909.903476805,-121230.83413809273,558679.0693387123,-22.15288636244888,794.8077330022502,0.9994640689022396,175.99006901740154,691.0719070311351,0.9792498011194776,-211.65506812376339,467.19930338396586,0.9767137336451441,203.09129853008312,962.0044694034804,0.9918119927074222,-10843.961386370054,-9014.57815262075,0.968698067412909,-1814.2330358904333,-652.764998816369,1.0266726712241347,-994.2589370549384,3.376719811246387,1.0582009235480683,887.4821520199241,1247.270999743953,0.9912799747645463
cms_pen_1,reach,0.075,0,0,0.12085982818253238,0.10825861820586369,7843453.488719415,111694.16516097594,409225.66944763984,587672.4700330148,75.03421705424702,699366.6351939907,-121230.83413809273,578135.801055898,-22.15288636244888,811.6777042373158,0.9987508862133362,175.99006901740154,722.289007862946,0.9794410187761182,-211.65506812376339,460.87578664641217,0.977022868650191,203.09129853008312,962.2506345768708,0.9887991548630177,-10843.961386370054,-8973.84646155408,0.9686767708439429,-1814.2330358904333,-570.3089555756976,1.0295480504002703,-994.2589370549384,14.61250587181708,1.0562885892573395,887.4821520199241,1252.3065983692713,0.9902046528687733
cms_pen_1,reach,0.1,0,0,0.12085982818253238,0.10796108492287593,7843453.488719415,148893.44787310713,417733.1924433432,591425.2396269077,100.0240546994059,740318.6875000148,-121230.83413809273,619087.8533619221,-22.15288636244888,866.8530737925416,0.9975608655659126,175.99006901740154,742.4419367153478,0.9791402891520188,-211.65506812376339,537.8499565721089,0.9772077016651097,203.09129853008312,1000.9645730758294,0.9863391108894668,-10843.961386370054,-8847.375006472734,0.9710942645382852,-1814.2330358904333,-441.62875437412947,1.031802973863944,-994.2589370549384,104.07077575752842,1.0579732448605028,887.4821520199241,1266.9847212532127,0.9891152726381655
cms_pen_1,reach,0.25,0,0,0.12085982818253238,0.1079464275943064,7843453.488719415,370368.5148138655,487652.6556777538,593275.8684667613,250.07694119613015,963644.3832806268,-121230.83413809273,842413.549142534,-22.15288636244888,1272.3068677929105,0.9910787694440111,175.99006901740154,1002.3476957652308,0.967076280975423,-211.65506812376339,846.5396720240235,0.9752066936465322,203.09129853008312,1239.9361369107007,0.9946709619167942,-10843.961386370054,-8118.213332616747,0.9820237858799825,-1814.2330358904333,227.2776931047977,1.0432866359047466,-994.2589370549384,512.1105971622816,1.0672935616273491,887.4821520199241,1356.5012683827124,0.9591817013129645
cms_pen_1,reach,0.5,0,0,0.12085982818253238,0.10450240085078588,7843453.488719415,655527.8677725024,606095.4137061089,631117.2597731672,500.0330112827256,1286645.1275456697,-121230.83413809273,1165414.293407577,-22.15288636244888,1818.5537044430525,0.9896093877981914,175.99006901740154,1412.8706068491583,0.9598852709736206,-211.65506812376339,1305.2978470129121,0.9681872882419809,203.09129853008312,1756.4596010801333,1.0021370812909103,-10843.961386370054,-7257.164378240044,0.9881305668862255,-1814.2330358904333,1028.1263348620796,1.0500837577167572,-994.2589370549384,1782.554084595953,1.083942940449157,887.4821520199241,1578.5377223010917,0.9468583680907829
cms_pen_1,reach,1.0,0,0,0.12085982818253238,0.09969425558262035,7843453.488719415,787131.11402458,586385.4899388909,662259.1880289166,713.8237445855219,1449390.3020534965,-121230.83413809273,1328159.4679154044,-22.15288636244888,2174.583729238674,0.9941891265881133,175.99006901740154,1767.6563669498096,0.9609778371867822,-211.65506812376339,1705.8861242874016,0.9707893637487612,203.09129853008312,2144.635409735741,0.9918084400867202,-10843.961386370054,-6933.342618286821,0.9757329737007349,-1814.2330358904333,1383.7062640267068,1.0514011079950352,-994.2589370549384,2016.7267410115958,1.0739624441019617,887.4821520199241,1879.8703674160213,0.9405745210652565
cms_pen_1,tilt,0.0,0,0,0.12085982818253238,0.1213379848811953,7843453.488719415,89358.80486351754,0.0,0.0,60.02970656680176,89358.80486351754,-121230.83413809273,-31872.02927457518,-22.15288636244888,103.92695328439646,1.0,175.99006901740154,283.6096657693258,1.0,-211.65506812376339,-93.6219556790561,1.0,203.09129853008312,324.516633755074,1.0,-10843.961386370054,-10614.980616731498,1.0,-1814.2330358904333,-1571.4225813216751,1.0,-994.2589370549384,-873.4123325982384,1.0,887.4821520199241,942.1013408894694,1.0
cms_pen_1,tilt,0.05,0,0,0.12085982818253238,0.11818253581988591,7843453.488719415,89358.80486351754,101500.50188193974,147631.29232916117,60.02970656680176,236990.0971926787,-121230.83413809273,115759.26305458597,-22.15288636244888,276.5701327343372,0.9998660231083346,175.99006901740154,383.87723581776385,0.9948126780493475,-211.65506812376339,44.11429368611399,0.9941786890185101,203.09129853008312,482.9009123366805,0.9979530880544589,-10843.961386370054,-10224.364313439459,0.9921748604463124,-1814.2330358904333,-1337.2045124178014,1.0066678750271334,-994.2589370549384,-644.7940731745878,1.0145495920307797,887.4821520199241,1017.8903765860778,0.9978200894085614
cms_pen_1,tilt,0.1,0,0,0.12085982818253238,0.11499151655411555,7843453.488719415,89358.80486351754,203003.97485889908,295266.90608126344,60.02970656680176,384625.71094478096,-121230.83413809273,263394.87680668826,-22.15288636244888,449.26464057235773,0.9997320422949342,175.99006901740154,485.1989327815289,0.9896252042568211,-211.65506812376339,183.4771476004379,0.9883572076371923,203.09129853008312,641.9409184053359,0.9959061161922698,-10843.961386370054,-9827.525852562241,0.9843494918372728,-1814.2330358904333,-1106.0620902301293,1.0133359452344872,-994.2589370549384,-422.633896196773,1.0290996099532506,887.4821520199241,1094.0135189044627,0.9956401150073739
cms_pen_1,tilt,0.2,0,0,0.12085982818253238,0.108500495157272,7843453.488719415,89358.80486351754,406019.83461970673,590551.0986132874,60.02970656680176,679909.903476805,-121230.83413809273,558679.0693387123,-22.15288636244888,794.8077330022502,0.9994640689022396,175.99006901740154,691.0719070311351,0.9792498011194776,-211.65506812376339,467.19930338396586,0.9767137336451441,203.09129853008312,962.0044694034804,0.9918119927074222,-10843.961386370054,-9014.57815262075,0.968698067412909,-1814.2330358904333,-652.764998816369,1.0266726712241347,-994.2589370549384,3.376719811246387,1.0582009235480683,887.4821520199241,1247.270999743953,0.9912799747645463
cms_pen_1,tilt,0.3,0,0,0.12085982818253238,0.1018602528615895,7843453.488719415,89358.80486351754,609047.5803261593,885852.5791141749,60.02970656680176,975211.3839776925,-121230.83413809273,853980.5498395995,-22.15288636244888,1140.556413889531,0.9991960798205382,175.99006901740154,901.3665959311037,0.968873790534628,-211.65506812376339,757.7848338856381,0.9650695779639944,203.09129853008312,1284.7403409618846,0.9877176295244088,-10843.961386370054,-8174.8791921077345,0.9530457266464412,-1814.2330358904333,-211.068235307293,1.0400101780375093,-994.2589370549384,406.6062213774635,1.0873039409340675,887.4821520199241,1401.891733474273,0.986919579249101
cms_pen_1,tilt,0.5,0,0,0.12085982818253238,0.0881123984486234,7843453.488719415,89358.80486351754,1015138.7337515549,1476507.4100958323,60.02970656680176,1565866.21495935,-121230.83413809273,1444635.3808212571,-22.15288636244888,1832.6712753893996,0.9986600545846039,175.99006901740154,1335.8034389986005,0.9481199468090126,-211.65506812376339,1360.566884171987,0.9417792212949135,203.09129853008312,1938.3640456553399,0.979528183979679,-10843.961386370054,-6409.766030324609,0.9217382957652832,-1814.2330358904333,639.2610473535394,1.066687534409743,-994.2589370549384,1151.660233297485,1.145515087678156,887.4821520199241,1715.2963708937673,0.9781980223106805
cms_pen_1,selection rule,smooth,0,0,0.12085982818253238,0.09992583494574347,7843453.488719415,89358.80486351754,8056236.327279818,4503769.821209272,60.02970656680176,4593128.62607279,-121230.83413809273,4471897.791934697,-22.15288636244888,1764.7545965593254,1.0601105299912117,175.99006901740154,4279.252443623324,0.6946358637207536,-211.65506812376339,375.07226967769407,0.7946750520311437,203.09129853008312,4895.441084114386,0.7945023100540329,-10843.961386370054,10923.05408218729,1.4476880898438305,-1814.2330358904333,2819.2569616584337,1.7640169610211052,-994.2589370549384,9028.96736678351,2.3626901201093764,887.4821520199241,3376.704165651462,0.6326229822374155
cms_pen_1,plausibility,either,0,0,0.12085982818253238,0.108500495157272,7843453.488719415,89358.80486351754,406019.83461970673,590551.0986132874,60.02970656680176,679909.903476805,-121230.83413809273,558679.0693387123,-22.15288636244888,794.8077330022502,0.9994640689022396,175.99006901740154,691.0719070311351,0.9792498011194776,-211.65506812376339,467.19930338396586,0.9767137336451441,203.09129853008312,962.0044694034804,0.9918119927074222,-10843.961386370054,-9014.57815262075,0.968698067412909,-1814.2330358904333,-652.764998816369,1.0266726712241347,-994.2589370549384,3.376719811246387,1.0582009235480683,887.4821520199241,1247.270999743953,0.9912799747645463
cms_pen_1,plausibility,system,0,0,0.12085982818253238,0.10805727798544151,7843453.488719415,55364.87689404558,404139.75024966284,623025.2975028672,60.048596503784566,678390.1743969128,-121230.83413809273,557159.3402588201,-22.15288636244888,818.7748785895017,1.0012533976204048,175.99006901740154,696.2453394519872,0.9838124177002707,-211.65506812376339,436.4637634514873,0.9799076029499701,203.09129853008312,957.8756490353877,0.9915567543814456,-10843.961386370054,-9106.909113705366,0.95969487310777,-1814.2330358904333,-647.1862372118234,1.0258282023558176,-994.2589370549384,195.31599267294933,1.0627681182293098,887.4821520199241,1165.9080684613807,0.9932109141429482
cms_pen_1,plausibility,use,0,0,0.12085982818253238,0.10857698936462845,7843453.488719415,89367.9132120706,405724.1098038149,587206.243803561,60.03582539853618,676574.1570156316,-121230.83413809273,555343.3228775389,-22.15288636244888,797.533213037449,0.9992264638921757,175.99006901740154,697.3115105685317,0.9792334719642184,-211.65506812376339,469.4208076211386,0.9768221129311156,203.09129853008312,962.4180122011159,0.9920853418930355,-10843.961386370054,-9009.612519782011,0.9686657888899662,-1814.2330358904333,-652.122871722652,1.0269665848098974,-994.2589370549384,3.5956397361197032,1.0581548337472104,887.4821520199241,1247.1047563693946,0.9907812498645411
cms_pen_1,plausibility,any,0,0,0.12085982818253238,0.10772788750359219,7843453.488719415,89319.61821029743,415543.0201264434,621154.5524212796,60.003381647866995,710474.170631577,-121230.83413809273,589243.3364934842,-22.15288636244888,857.763996341091,0.9994755181916475,175.99006901740154,742.6124388894207,0.9816102350450506,-211.65506812376339,548.1474140485818,0.9801391094309766,203.09129853008312,987.9832073302313,0.987844156707811,-10843.961386370054,-9026.235503258069,0.9666317313719869,-1814.2330358904333,-671.3689060693583,1.0279983231418235,-994.2589370549384,45.928583520558334,1.0591508788752615,887.4821520199241,1292.528114964903,0.9926894360463608
cms_pen_1,plan cost model,WLS,0,0,0.12085982818253238,0.11739988955517167,7843453.488719415,89358.80486351754,-59799.71735989699,383803.02416704403,60.02970656680176,473161.82903056155,-121230.83413809273,351930.99489246885,-22.15288636244888,483.27704719082834,1.0028064279408935,175.99006901740154,600.5511344406533,1.0046120815100705,-211.65506812376339,354.85481648427736,0.9959964217893245,203.09129853008312,535.5391464828554,1.0243686251168262,-10843.961386370054,-8833.50507456937,0.9276964638203682,-1814.2330358904333,-1046.57831634042,0.9820730214715214,-994.2589370549384,161.36316452257532,1.0092056629813202,887.4821520199241,932.1053867226537,1.0554288984210323
cms_pen_1,share of added codes real,0.0,0,0,0.12085982818253238,,,89358.80486351754,,590551.0986132874,,679909.903476805,,,,,,,,,,,,,,,,,,,,,,,,,,
cms_pen_1,share of added codes real,0.25,0,0,0.12085982818253238,,,6596.135232393458,,581948.3476707403,,588544.4829031338,,,,,,,,,,,,,,,,,,,,,,,,,,
cms_pen_1,share of added codes real,0.5,0,0,0.12085982818253238,,,-58854.80053787076,,575431.5462637279,,516576.7457258572,,,,,,,,,,,,,,,,,,,,,,,,,,
cms_pen_1,share of added codes real,1.0,0,0,0.12085982818253238,,,-209839.68551771255,,566969.6196023518,,357129.93408463924,,,,,,,,,,,,,,,,,,,,,,,,,,
cms_robust_adv,cost per code,0.0,0,0,0.12003700556286756,0.11013189871338802,7037570.98451651,171644.5459268357,317899.83504983777,568217.8598119175,60.25138790309902,739862.4057387534,-927113.3383409972,-187250.93260224396,-800.7818932758244,8.8892173439398,0.9987291808150468,-406.7132003290009,85.79841496258594,0.986284133530201,-842.0117451883395,-117.637144095116,0.9847608125221734,-475.1581712017008,133.21034073640786,0.9992335592330953,-12220.116078954228,-10323.703901678455,0.9492188517593763,-2845.2554506662254,-1683.844166497077,1.0162460575691796,-2557.069518064631,-1433.4754444276364,1.0481339405602075,464.6344383036705,580.6529583483984,1.0169426269133013
cms_robust_adv,cost per code,250.0,0,0,0.12003700556286756,0.11013189871338802,7037570.98451651,156581.69895106094,317899.83504983777,568217.8598119175,60.25138790309902,724799.5587629785,-927113.3383409972,-202313.7795780187,-800.7818932758244,8.8892173439398,0.9987291808150468,-406.7132003290009,85.79841496258594,0.986284133530201,-842.0117451883395,-117.637144095116,0.9847608125221734,-475.1581712017008,133.21034073640786,0.9992335592330953,-12220.116078954228,-10323.703901678455,0.9492188517593763,-2845.2554506662254,-1683.844166497077,1.0162460575691796,-2557.069518064631,-1433.4754444276364,1.0481339405602075,464.6344383036705,580.6529583483984,1.0169426269133013
cms_robust_adv,cost per code,500.0,0,0,0.12003700556286756,0.11013189871338802,7037570.98451651,141518.8519752862,317899.83504983777,568217.8598119175,60.25138790309902,709736.7117872037,-927113.3383409972,-217376.62655379347,-800.7818932758244,8.8892173439398,0.9987291808150468,-406.7132003290009,85.79841496258594,0.986284133530201,-842.0117451883395,-117.637144095116,0.9847608125221734,-475.1581712017008,133.21034073640786,0.9992335592330953,-12220.116078954228,-10323.703901678455,0.9492188517593763,-2845.2554506662254,-1683.844166497077,1.0162460575691796,-2557.069518064631,-1433.4754444276364,1.0481339405602075,464.6344383036705,580.6529583483984,1.0169426269133013
cms_robust_adv,cost per code,1000.0,0,0,0.12003700556286756,0.11013189871338802,7037570.98451651,111393.15802373669,317899.83504983777,568217.8598119175,60.25138790309902,679611.0178356542,-927113.3383409972,-247502.320505343,-800.7818932758244,8.8892173439398,0.9987291808150468,-406.7132003290009,85.79841496258594,0.986284133530201,-842.0117451883395,-117.637144095116,0.9847608125221734,-475.1581712017008,133.21034073640786,0.9992335592330953,-12220.116078954228,-10323.703901678455,0.9492188517593763,-2845.2554506662254,-1683.844166497077,1.0162460575691796,-2557.069518064631,-1433.4754444276364,1.0481339405602075,464.6344383036705,580.6529583483984,1.0169426269133013
cms_robust_adv,cost per code,2000.0,0,0,0.12003700556286756,0.11040158857926996,7037570.98451651,50998.47304908305,316499.8748037388,568025.9367960636,60.08256606875018,619024.4098451467,-927113.3383409972,-308088.92849585065,-800.7818932758244,13.05367170091314,0.9989612437700823,-406.7132003290009,91.84767292510642,0.9866206586778243,-842.0117451883395,-116.3365430733536,0.9862382557533507,-475.1581712017008,144.5913534361406,1.0013365932323757,-12220.116078954228,-10488.833772990507,0.94308792934276,-2845.2554506662254,-1690.3952075493337,1.016018379491922,-2557.069518064631,-1423.4479286243009,1.0484702530869243,464.6344383036705,557.219279249059,1.0161579697804592
cms_robust_adv,cost per code,3000.0,0,0,0.12003700556286756,0.11052151710452085,7037570.98451651,0.0,284323.43885395664,558479.788013645,0.0,558479.788013645,-927113.3383409972,-368633.55032735225,-800.7818932758244,-157.33852868135554,1.0035160240363592,-406.7132003290009,-20.469573233332238,0.9884951453289239,-842.0117451883395,-239.06942879711704,0.9860608623874284,-475.1581712017008,22.463925985089187,1.0115726933667153,-12220.116078954228,-10688.5335998,0.9420543567089135,-2845.2554506662254,-1972.3113329925513,1.0120739568192099,-2557.069518064631,-1704.5192262684707,1.0483796737066586,464.6344383036705,518.9109727424578,1.0281235039380696
cms_robust_adv,codes per person,1,0,0,0.12003700556286756,0.11013189871338802,7037570.98451651,111393.15802373669,317899.83504983777,568217.8598119175,60.25138790309902,679611.0178356542,-927113.3383409972,-247502.320505343,-800.7818932758244,8.8892173439398,0.9987291808150468,-406.7132003290009,85.79841496258594,0.986284133530201,-842.0117451883395,-117.637144095116,0.9847608125221734,-475.1581712017008,133.21034073640786,0.9992335592330953,-12220.116078954228,-10323.703901678455,0.9492188517593763,-2845.2554506662254,-1683.844166497077,1.0162460575691796,-2557.069518064631,-1433.4754444276364,1.0481339405602075,464.6344383036705,580.6529583483984,1.0169426269133013
cms_robust_adv,codes per person,2,0,0,0.12003700556286756,0.11002112922586882,7037570.98451651,219639.73089099134,353121.05031306454,586544.0476061954,120.28217942713793,806183.7784971867,-927113.3383409972,-120929.55984381058,-800.7818932758244,182.00485782137335,0.9982998695865059,-406.7132003290009,260.82488313483935,0.9841440158183278,-842.0117451883395,69.38932731372533,0.9835642441700386,-475.1581712017008,270.28980517165286,0.9972258004988598,-12220.116078954228,-10246.733052643538,0.9484739826395302,-2845.2554506662254,-1265.6742532200403,1.0182963225888597,-2557.069518064631,-1392.0457232159301,1.0463224813977465,464.6344383036705,647.3932694722123,1.0167635892356395
cms_robust_adv,codes per person,3,0,0,0.12003700556286756,0.10644842440687796,7037570.98451651,313912.6428755347,385499.50741493446,619755.4236502368,180.20721021377597,933668.0665257715,-927113.3383409972,6554.728184774233,-800.7818932758244,364.78972560006173,0.9984039067502767,-406.7132003290009,281.74885538880443,0.9791878295154232,-842.0117451883395,238.84141375649205,0.9841399602918771,-475.1581712017008,502.22635820704886,0.9922047057707919,-12220.116078954228,-10243.482829163857,0.9449388220718725,-2845.2554506662254,-929.4718891817924,1.023638262365824,-2557.069518064631,-1293.6994267698412,1.0468706488744473,464.6344383036705,844.882207259027,1.005845515802176
cms_robust_adv,reach,0.02,0,0,0.12003700556286756,0.11113156566409577,7037570.98451651,37427.90421438056,298527.3015753476,559910.3423914415,20.2443598442567,597338.246605822,-927113.3383409972,-329775.09173517535,-800.7818932758244,-102.61721034693865,1.0028826577050007,-406.7132003290009,6.1660950729856205,0.9880934996060332,-842.0117451883395,-196.38043247525874,0.9867874592326745,-475.1581712017008,46.5726805226552,1.0099126923032,-12220.116078954228,-10576.449937080688,0.9419935359165384,-2845.2554506662254,-1847.2702748032466,1.0125576143764747,-2557.069518064631,-1600.0757964428287,1.050282473885926,464.6344383036705,516.5529768274711,1.0264396021805107
cms_robust_adv,reach,0.04,0,0,0.12003700556286756,0.11069393926769366,7037570.98451651,74057.95952755997,306450.07599867386,559584.6407251094,40.0571716070407,633642.6002526693,-927113.3383409972,-293470.738088328,-800.7818932758244,-45.27813572077813,0.9991758056525234,-406.7132003290009,44.4365300906848,0.9863022879371784,-842.0117451883395,-153.76484389370663,0.9859732941776912,-475.1581712017008,106.54923828588097,1.0070543307032158,-12220.116078954228,-10557.37648869006,0.9419867688984285,-2845.2554506662254,-1807.4451843663553,1.0129437759200917,-2557.069518064631,-1574.8348746019344,1.0482018064882652,464.6344383036705,551.0633267690903,1.0207953036733295
cms_robust_adv,reach,0.05,0,0,0.12003700556286756,0.11062835376785407,7037570.98451651,92461.18820053425,314829.1878360309,559532.6267337507,50.0112844907829,651993.814934285,-927113.3383409972,-275119.52340671245,-800.7818932758244,-22.595370514149856,0.9983975566317469,-406.7132003290009,75.23419582226332,0.9866262004322792,-842.0117451883395,-151.23670464564438,0.98490198791474,-475.1581712017008,115.54397459936037,1.0024407913860014,-12220.116078954228,-10525.1661352272,0.9420111168249211,-2845.2554506662254,-1754.0770867623266,1.0149013198076893,-2557.069518064631,-1539.5656784567768,1.048576365426712,464.6344383036705,566.6624529730834,1.0160196311109322
cms_robust_adv,reach,0.06,0,0,0.12003700556286756,0.11013189871338802,7037570.98451651,111393.15802373669,317899.83504983777,568217.8598119175,60.25138790309902,679611.0178356542,-927113.3383409972,-247502.320505343,-800.7818932758244,8.8892173439398,0.9987291808150468,-406.7132003290009,85.79841496258594,0.986284133530201,-842.0117451883395,-117.637144095116,0.9847608125221734,-475.1581712017008,133.21034073640786,0.9992335592330953,-12220.116078954228,-10323.703901678455,0.9492188517593763,-2845.2554506662254,-1683.844166497077,1.0162460575691796,-2557.069518064631,-1433.4754444276364,1.0481339405602075,464.6344383036705,580.6529583483984,1.0169426269133013
cms_robust_adv,reach,0.075,0,0,0.12003700556286756,0.1096279927150472,7037570.98451651,138728.1297466537,326356.10973296483,578228.7332847368,75.03658668745135,716956.8630313905,-927113.3383409972,-210156.47530960696,-800.7818932758244,54.623014503599485,0.9996898418160625,-406.7132003290009,135.85028102108447,0.9867703007159139,-842.0117451883395,-104.5715047670499,0.9829304269773623,-475.1581712017008,147.66859366203377,0.9978919443914278,-12220.116078954228,-10177.697509633093,0.95048984137179,-2845.2554506662254,-1560.0876243371026,1.018230237438766,-2557.069518064631,-1352.1453131027833,1.0486122003551743,464.6344383036705,583.5463267730286,1.016055595900641
cms_robust_adv,reach,0.1,0,0,0.12003700556286756,0.10947898318941685,7037570.98451651,184895.37585742015,335235.9943843373,570866.9486734713,100.00796467141058,755762.3245308915,-927113.3383409972,-171351.01381010583,-800.7818932758244,112.02768418721512,0.9977092104750817,-406.7132003290009,168.08917418189802,0.9842208655894159,-842.0117451883395,-37.748279990867836,0.9833677825979037,-475.1581712017008,181.96983104886326,0.9952595764407578,-12220.116078954228,-10097.384687915737,0.9521232285815006,-2845.2554506662254,-1469.336512102384,1.0190520680826498,-2557.069518064631,-1236.7461255755368,1.0502985119811452,464.6344383036705,601.052562090438,1.0150462453355145
cms_robust_adv,reach,0.25,0,0,0.12003700556286756,0.11005898523966828,7037570.98451651,462710.6415537073,416625.7004524466,569977.2237913429,250.27532072664238,1032687.8653450501,-927113.3383409972,105574.52700405296,-800.7818932758244,528.1231273205657,0.990169161499174,-406.7132003290009,496.69652385723685,0.9720651855532538,-842.0117451883395,378.8368516600635,0.9791744524376518,-475.1581712017008,615.0202927320742,0.9894299456800637,-12220.116078954228,-9665.457812812898,0.9636556270606909,-2845.2554506662254,-781.2645445078235,1.039395670627526,-2557.069518064631,-812.3065254817911,1.0663941934881722,464.6344383036705,924.7931081424721,0.9674348534394425
cms_robust_adv,reach,0.5,0,0,0.12003700556286756,0.1086457852541508,7037570.98451651,886166.211906141,551110.8913168784,584060.4558429153,500.0374355197445,1470226.6677490564,-927113.3383409972,543113.3294080592,-800.7818932758244,1168.0486183654964,0.9877380602186429,-406.7132003290009,986.9116272320014,0.9684487059530249,-842.0117451883395,895.7670595512129,0.9727379786002299,-475.1581712017008,1257.4034564903463,0.9870823995335021,-12220.116078954228,-8455.03589262786,0.9751338239987946,-2845.2554506662254,270.9092275835586,1.0447266698349715,-2557.069518064631,564.8146534142764,1.080953926931862,464.6344383036705,1249.861987015313,0.9560871059000531
cms_robust_adv,reach,1.0,0,0,0.12003700556286756,0.10600400794061249,7037570.98451651,1125289.0189469303,530408.73501165,666900.754574906,713.8237445855219,1792189.7735218364,-927113.3383409972,865076.4351808387,-800.7818932758244,1683.2682544092686,0.9944934921435543,-406.7132003290009,1454.8029379195546,0.9661929602792393,-842.0117451883395,1364.3076021704758,0.9717045469043849,-475.1581712017008,1811.5904415279444,0.997889700418667,-12220.116078954228,-8263.37656297941,0.969172614315028,-2845.2554506662254,762.9189269094521,1.0456389705116367,-2557.069518064631,853.5373052997851,1.066538220345743,464.6344383036705,1918.8129485324885,0.9437635699783302
cms_robust_adv,tilt,0.0,0,0,0.12003700556286756,0.12099526931158244,7037570.98451651,111393.15802373669,0.0,0.0,60.25138790309902,111393.15802373669,-927113.3383409972,-815720.1803172606,-800.7818932758244,-629.7938473486728,1.0,-406.7132003290009,-288.5832098984543,1.0,-842.0117451883395,-723.9454460108927,1.0,-475.1581712017008,-345.6943317871332,1.0,-12220.116078954228,-11984.750608670227,1.0,-2845.2554506662254,-2550.9004388983285,1.0,-2557.069518064631,-2370.7325392264393,1.0,464.6344383036705,535.2106369473493,1.0
cms_robust_adv,tilt,0.05,0,0,0.12003700556286756,0.11835809970742506,7037570.98451651,111393.15802373669,79472.7764670325,142050.5642927679,60.25138790309902,253443.7223165046,-927113.3383409972,-673669.6160244928,-800.7818932758244,-470.2796956417693,0.999682303927588,-406.7132003290009,-195.95647529483796,0.9965711275382229,-842.0117451883395,-574.111559719168,0.996190307743398,-475.1581712017008,-226.0402853970419,0.9998083950696803,-12220.116078954228,-11585.518999571155,0.9873050615385393,-2845.2554506662254,-2331.511883379635,1.0040614028675527,-2557.069518064631,-2128.0665769796015,1.012033154713714,464.6344383036705,546.7146524151314,1.0042355404218253
cms_robust_adv,tilt,0.1,0,0,0.12003700556286756,0.11566934169486742,7037570.98451651,111393.15802373669,158947.0077710489,284103.72897807293,60.25138790309902,395496.8870018096,-927113.3383409972,-531616.4513391877,-800.7818932758244,-310.6612025871036,0.9993646020393983,-406.7132003290009,-102.68843074307274,0.993142192307146,-842.0117451883395,-423.1244914933302,0.9923805457461694,-475.1581712017008,-106.33817715934417,0.9996167866318204,-12220.116078954228,-11175.879284961498,0.9746098906822026,-2845.2554506662254,-2113.887052118563,1.0081228800835724,-2557.069518064631,-1891.099155942325,1.0240665297076204,464.6344383036705,558.122242970302,1.0084711583798978
cms_robust_adv,tilt,0.2,0,0,0.12003700556286756,0.11013189871338802,7037570.98451651,111393.15802373669,317899.83504983777,568217.8598119175,60.25138790309902,679611.0178356542,-927113.3383409972,-247502.320505343,-800.7818932758244,8.8892173439398,0.9987291808150468,-406.7132003290009,85.79841496258594,0.986284133530201,-842.0117451883395,-117.637144095116,0.9847608125221734,-475.1581712017008,133.21034073640786,0.9992335592330953,-12220.116078954228,-10323.703901678455,0.9492188517593763,-2845.2554506662254,-1683.844166497077,1.0162460575691796,-2557.069518064631,-1433.4754444276364,1.0481339405602075,464.6344383036705,580.6529583483984,1.0169426269133013
cms_robust_adv,tilt,0.3,0,0,0.12003700556286756,0.10437217195461779,7037570.98451651,111393.15802373669,476858.48215597717,852342.3930728087,60.25138790309902,963735.5510965454,-927113.3383409972,36622.21275554823,-800.7818932758244,328.85823334328694,0.9980937363256684,-406.7132003290009,276.93192246213437,0.9794258236553752,-842.0117451883395,192.62602390026947,0.9771408003126908,-475.1581712017008,372.95145388811426,0.9988503178030548,-12220.116078954228,-9424.65129644417,0.9238268831804667,-2845.2554506662254,-1260.6063290144607,1.0243695324731548,-2557.069518064631,-996.3803980083932,1.0722022326061549,464.6344383036705,602.8122028739234,1.0254144056172447
cms_robust_adv,tilt,0.5,0,0,0.12003700556286756,0.09213894829548408,7037570.98451651,111393.15802373669,794793.2371288644,1420622.6691610294,60.25138790309902,1532015.827184766,-927113.3383409972,604902.4888437687,-800.7818932758244,970.0553479096927,0.9968227775467194,-406.7132003290009,667.3650790542309,0.9657084505569185,-842.0117451883395,827.9349115679091,0.9618999388759768,-475.1581712017008,853.0123957780166,0.9980837928459442,-12220.116078954228,-7469.54179658903,0.8730401568501629,-2845.2554506662254,-433.90976001959837,1.0406173746015497,-2557.069518064631,-178.48811897416212,1.120341460471718,464.6344383036705,646.0524306568113,1.042358893604893
cms_robust_adv,selection rule,smooth,0,0,0.12003700556286756,0.11809801889474969,7037570.98451651,111393.15802373669,5633731.344560783,3427653.824681563,60.25138790309902,3539046.9827052997,-927113.3383409972,2611933.644364302,-800.7818932758244,697.6484663529283,1.0698568453843569,-406.7132003290009,3017.2957371893153,0.8073423788282964,-842.0117451883395,-1909.268725290627,0.8862689949262721,-475.1581712017008,3088.0369955654755,0.8181413676094311,-12220.116078954228,6986.6306721672245,1.2161014390343048,-2845.2554506662254,1538.395519672999,1.6626691972542353,-2557.069518064631,5796.60845869527,1.8670875968410512,464.6344383036705,2367.8591161863687,0.7663646790272002
cms_robust_adv,plausibility,either,0,0,0.12003700556286756,0.11013189871338802,7037570.98451651,111393.15802373669,317899.83504983777,568217.8598119175,60.25138790309902,679611.0178356542,-927113.3383409972,-247502.320505343,-800.7818932758244,8.8892173439398,0.9987291808150468,-406.7132003290009,85.79841496258594,0.986284133530201,-842.0117451883395,-117.637144095116,0.9847608125221734,-475.1581712017008,133.21034073640786,0.9992335592330953,-12220.116078954228,-10323.703901678455,0.9492188517593763,-2845.2554506662254,-1683.844166497077,1.0162460575691796,-2557.069518064631,-1433.4754444276364,1.0481339405602075,464.6344383036705,580.6529583483984,1.0169426269133013
cms_robust_adv,plausibility,system,0,0,0.12003700556286756,0.10886976829486805,7037570.98451651,101157.32086865553,323840.8212420353,572582.05208419,60.10064946721384,673739.3729528455,-927113.3383409972,-253373.96538815173,-800.7818932758244,-14.468565736148824,0.9994230741969689,-406.7132003290009,85.66537147249085,0.9862155857385019,-842.0117451883395,-104.50427018033925,0.9842476296092327,-475.1581712017008,113.67360373851902,1.0012839172788401,-12220.116078954228,-10412.510221457662,0.9476915452570851,-2845.2554506662254,-1660.5371463692477,1.0136461274604576,-2557.069518064631,-1326.4923279659495,1.0506082225196987,464.6344383036705,615.9323429471474,1.0247804286945537
cms_robust_adv,plausibility,use,0,0,0.12003700556286756,0.11093861249159997,7037570.98451651,110950.70843068097,319010.79254613456,557546.740321445,60.01207157046497,668497.448752126,-927113.3383409972,-258615.88958887118,-800.7818932758244,-23.035010626316744,0.998457462210353,-406.7132003290009,81.55789542536623,0.9857320247896275,-842.0117451883395,-141.5766344441228,0.9864464536051409,-475.1581712017008,132.69097124828136,1.0017697690355527,-12220.116078954228,-10452.583914428398,0.9430377584631652,-2845.2554506662254,-1699.120635502945,1.016402074275983,-2557.069518064631,-1432.3682467205067,1.0496345151309154,464.6344383036705,568.2041562104505,1.0170217759692106
cms_robust_adv,plausibility,any,0,0,0.12003700556286756,0.10941308665114635,7037570.98451651,111530.20073550488,321491.5538241958,573250.8987951672,60.32551286492368,684781.0995306721,-927113.3383409972,-242332.23881032522,-800.7818932758244,56.79722645810849,0.9991233753700656,-406.7132003290009,101.40496297776328,0.985586213734407,-842.0117451883395,-110.75531063409846,0.9856502092563141,-475.1581712017008,201.30757908163542,1.003019829341171,-12220.116078954228,-10559.315136774925,0.9420188128387533,-2845.2554506662254,-1685.4539861093413,1.0139622259879149,-2557.069518064631,-1559.2113992610537,1.0482034417275592,464.6344383036705,631.1236818412204,1.0200738270418148
cms_robust_adv,plan cost model,WLS,0,0,0.12003700556286756,0.11776327741886528,7037570.98451651,111393.15802373669,-131966.88238364132,367194.38904423395,60.25138790309902,478587.5470679706,-927113.3383409972,-448525.79127302667,-800.7818932758244,-249.09998824890556,1.0035155088719705,-406.7132003290009,27.737175813768594,1.014549396162623,-842.0117451883395,-372.19899956078126,1.004607478860603,-475.1581712017008,-184.00177059779654,1.0238370094597853,-12220.116078954228,-10269.856481375149,0.9202380805838842,-2845.2554506662254,-2069.586248510543,0.973878005211562,-2557.069518064631,-1419.7393479439459,0.9889071079367889,464.6344383036705,541.19698020551,1.0702557801247443
cms_robust_adv,share of added codes real,0.0,0,0,0.12003700556286756,,,111393.15802373669,,568217.8598119175,,679611.0178356542,,,,,,,,,,,,,,,,,,,,,,,,,,
cms_robust_adv,share of added codes real,0.25,0,0,0.12003700556286756,,,-73857.36976016859,,563699.7143884565,,489842.34462828794,,,,,,,,,,,,,,,,,,,,,,,,,,
cms_robust_adv,share of added codes real,0.5,0,0,0.12003700556286756,,,-276505.9443558021,,539338.2155090182,,262832.2711532161,,,,,,,,,,,,,,,,,,,,,,,,,,
cms_robust_adv,share of added codes real,1.0,0,0,0.12003700556286756,,,-688863.101442353,,497197.1154632064,,-191665.98597914656,,,,,,,,,,,,,,,,,,,,,,,,,,
cms,cost per code,0.0,0,1,0.1013146842927547,0.0782073824873778,7736062.502615937,769601.0451257696,603374.8122201697,792638.0548037115,60.00476690848686,1562239.099929481,17411.85407910793,1579650.9540085888,687.6481667415403,2028.1322565152645,0.9928486736846869,1128.2294525729535,2335.2360619567344,0.9875751560602619,-521.0249378266996,1032.1406352851254,0.9953780873876316,-43.38674780118107,840.2598649768732,0.9593525761029874,-9491.601173597845,-5279.434830468125,1.0005954519169122,667.150554527626,3514.7721707575843,1.050461632834686,-1193.7114970583928,933.2979817567104,1.0329673619506274,1593.111156436983,2187.0564852929965,0.982357744025436
cms,cost per code,250.0,0,1,0.1013146842927547,0.0782073824873778,7736062.502615937,754599.8533986477,603374.8122201697,792638.0548037115,60.00476690848686,1547237.9082023592,17411.85407910793,1564649.762281467,687.6481667415403,2028.1322565152645,0.9928486736846869,1128.2294525729535,2335.2360619567344,0.9875751560602619,-521.0249378266996,1032.1406352851254,0.9953780873876316,-43.38674780118107,840.2598649768732,0.9593525761029874,-9491.601173597845,-5279.434830468125,1.0005954519169122,667.150554527626,3514.7721707575843,1.050461632834686,-1193.7114970583928,933.2979817567104,1.0329673619506274,1593.111156436983,2187.0564852929965,0.982357744025436
cms,cost per code,500.0,0,1,0.1013146842927547,0.0782073824873778,7736062.502615937,739598.661671526,603374.8122201697,792638.0548037115,60.00476690848686,1532236.7164752376,17411.85407910793,1549648.5705543451,687.6481667415403,2028.1322565152645,0.9928486736846869,1128.2294525729535,2335.2360619567344,0.9875751560602619,-521.0249378266996,1032.1406352851254,0.9953780873876316,-43.38674780118107,840.2598649768732,0.9593525761029874,-9491.601173597845,-5279.434830468125,1.0005954519169122,667.150554527626,3514.7721707575843,1.050461632834686,-1193.7114970583928,933.2979817567104,1.0329673619506274,1593.111156436983,2187.0564852929965,0.982357744025436
cms,cost per code,1000.0,0,1,0.1013146842927547,0.0782073824873778,7736062.502615937,709596.2782172826,603374.8122201697,792638.0548037115,60.00476690848686,1502234.3330209942,17411.85407910793,1519646.187100102,687.6481667415403,2028.1322565152645,0.9928486736846869,1128.2294525729535,2335.2360619567344,0.9875751560602619,-521.0249378266996,1032.1406352851254,0.9953780873876316,-43.38674780118107,840.2598649768732,0.9593525761029874,-9491.601173597845,-5279.434830468125,1.0005954519169122,667.150554527626,3514.7721707575843,1.050461632834686,-1193.7114970583928,933.2979817567104,1.0329673619506274,1593.111156436983,2187.0564852929965,0.982357744025436
cms,cost per code,2000.0,0,1,0.1013146842927547,0.0782073824873778,7736062.502615937,649591.5113087958,603374.8122201697,792638.0548037115,60.00476690848686,1442229.5661125074,17411.85407910793,1459641.4201916151,687.6481667415403,2028.1322565152645,0.9928486736846869,1128.2294525729535,2335.2360619567344,0.9875751560602619,-521.0249378266996,1032.1406352851254,0.9953780873876316,-43.38674780118107,840.2598649768732,0.9593525761029874,-9491.601173597845,-5279.434830468125,1.0005954519169122,667.150554527626,3514.7721707575843,1.050461632834686,-1193.7114970583928,933.2979817567104,1.0329673619506274,1593.111156436983,2187.0564852929965,0.982357744025436
cms,cost per code,3000.0,0,1,0.1013146842927547,0.0782073824873778,7736062.502615937,589586.7444003089,603374.8122201697,792638.0548037115,60.00476690848686,1382224.7992040205,17411.85407910793,1399636.6532831283,687.6481667415403,2028.1322565152645,0.9928486736846869,1128.2294525729535,2335.2360619567344,0.9875751560602619,-521.0249378266996,1032.1406352851254,0.9953780873876316,-43.38674780118107,840.2598649768732,0.9593525761029874,-9491.601173597845,-5279.434830468125,1.0005954519169122,667.150554527626,3514.7721707575843,1.050461632834686,-1193.7114970583928,933.2979817567104,1.0329673619506274,1593.111156436983,2187.0564852929965,0.982357744025436
cms,codes per person,1,0,1,0.1013146842927547,0.0782073824873778,7736062.502615937,709596.2782172826,603374.8122201697,792638.0548037115,60.00476690848686,1502234.3330209942,17411.85407910793,1519646.187100102,687.6481667415403,2028.1322565152645,0.9928486736846869,1128.2294525729535,2335.2360619567344,0.9875751560602619,-521.0249378266996,1032.1406352851254,0.9953780873876316,-43.38674780118107,840.2598649768732,0.9593525761029874,-9491.601173597845,-5279.434830468125,1.0005954519169122,667.150554527626,3514.7721707575843,1.050461632834686,-1193.7114970583928,933.2979817567104,1.0329673619506274,1593.111156436983,2187.0564852929965,0.982357744025436
cms,codes per person,2,0,1,0.1013146842927547,0.028557438756146136,7736062.502615937,1318311.0780566547,729742.3146677302,912353.3234751174,120.02120568418259,2230664.4015317718,17411.85407910793,2248076.25561088,687.6481667415403,2541.704525437691,0.9912231197347924,1128.2294525729535,2720.1146047920915,0.9846949349708133,-521.0249378266996,2008.6350156986646,0.9979290472688574,-43.38674780118107,1393.6132804927402,0.9586982875664055,-9491.601173597845,-5187.800755695628,0.99390523318205,667.150554527626,4606.9715181420615,1.047309858702699,-1193.7114970583928,1500.7895031290632,1.0343892784573308,1593.111156436983,2534.3680281000024,0.9837248879514765
cms,codes per person,3,0,1,0.1013146842927547,-0.0465262853473527,7736062.502615937,1904298.1200475602,852129.3216087638,1049270.8931294712,180.00959759339915,2953569.0131770317,17411.85407910793,2970980.8672561394,687.6481667415403,3164.465990025507,0.992020293651235,1128.2294525729535,3520.215078760051,0.9869726864477618,-521.0249378266996,2334.6691142563063,0.9935112794191332,-43.38674780118107,1801.7964637922723,0.9601661731741719,-9491.601173597845,-4267.35861244365,0.998088244638381,667.150554527626,6406.742243628727,1.052506949027248,-1193.7114970583928,2042.4503147843502,1.032909270659502,1593.111156436983,2606.441380480216,0.9822490299781409
cms,reach,0.02,0,1,0.1013146842927547,0.09059629451470286,7736062.502615937,236736.26099158128,481291.8303004114,700323.8737388524,20.018853812585515,937060.1347304337,17411.85407910793,954471.9888095418,687.6481667415403,1655.8049618827888,0.9976481519156452,1128.2294525729535,1839.9201504034327,0.9890591490292732,-521.0249378266996,542.2441633501566,0.9977224233371846,-43.38674780118107,529.7277888018791,0.9672367227555396,-9491.601173597845,-5999.776666630006,0.995125950867848,667.150554527626,2465.5191587112527,1.0365361625877474,-1193.7114970583928,397.59853995644715,1.029613395493609,1593.111156436983,2002.1309299374966,1.0002964387984372
cms,reach,0.04,0,1,0.1013146842927547,0.08463947372807912,7736062.502615937,473287.23080734373,542636.4920568784,740671.7261562264,40.0220390624171,1213958.95696357,17411.85407910793,1231370.811042678,687.6481667415403,1830.2105448858063,0.9938205492911452,1128.2294525729535,2077.06232470222,0.9893016737293158,-521.0249378266996,744.5461090979219,0.9974020274420085,-43.38674780118107,705.3065499583889,0.9625112046905916,-9491.601173597845,-5465.003766008131,0.9973106286826844,667.150554527626,2896.8205642251396,1.0408925984723405,-1193.7114970583928,689.9494529153341,1.0313064720643836,1593.111156436983,2185.4537152615144,0.9951154894912843
cms,reach,0.05,0,1,0.1013146842927547,0.08229877581729483,7736062.502615937,593043.4875358896,576194.3990202037,767911.6798741624,50.148848477036005,1360955.167410052,17411.85407910793,1378367.0214891601,687.6481667415403,1932.4218665782373,0.9936740874756045,1128.2294525729535,2222.9259137992635,0.9879968104613737,-521.0249378266996,866.8484590032538,0.9976484172778669,-43.38674780118107,801.0693089203966,0.9611025101817748,-9491.601173597845,-5344.115132610083,1.0010001502940504,667.150554527626,3212.8003959490893,1.0455604314136822,-1193.7114970583928,811.5386992620843,1.0323365246771201,1593.111156436983,2184.0389879599647,0.9891621888409728
cms,reach,0.06,0,1,0.1013146842927547,0.0782073824873778,7736062.502615937,709596.2782172826,603374.8122201697,792638.0548037115,60.00476690848686,1502234.3330209942,17411.85407910793,1519646.187100102,687.6481667415403,2028.1322565152645,0.9928486736846869,1128.2294525729535,2335.2360619567344,0.9875751560602619,-521.0249378266996,1032.1406352851254,0.9953780873876316,-43.38674780118107,840.2598649768732,0.9593525761029874,-9491.601173597845,-5279.434830468125,1.0005954519169122,667.150554527626,3514.7721707575843,1.050461632834686,-1193.7114970583928,933.2979817567104,1.0329673619506274,1593.111156436983,2187.0564852929965,0.982357744025436
cms,reach,0.075,0,1,0.1013146842927547,0.07178662850721151,7736062.502615937,889203.554506182,640978.9005186945,825605.329172214,75.19268866007691,1714808.883678396,17411.85407910793,1732220.737757504,687.6481667415403,2237.0095775524796,0.9942431476330558,1128.2294525729535,2397.2027288375148,0.9853294559023268,-521.0249378266996,1343.523019303161,0.9978270848952873,-43.38674780118107,900.2320514812473,0.9533117281038953,-9491.601173597845,-5165.805544354498,1.0008660728139602,667.150554527626,4047.0340848364963,1.057434018009028,-1193.7114970583928,1135.8790250509962,1.032448635895292,1593.111156436983,2225.005339837989,0.981717360891552
cms,reach,0.1,0,1,0.1013146842927547,0.06474312714962394,7736062.502615937,1183203.2821435293,707007.590893178,898500.2585625122,100.0538465742053,2081703.5407060413,17411.85407910793,2099115.39478515,687.6481667415403,2556.868213586606,0.990913438522444,1128.2294525729535,2690.2619867518088,0.9850149968652584,-521.0249378266996,1500.3841294770525,0.9926879757972367,-43.38674780118107,1173.2724416784558,0.9543730323995637,-9491.601173597845,-4680.815516286649,1.0063163902389445,667.150554527626,4533.796887590224,1.0608388229024026,-1193.7114970583928,1349.086734989942,1.0329523111904246,1593.111156436983,2429.930842044752,0.9746577601738711
cms,reach,0.25,0,1,0.1013146842927547,0.026224931156944797,7736062.502615937,2957042.5400256324,1095732.2006193255,1119253.5236614011,250.05295799816173,4076296.0636870335,17411.85407910793,4093707.9177661417,687.6481667415403,4244.590432716681,0.9789586183807774,1128.2294525729535,4313.291071210415,0.9674796730212657,-521.0249378266996,2872.2988750156187,0.9779267353034922,-43.38674780118107,3365.841946465286,0.9655093318902473,-9491.601173597845,-3190.384751995388,1.0046128762251527,667.150554527626,7717.170242009807,1.090764564725959,-1193.7114970583928,2895.6655979023044,1.0315926287386281,1593.111156436983,3235.586743734592,0.9344205029745455
cms,reach,0.5,0,1,0.1013146842927547,-0.035635401953157064,7736062.502615937,5615942.439172909,1786776.4217961766,1419875.5961905841,500.00989824075987,7035818.035363493,17411.85407910793,7053229.889442601,687.6481667415403,7406.518925626963,0.9754063694061489,1128.2294525729535,6533.368176985496,0.9430914538403649,-521.0249378266996,5923.06541489841,0.979740437737231,-43.38674780118107,5921.069890477857,0.9670422418562247,-9491.601173597845,4394.230797955632,1.0724386874931933,667.150554527626,12081.149472037705,1.1068540395188553,-1193.7114970583928,10780.836298622284,1.1118983961965592,1593.111156436983,4741.705492921709,0.8910050142391386
cms,reach,1.0,0,1,0.1013146842927547,-0.05514902286982215,7736062.502615937,6559433.865256818,1468087.6525265302,1294449.8696761075,706.2234912046798,7853883.734932926,17411.85407910793,7871295.589012035,687.6481667415403,8436.40556965575,0.9767948489525073,1128.2294525729535,7734.70351489097,0.9495495055562125,-521.0249378266996,6707.438767178484,0.978682249955229,-43.38674780118107,6967.173693288696,0.96214212782798,-9491.601173597845,4923.564883927023,1.0340424177521688,667.150554527626,13125.229932474545,1.1022521335225977,-1193.7114970583928,11154.00389758647,1.0829175917405918,1593.111156436983,5898.152911620366,0.9009351173189378
cms,tilt,0.0,0,1,0.1013146842927547,0.08802170837782497,7736062.502615937,709596.2782172826,0.0,0.0,60.00476690848686,709596.2782172826,17411.85407910793,727008.1322963907,687.6481667415403,1291.5501492980782,1.0,1128.2294525729535,1675.6600250301522,1.0,-521.0249378266996,177.10211281944876,1.0,-43.38674780118107,316.108439138174,1.0,-9491.601173597845,-8028.724735459058,1.0,667.150554527626,2228.302453758484,1.0,-1193.7114970583928,-434.4032699994268,1.0,1593.111156436983,1730.0917602124434,1.0
cms,tilt,0.05,0,1,0.1013146842927547,0.08577631870660085,7736062.502615937,709596.2782172826,150839.65893143407,198154.20103920295,60.00476690848686,907750.4792564856,17411.85407910793,925162.3333355936,687.6481667415403,1474.7013243857891,0.998212216352983,1128.2294525729535,1839.0082665446341,0.996893872292663,-521.0249378266996,390.114184886411,0.9988445528253073,-43.38674780118107,443.1070812819767,0.9898384164653704,-9491.601173597845,-7341.113786901356,1.0001488589882077,667.150554527626,2561.93141328078,1.0126150699892489,-1193.7114970583928,-84.1020997120947,1.0082416195236985,1593.111156436983,1842.8116053069134,0.9955895542536947
cms,tilt,0.1,0,1,0.1013146842927547,0.08339988718604996,7736062.502615937,709596.2782172826,301682.0138970845,396311.94378958474,60.00476690848686,1105908.2220068674,17411.85407910793,1123320.0760859754,687.6481667415403,1658.513009952625,0.9964244007519963,1128.2294525729535,2003.3805594578096,0.99378768906792,-521.0249378266996,603.6234660275674,0.9976890849987173,-43.38674780118107,572.7426216266916,0.9796766513075712,-9491.601173597845,-6653.695207019714,1.0002977206370482,667.150554527626,2887.3557607104567,1.0252303654540826,-1193.7114970583928,260.5247147560085,1.0164833863540699,1593.111156436983,1956.5366301699826,0.991179029677241
cms,tilt,0.2,0,1,0.1013146842927547,0.0782073824873778,7736062.502615937,709596.2782172826,603374.8122201697,792638.0548037115,60.00476690848686,1502234.3330209942,17411.85407910793,1519646.187100102,687.6481667415403,2028.1322565152645,0.9928486736846869,1128.2294525729535,2335.2360619567344,0.9875751560602619,-521.0249378266996,1032.1406352851254,0.9953780873876316,-43.38674780118107,840.2598649768732,0.9593525761029874,-9491.601173597845,-5279.434830468125,1.0005954519169122,667.150554527626,3514.7721707575843,1.050461632834686,-1193.7114970583928,933.2979817567104,1.0329673619506274,1593.111156436983,2187.0564852929965,0.982357744025436
cms,tilt,0.3,0,1,0.1013146842927547,0.07233653423048192,7736062.502615937,709596.2782172826,905078.395547543,1188978.3338020619,60.00476690848686,1898574.6120193445,17411.85407910793,1915986.4660984522,687.6481667415403,2400.4368374968312,0.9892728187912178,1128.2294525729535,2671.3052879428365,0.9813624009651177,-521.0249378266996,1462.6676619396064,0.9930670071623122,-43.38674780118107,1119.367441153575,0.939027774347291,-9491.601173597845,-3905.942960622637,1.0008931938401633,667.150554527626,4112.776313774547,1.075693802190174,-1193.7114970583928,1584.9593662798197,1.049451926821269,1593.111156436983,2421.76232129134,0.9735361430276758
cms,tilt,0.5,0,1,0.1013146842927547,0.057974258805308154,7736062.502615937,709596.2782172826,1508517.919528513,1981701.3987904305,60.00476690848686,2691297.6770077134,17411.85407910793,2708709.5310868206,687.6481667415403,3153.2199153004963,0.9821207254983835,1128.2294525729535,3356.4100605881176,0.9689362244647346,-521.0249378266996,2329.8081145085553,0.9884445988512546,-43.38674780118107,1715.5029868216795,0.8983759910267176,-9491.601173597845,-1161.2621639293168,1.0014887096191083,667.150554527626,5228.45014660909,1.1261608470192748,-1193.7114970583928,2828.800539954314,1.0824228245112038,1593.111156436983,2904.196447095477,0.95589199492665
cms,selection rule,smooth,0,1,0.1013146842927547,-0.7466692941880231,7736062.502615937,709596.2782172826,23477591.803401724,18116661.421098743,60.00476690848686,18826257.699316025,17411.85407910793,18843669.553395137,687.6481667415403,24786.58977730388,1.3449820086310669,1128.2294525729535,29027.23758704822,0.8615729064725686,-521.0249378266996,13698.858613721062,0.7265924961430111,-43.38674780118107,8973.642349129657,0.33513292073493967,-9491.601173597845,19203.633643984485,3.8530188213148584,667.150554527626,21329.45986582224,2.095006920698029,-1193.7114970583928,22204.08330738165,1.976750859907462,1593.111156436983,7379.04865236226,0.2513544751202846
cms,plausibility,either,0,1,0.1013146842927547,0.0782073824873778,7736062.502615937,709596.2782172826,603374.8122201697,792638.0548037115,60.00476690848686,1502234.3330209942,17411.85407910793,1519646.187100102,687.6481667415403,2028.1322565152645,0.9928486736846869,1128.2294525729535,2335.2360619567344,0.9875751560602619,-521.0249378266996,1032.1406352851254,0.9953780873876316,-43.38674780118107,840.2598649768732,0.9593525761029874,-9491.601173597845,-5279.434830468125,1.0005954519169122,667.150554527626,3514.7721707575843,1.050461632834686,-1193.7114970583928,933.2979817567104,1.0329673619506274,1593.111156436983,2187.0564852929965,0.982357744025436
cms,plausibility,system,0,1,0.1013146842927547,0.07673805565315917,7736062.502615937,653999.7187255588,604002.291217975,729518.4897305943,60.04122416147132,1383518.2084561533,17411.85407910793,1400930.0625352613,687.6481667415403,2206.2286086745894,0.9955117378653734,1128.2294525729535,2160.3377047438003,0.9871321595165565,-521.0249378266996,651.4600578735714,0.9995496007274723,-43.38674780118107,1044.2788441751668,0.9695037221768947,-9491.601173597845,-3832.6586585438918,1.0138314646521291,667.150554527626,3034.8986996530166,1.0394359541849432,-1193.7114970583928,3024.357261104717,1.0491832254299613,1593.111156436983,2168.0748616161113,0.9895281988496781
cms,plausibility,use,0,1,0.1013146842927547,0.08188632581482413,7736062.502615937,709847.9243573493,596786.0011526077,776896.3085894242,60.02604656910747,1486744.2329467735,17411.85407910793,1504156.087025881,687.6481667415403,1973.29156158658,0.9919300089613443,1128.2294525729535,2314.918469522703,0.9869774076796819,-521.0249378266996,1037.3697963176362,0.9933578374328386,-43.38674780118107,892.1831827745157,0.9637947375230483,-9491.601173597845,-5122.103493953483,0.9986359975200453,667.150554527626,3350.3650881325916,1.0477228414117608,-1193.7114970583928,831.6122856786259,1.03278956189073,1593.111156436983,2229.7597490352564,0.9820891306257804
cms,plausibility,any,0,1,0.1013146842927547,0.07355013540705291,7736062.502615937,709734.096679208,595751.3618691479,786728.5344493306,60.0164210912065,1496462.6311285386,17411.85407910793,1513874.4852076466,687.6481667415403,2153.4902758459752,0.9939901024350802,1128.2294525729535,2406.8658889739304,0.9890511429018318,-521.0249378266996,947.896021696885,0.997658050052529,-43.38674780118107,1118.7858881859406,0.9643468167409702,-9491.601173597845,-5380.686916655658,0.9973108988925313,667.150554527626,3340.498139631437,1.042127446534758,-1193.7114970583928,777.497663495951,1.0313131592408105,1593.111156436983,2366.127467236257,0.9939777596386105
cms,plan cost model,WLS,0,1,0.1013146842927547,0.08706209643876706,7736062.502615937,709596.2782172826,233209.50766250704,552275.0002450221,60.00476690848686,1261871.2784623047,17411.85407910793,1279283.132541413,687.6481667415403,1821.7645217482518,1.01168841131257,1128.2294525729535,2078.9051899825613,1.015650968183262,-521.0249378266996,779.9335950619824,1.0021067076640808,-43.38674780118107,630.5823463615122,0.9825476204049803,-9491.601173597845,-5659.324410995962,1.0012223938739853,667.150554527626,3219.406115860839,1.0162128805411343,-1193.7114970583928,551.1506239568702,1.0072645315798294,1593.111156436983,1893.704994919398,1.0358683190866742
cms,share of added codes real,0.0,0,1,0.1013146842927547,,,709596.2782172826,,792638.0548037115,,1502234.333020994,,,,,,,,,,,,,,,,,,,,,,,,,,
cms,share of added codes real,0.25,0,1,0.1013146842927547,,,450883.10876270157,,746216.0052159174,,1197099.113978619,,,,,,,,,,,,,,,,,,,,,,,,,,
cms,share of added codes real,0.5,0,1,0.1013146842927547,,,160704.32602291298,,697507.1476984984,,858211.4737214114,,,,,,,,,,,,,,,,,,,,,,,,,,
cms,share of added codes real,1.0,0,1,0.1013146842927547,,,-360049.837356866,,609006.9696413408,,248957.1322844748,,,,,,,,,,,,,,,,,,,,,,,,,,
cms_pen_1,cost per code,0.0,0,1,0.09917329464997271,0.09394806483006812,7747623.230547092,157058.10690001637,373193.6051913433,697052.3637570553,60.48095378843582,854110.4706570717,28972.58201026313,883083.0526673349,295.38558652251595,1165.9496448823938,0.9785407725988943,1017.7399494863639,1708.5702865553892,0.979052956728859,-891.8177742491753,83.36022186202007,0.9839677830513247,437.40018917434537,1069.0637611534187,0.9723431657810133,-12333.509535704807,-9672.121148853503,0.940855642474089,161.262791947491,1540.8132153486652,1.0216235444748536,-1020.8315347041242,409.14704155930474,1.0514856950451363,1619.5204460412226,2096.733189057535,0.981485987235297
cms_pen_1,cost per code,250.0,0,1,0.09917329464997271,0.09394806483006812,7747623.230547092,141937.86845290742,373193.6051913433,697052.3637570553,60.48095378843582,838990.2322099627,28972.58201026313,867962.8142202259,295.38558652251595,1165.9496448823938,0.9785407725988943,1017.7399494863639,1708.5702865553892,0.979052956728859,-891.8177742491753,83.36022186202007,0.9839677830513247,437.40018917434537,1069.0637611534187,0.9723431657810133,-12333.509535704807,-9672.121148853503,0.940855642474089,161.262791947491,1540.8132153486652,1.0216235444748536,-1020.8315347041242,409.14704155930474,1.0514856950451363,1619.5204460412226,2096.733189057535,0.981485987235297
cms_pen_1,cost per code,500.0,0,1,0.09917329464997271,0.09394806483006812,7747623.230547092,126817.63000579846,373193.6051913433,697052.3637570553,60.48095378843582,823869.9937628538,28972.58201026313,852842.575773117,295.38558652251595,1165.9496448823938,0.9785407725988943,1017.7399494863639,1708.5702865553892,0.979052956728859,-891.8177742491753,83.36022186202007,0.9839677830513247,437.40018917434537,1069.0637611534187,0.9723431657810133,-12333.509535704807,-9672.121148853503,0.940855642474089,161.262791947491,1540.8132153486652,1.0216235444748536,-1020.8315347041242,409.14704155930474,1.0514856950451363,1619.5204460412226,2096.733189057535,0.981485987235297
cms_pen_1,cost per code,1000.0,0,1,0.09917329464997271,0.09394806483006812,7747623.230547092,96577.15311158056,373193.6051913433,697052.3637570553,60.48095378843582,793629.5168686359,28972.58201026313,822602.0988788991,295.38558652251595,1165.9496448823938,0.9785407725988943,1017.7399494863639,1708.5702865553892,0.979052956728859,-891.8177742491753,83.36022186202007,0.9839677830513247,437.40018917434537,1069.0637611534187,0.9723431657810133,-12333.509535704807,-9672.121148853503,0.940855642474089,161.262791947491,1540.8132153486652,1.0216235444748536,-1020.8315347041242,409.14704155930474,1.0514856950451363,1619.5204460412226,2096.733189057535,0.981485987235297
cms_pen_1,cost per code,2000.0,0,1,0.09917329464997271,0.09394806483006812,7747623.230547092,36096.19932314473,373193.6051913433,697052.3637570553,60.48095378843582,733148.5630802,28972.58201026313,762121.1450904632,295.38558652251595,1165.9496448823938,0.9785407725988943,1017.7399494863639,1708.5702865553892,0.979052956728859,-891.8177742491753,83.36022186202007,0.9839677830513247,437.40018917434537,1069.0637611534187,0.9723431657810133,-12333.509535704807,-9672.121148853503,0.940855642474089,161.262791947491,1540.8132153486652,1.0216235444748536,-1020.8315347041242,409.14704155930474,1.0514856950451363,1619.5204460412226,2096.733189057535,0.981485987235297
cms_pen_1,cost per code,3000.0,0,1,0.09917329464997271,0.09400225196526646,7747623.230547092,0.0,339634.5693431188,661726.6223138947,0.0,661726.6223138947,28972.58201026313,690699.2043241577,295.38558652251595,1038.522954174391,0.9808907756401766,1017.7399494863639,1604.905671525691,0.9799002407697035,-891.8177742491753,-73.99222169348967,0.984881828008865,437.40018917434537,950.6217486614449,0.9802863955663697,-12333.509535704807,-10056.3416198894,0.9323255433695177,161.262791947491,1192.417961204927,1.0140484333789928,-1020.8315347041242,245.8139740709123,1.0517944001149455,1619.5204460412226,2035.7162292892679,0.9834879905454371
cms_pen_1,codes per person,1,0,1,0.09917329464997271,0.09394806483006812,7747623.230547092,96577.15311158056,373193.6051913433,697052.3637570553,60.48095378843582,793629.5168686359,28972.58201026313,822602.0988788991,295.38558652251595,1165.9496448823938,0.9785407725988943,1017.7399494863639,1708.5702865553892,0.979052956728859,-891.8177742491753,83.36022186202007,0.9839677830513247,437.40018917434537,1069.0637611534187,0.9723431657810133,-12333.509535704807,-9672.121148853503,0.940855642474089,161.262791947491,1540.8132153486652,1.0216235444748536,-1020.8315347041242,409.14704155930474,1.0514856950451363,1619.5204460412226,2096.733189057535,0.981485987235297
cms_pen_1,codes per person,2,0,1,0.09917329464997271,0.0910027248787868,7747623.230547092,178500.9967678065,397880.76252826216,692867.8269755448,120.16890385707714,871368.8237433513,28972.58201026313,900341.4057536145,295.38558652251595,1203.164381362679,0.9794540366351036,1017.7399494863639,1770.1950388257485,0.9772952959177704,-891.8177742491753,221.69110646643404,0.9828625373547826,437.40018917434537,1043.7088723304926,0.9682068711940217,-12333.509535704807,-9359.89936041677,0.9513744287190661,161.262791947491,1914.0903656914045,1.028864491562587,-1020.8315347041242,514.6128540180116,1.049971829304151,1619.5204460412226,2202.0530214873897,0.9806987922285233
cms_pen_1,codes per person,3,0,1,0.09917329464997271,0.08864513733002966,7747623.230547092,256240.80959543836,425206.6707362305,719638.7852092306,181.78924745691924,975879.5948046689,28972.58201026313,1004852.1768149321,295.38558652251595,1372.5136527871468,0.9786502679788279,1017.7399494863639,1935.9006240165465,0.9749315785241828,-891.8177742491753,415.06052586029233,0.983716093699045,437.40018917434537,1174.389759286214,0.971543946245773,-12333.509535704807,-9371.224536768868,0.9424811025138187,161.262791947491,2147.670722204839,1.0321210531460405,-1020.8315347041242,440.83393184544065,1.0473819313909276,1619.5204460412226,2229.5181917888826,0.9736039044373178
cms_pen_1,reach,0.02,0,1,0.09917329464997271,0.0936298236981622,7747623.230547092,31984.558942927604,358572.88266981696,679603.3325712982,20.030168306325276,711587.8915142257,28972.58201026313,740560.4735244887,295.38558652251595,1095.4038540168892,0.9806160672249246,1017.7399494863639,1630.1376982047902,0.978733041230953,-891.8177742491753,-44.68570938403056,0.9844217589752834,437.40018917434537,995.4176146633754,0.9795033501123159,-12333.509535704807,-9809.3651847826,0.9380526963627879,161.262791947491,1310.4853451274992,1.0161253630787999,-1020.8315347041242,328.0866933808879,1.0524070427844043,1619.5204460412226,2041.947191053194,0.9825288572296826
cms_pen_1,reach,0.04,0,1,0.09917329464997271,0.09357178442154579,7747623.230547092,64203.759718912035,368111.7949288214,687082.6449624433,40.20727987412307,751286.4046813553,28972.58201026313,780258.9866916185,295.38558652251595,1120.3189009658297,0.979097291008191,1017.7399494863639,1680.1719892358005,0.9797229207692418,-891.8177742491753,13.646286339237305,0.9834403795944321,437.40018917434537,1051.73404384983,0.9739464419093823,-12333.509535704807,-9711.121712179656,0.9414470361001755,161.262791947491,1409.3001587678918,1.0176445404085388,-1020.8315347041242,355.032908970418,1.0522384593201985,1619.5204460412226,2092.2878036611996,0.9820318277237186
cms_pen_1,reach,0.05,0,1,0.09917329464997271,0.09383899190943723,7747623.230547092,80126.5180559874,370048.0381186254,697775.3343856112,50.178826768412414,777901.8524415987,28972.58201026313,806874.4344518618,295.38558652251595,1149.4483665746577,0.978703333312534,1017.7399494863639,1692.8992622646695,0.9789262557155687,-891.8177742491753,46.25584015257551,0.9837428751349906,437.40018917434537,1063.3512100068883,0.9737923927143041,-12333.509535704807,-9694.219331131391,0.941448661956723,161.262791947491,1482.9937925379452,1.0194059847166566,-1020.8315347041242,376.3881158342965,1.0517869924159537,1619.5204460412226,2092.573098636031,0.9809189865543193
cms_pen_1,reach,0.06,0,1,0.09917329464997271,0.09394806483006812,7747623.230547092,96577.15311158056,373193.6051913433,697052.3637570553,60.48095378843582,793629.5168686359,28972.58201026313,822602.0988788991,295.38558652251595,1165.9496448823938,0.9785407725988943,1017.7399494863639,1708.5702865553892,0.979052956728859,-891.8177742491753,83.36022186202007,0.9839677830513247,437.40018917434537,1069.0637611534187,0.9723431657810133,-12333.509535704807,-9672.121148853503,0.940855642474089,161.262791947491,1540.8132153486652,1.0216235444748536,-1020.8315347041242,409.14704155930474,1.0514856950451363,1619.5204460412226,2096.733189057535,0.981485987235297
cms_pen_1,reach,0.075,0,1,0.09917329464997271,0.09377097236515763,7747623.230547092,119853.88075168656,380906.8197518294,689906.6516037708,75.05788677299746,809760.5323554574,28972.58201026313,838733.1143657204,295.38558652251595,1144.7121871027023,0.9786802699896787,1017.7399494863639,1729.439208912312,0.9768762139945684,-891.8177742491753,130.08092733172722,0.9866397102164294,437.40018917434537,1067.3876520791205,0.9696913349356014,-12333.509535704807,-9654.618358047395,0.9408134257950461,161.262791947491,1627.1295765934417,1.0241287535210333,-1020.8315347041242,431.88328312467445,1.0511736359459292,1619.5204460412226,2124.5103411671457,0.9802002394633388
cms_pen_1,reach,0.1,0,1,0.09917329464997271,0.09292433996275862,7747623.230547092,159740.30889869473,390166.63696211897,691853.8005381016,100.0365607121416,851594.1094367963,28972.58201026313,880566.6914470594,295.38558652251595,1203.386610190346,0.9805319821421922,1017.7399494863639,1751.7473431290573,0.977564651539799,-891.8177742491753,160.52539498788053,0.9830490256027148,437.40018917434537,1164.6636359106576,0.9707168618233561,-12333.509535704807,-9507.037185819861,0.9419167199311501,161.262791947491,1784.913551164539,1.027045510302948,-1020.8315347041242,474.0489783489717,1.0527805580059508,1619.5204460412226,2127.896967885833,0.9779630567260538
cms_pen_1,reach,0.25,0,1,0.09917329464997271,0.09155804519124766,7747623.230547092,397523.15405646,431151.08651042153,695569.3570195221,250.09302103427493,1093092.5110759821,28972.58201026313,1122065.0930862455,295.38558652251595,1533.0755198934414,0.9751046134594761,1017.7399494863639,2019.4407847828022,0.9678501860063106,-891.8177742491753,461.1912262484078,0.9816806741630861,437.40018917434537,1427.509541729336,0.9614844475305122,-12333.509535704807,-9003.281606423661,0.942626135649133,161.262791947491,2400.6785971680156,1.0366290043268755,-1020.8315347041242,866.5946510822217,1.0491822494556224,1619.5204460412226,2277.4435020916094,0.9628972403355927
cms_pen_1,reach,0.5,0,1,0.09917329464997271,0.088683518547503,7747623.230547092,687346.350956641,554615.5332866338,742909.0941361572,500.14770123575914,1430255.4450927982,28972.58201026313,1459228.0271030613,295.38558652251595,2061.6581831613958,0.9734975726809804,1017.7399494863639,2434.193417919143,0.9586336992948036,-891.8177742491753,959.7922969260502,0.9735931778729472,437.40018917434537,1822.502257114697,0.9689226278800814,-12333.509535704807,-7668.128384701911,0.9637677924047089,161.262791947491,3112.479420451116,1.0440096861869406,-1020.8315347041242,2227.669238712734,1.064673612850176,1619.5204460412226,2519.0560321424937,0.9420249360115438
cms_pen_1,reach,1.0,0,1,0.09917329464997271,0.08513906632645063,7747623.230547092,802094.8342365806,539175.777523478,745465.6237256738,706.5476913819751,1547560.4579622545,28972.58201026313,1576533.0399725174,295.38558652251595,2402.6489912110233,0.9747016464773429,1017.7399494863639,2853.011420299228,0.9653607196128438,-891.8177742491753,1252.2960235207527,0.9770544703648386,437.40018917434537,2243.0629234928897,0.9748924928189197,-12333.509535704807,-7605.8135069579475,0.9603142242849354,161.262791947491,3425.7459920439087,1.0446533983058728,-1020.8315347041242,2347.779338268832,1.0549552442942645,1619.5204460412226,2932.286357399413,0.9425763607663952
cms_pen_1,tilt,0.0,0,1,0.09917329464997271,0.09918294182856358,7747623.230547092,96577.15311158056,0.0,0.0,60.48095378843582,96577.15311158056,28972.58201026313,125549.73512184367,295.38558652251595,413.92625348491026,1.0,1017.7399494863639,1115.224175076349,1.0,-891.8177742491753,-751.5690201670137,1.0,437.40018917434537,530.7599999596649,1.0,-12333.509535704807,-12071.551374460365,1.0,161.262791947491,492.1488987295233,1.0,-1020.8315347041242,-873.1522318955709,1.0,1619.5204460412226,1666.126652245139,1.0
cms_pen_1,tilt,0.05,0,1,0.09917329464997271,0.09801407818254726,7747623.230547092,96577.15311158056,93286.58953326607,174241.02888273817,60.48095378843582,270818.18199431873,28972.58201026313,299790.7640045817,295.38558652251595,598.8663924601981,0.9946358723450213,1017.7399494863639,1261.1994457541905,0.9947639021666282,-891.8177742491753,-545.3828528917586,0.9959924531905293,437.40018917434537,662.5082489533953,0.9930866667979118,-12333.509535704807,-11498.77541507396,0.9852157825670684,161.262791947491,758.510292240976,1.0054052017226975,-1020.8315347041242,-540.3975553872706,1.012869794213242,1619.5204460412226,1772.263036531512,0.9953720827866034
cms_pen_1,tilt,0.1,0,1,0.09917329464997271,0.09675759420294117,7747623.230547092,96577.15311158056,186581.05291159987,348496.7645617294,60.48095378843582,445073.91767331,28972.58201026313,474046.499683573,295.38558652251595,785.8279977724667,0.9892712919313961,1017.7399494863639,1408.7320934157879,0.9895273623809538,-891.8177742491753,-337.5131167853628,0.9919845681244798,437.40018917434537,796.1150325326365,0.9861727500766411,-12333.509535704807,-10908.496757980884,0.9704303172737738,161.262791947491,1022.0451298112877,1.0108108596708951,-1020.8315347041242,-215.96588289843496,1.0257406747001512,1619.5204460412226,1879.400063682599,0.9907437749543273
cms_pen_1,tilt,0.2,0,1,0.09917329464997271,0.09394806483006812,7747623.230547092,96577.15311158056,373193.6051913433,697052.3637570553,60.48095378843582,793629.5168686359,28972.58201026313,822602.0988788991,295.38558652251595,1165.9496448823938,0.9785407725988943,1017.7399494863639,1708.5702865553892,0.979052956728859,-891.8177742491753,83.36022186202007,0.9839677830513247,437.40018917434537,1069.0637611534187,0.9723431657810133,-12333.509535704807,-9672.121148853503,0.940855642474089,161.262791947491,1540.8132153486652,1.0216235444748536,-1020.8315347041242,409.14704155930474,1.0514856950451363,1619.5204460412226,2096.733189057535,0.981485987235297
cms_pen_1,tilt,0.3,0,1,0.09917329464997271,0.09067538843743594,7747623.230547092,96577.15311158056,559837.6648166815,1045666.8124862874,60.48095378843582,1142243.965597868,28972.58201026313,1171216.547608131,295.38558652251595,1554.5667588853892,0.9678084415437784,1017.7399494863639,2014.9457807155877,0.9685767825959477,-891.8177742491753,511.2207671453615,0.9759496444378276,437.40018917434537,1349.9368821435542,0.9585112465219199,-12333.509535704807,-8355.265461461542,0.911275974336666,161.262791947491,2048.80005955388,1.0324380548741046,-1020.8315347041242,1004.4785854246044,1.077235062135522,1619.5204460412226,2318.2430587614467,0.9722266364471512
cms_pen_1,tilt,0.5,0,1,0.09917329464997271,0.08229910027665688,7747623.230547092,96577.15311158056,933220.3380274079,1743072.3181728658,60.48095378843582,1839649.4712844463,28972.58201026313,1868622.0532947097,295.38558652251595,2358.452638485183,0.946338342430066,1017.7399494863639,2648.1829204710098,0.9476191270958506,-891.8177742491753,1388.611223825418,0.9599093052183986,437.40018917434537,1936.877966773509,0.9308404007475486,-12333.509535704807,-5446.492943292074,0.8521016529893504,161.262791947491,3033.747013627871,1.0540725543081775,-1020.8315347041242,2113.923398008437,1.1287468409566217,1619.5204460412226,2774.2840845256715,0.9537032440798087
cms_pen_1,selection rule,smooth,0,1,0.09917329464997271,-0.08869253168111935,7747623.230547092,96577.15311158056,7107097.010186056,6053904.778426555,60.48095378843582,6150481.931538136,28972.58201026313,6179454.513548399,295.38558652251595,9643.977011735666,1.0984371781577262,1017.7399494863639,7025.178446532836,0.7859875516841598,-891.8177742491753,4526.827498522203,0.8731246529197795,437.40018917434537,3942.4226040944354,0.7285635574905287,-12333.509535704807,5794.815557339262,1.3204267885056784,161.262791947491,8565.760965569007,1.4978382614266774,-1020.8315347041242,10323.705340608116,2.1066506693821805,1619.5204460412226,3934.084727788012,0.688336397215286
cms_pen_1,plausibility,either,0,1,0.09917329464997271,0.09394806483006812,7747623.230547092,96577.15311158056,373193.6051913433,697052.3637570553,60.48095378843582,793629.5168686359,28972.58201026313,822602.0988788991,295.38558652251595,1165.9496448823938,0.9785407725988943,1017.7399494863639,1708.5702865553892,0.979052956728859,-891.8177742491753,83.36022186202007,0.9839677830513247,437.40018917434537,1069.0637611534187,0.9723431657810133,-12333.509535704807,-9672.121148853503,0.940855642474089,161.262791947491,1540.8132153486652,1.0216235444748536,-1020.8315347041242,409.14704155930474,1.0514856950451363,1619.5204460412226,2096.733189057535,0.981485987235297
cms_pen_1,plausibility,system,0,1,0.09917329464997271,0.09301109102915384,7747623.230547092,58950.19438018527,369268.00529730396,682916.6063584943,60.0342366486771,741866.8007386796,28972.58201026313,770839.3827489426,295.38558652251595,1151.3293704537853,0.9799246985634078,1017.7399494863639,1666.019370699814,0.9782271715371118,-891.8177742491753,16.920659845223952,0.9828323541539977,437.40018917434537,1014.9467840405293,0.9781064417553974,-12333.509535704807,-9660.231838815153,0.9376029453327368,161.262791947491,1390.7853460851338,1.0159530988165846,-1020.8315347041242,614.7771802984681,1.0546064973171212,1619.5204460412226,2077.001988015876,0.9825923237664361
cms_pen_1,plausibility,use,0,1,0.09917329464997271,0.09384534409250944,7747623.230547092,96050.7168530279,374138.7827185738,689745.6613792474,60.151275743471125,785796.3782322753,28972.58201026313,814768.9602425381,295.38558652251595,1118.5314283703767,0.9789211055218111,1017.7399494863639,1707.4791198253051,0.9781778067260624,-891.8177742491753,63.685811535287705,0.9837121436221214,437.40018917434537,1083.435927755802,0.9717494680160121,-12333.509535704807,-9643.571603568338,0.9418553053819267,161.262791947491,1546.0085342427033,1.021434022217942,-1020.8315347041242,418.69168906269897,1.0517139658082126,1619.5204460412226,2080.0385954184876,0.9803418842497361
cms_pen_1,plausibility,any,0,1,0.09917329464997271,0.09287279897076117,7747623.230547092,95912.36307022074,380906.9603143582,699967.4567800622,60.06463238658166,795879.819850283,28972.58201026313,824852.4018605461,295.38558652251595,1194.6451809796015,0.9798899544594495,1017.7399494863639,1745.8640072453345,0.9789648926312299,-891.8177742491753,49.78200253132095,0.9840553213108771,437.40018917434537,1084.6253321752406,0.9763672195167074,-12333.509535704807,-9771.788025265667,0.938061879481877,161.262791947491,1487.7363859861503,1.016938395432645,-1020.8315347041242,425.9664156878509,1.053268284558326,1619.5204460412226,2133.5624340227914,0.9836713619011089
cms_pen_1,plan cost model,WLS,0,1,0.09917329464997271,0.10017656388949936,7747623.230547092,96577.15311158056,-2022.5764916496078,497976.939250202,60.48095378843582,594554.0923617826,28972.58201026313,623526.6743720457,295.38558652251595,1019.2263540028135,0.9981343923397987,1017.7399494863639,1461.6984475682468,1.0114823223850427,-891.8177742491753,-90.98454560806948,0.9903616830272461,437.40018917434537,827.5494644277672,1.0086242395355363,-12333.509535704807,-10507.02021450502,0.8993585239014834,161.262791947491,1235.285364210845,0.98287887355079,-1020.8315347041242,365.4307349929918,1.012127431177659,1619.5204460412226,1816.7961290398218,1.041205561503894
cms_pen_1,share of added codes real,0.0,0,1,0.09917329464997271,,,96577.15311158056,,697052.3637570553,,793629.5168686358,,,,,,,,,,,,,,,,,,,,,,,,,,
cms_pen_1,share of added codes real,0.25,0,1,0.09917329464997271,,,-167.73003525451654,,690676.45463284,,690508.7245975855,,,,,,,,,,,,,,,,,,,,,,,,,,
cms_pen_1,share of added codes real,0.5,0,1,0.09917329464997271,,,-95859.60873605593,,683315.079076388,,587455.4703403321,,,,,,,,,,,,,,,,,,,,,,,,,,
cms_pen_1,share of added codes real,1.0,0,1,0.09917329464997271,,,-256719.339627379,,667901.1440139486,,411181.80438656965,,,,,,,,,,,,,,,,,,,,,,,,,,
cms_robust_adv,cost per code,0.0,0,1,0.09760815551163371,0.09360097291944292,6968472.654027331,185940.998555583,272475.42101733043,629270.3309142785,60.21766274055449,815211.3294698616,-750177.994509498,65033.33496036365,-465.06263536707297,275.787152084691,0.9800124621201753,481.7919334067591,1090.106676749653,0.9840608227109799,-1531.4646662665825,-593.832986261852,0.9861630831066803,-142.20066802478004,605.725440023296,0.992284217622995,-13927.444175663068,-11257.282090688459,0.9346247305643552,-765.1271046550145,708.86652247027,1.017548887501127,-2963.8266573440255,-1579.8890769809973,1.0259551752503506,1276.3145047120624,1545.7879768183623,1.0008076796732186
cms_robust_adv,cost per code,250.0,0,1,0.09760815551163371,0.09360097291944292,6968472.654027331,170886.58287044437,272475.42101733043,629270.3309142785,60.21766274055449,800156.9137847229,-750177.994509498,49978.91927522503,-465.06263536707297,275.787152084691,0.9800124621201753,481.7919334067591,1090.106676749653,0.9840608227109799,-1531.4646662665825,-593.832986261852,0.9861630831066803,-142.20066802478004,605.725440023296,0.992284217622995,-13927.444175663068,-11257.282090688459,0.9346247305643552,-765.1271046550145,708.86652247027,1.017548887501127,-2963.8266573440255,-1579.8890769809973,1.0259551752503506,1276.3145047120624,1545.7879768183623,1.0008076796732186
cms_robust_adv,cost per code,500.0,0,1,0.09760815551163371,0.09360097291944292,6968472.654027331,155832.16718530576,272475.42101733043,629270.3309142785,60.21766274055449,785102.4980995844,-750177.994509498,34924.50359008641,-465.06263536707297,275.787152084691,0.9800124621201753,481.7919334067591,1090.106676749653,0.9840608227109799,-1531.4646662665825,-593.832986261852,0.9861630831066803,-142.20066802478004,605.725440023296,0.992284217622995,-13927.444175663068,-11257.282090688459,0.9346247305643552,-765.1271046550145,708.86652247027,1.017548887501127,-2963.8266573440255,-1579.8890769809973,1.0259551752503506,1276.3145047120624,1545.7879768183623,1.0008076796732186
cms_robust_adv,cost per code,1000.0,0,1,0.09760815551163371,0.09360097291944292,6968472.654027331,125723.33581502852,272475.42101733043,629270.3309142785,60.21766274055449,754993.666729307,-750177.994509498,4815.672219809164,-465.06263536707297,275.787152084691,0.9800124621201753,481.7919334067591,1090.106676749653,0.9840608227109799,-1531.4646662665825,-593.832986261852,0.9861630831066803,-142.20066802478004,605.725440023296,0.992284217622995,-13927.444175663068,-11257.282090688459,0.9346247305643552,-765.1271046550145,708.86652247027,1.017548887501127,-2963.8266573440255,-1579.8890769809973,1.0259551752503506,1276.3145047120624,1545.7879768183623,1.0008076796732186
cms_robust_adv,cost per code,2000.0,0,1,0.09760815551163371,0.09360097291944292,6968472.654027331,65505.67307447403,272475.42101733043,629270.3309142785,60.21766274055449,694776.0039887525,-750177.994509498,-55401.99052074533,-465.06263536707297,275.787152084691,0.9800124621201753,481.7919334067591,1090.106676749653,0.9840608227109799,-1531.4646662665825,-593.832986261852,0.9861630831066803,-142.20066802478004,605.725440023296,0.992284217622995,-13927.444175663068,-11257.282090688459,0.9346247305643552,-765.1271046550145,708.86652247027,1.017548887501127,-2963.8266573440255,-1579.8890769809973,1.0259551752503506,1276.3145047120624,1545.7879768183623,1.0008076796732186
cms_robust_adv,cost per code,3000.0,0,1,0.09760815551163371,0.0938463546175724,6968472.654027331,5273.686946044232,270557.5862511782,641004.3784708133,60.05455395560232,646278.0654168575,-750177.994509498,-103899.92909264045,-465.06263536707297,264.75776664707604,0.9781161598053656,481.7919334067591,1114.5355018743544,0.9855385577540791,-1531.4646662665825,-621.1428564371802,0.9838875949605863,-142.20066802478004,585.6088638312805,0.990724769351397,-13927.444175663068,-11302.434642636526,0.937679666552177,-765.1271046550145,744.3695838097038,1.0176786064922518,-2963.8266573440255,-1597.5348344504437,1.0264795279793713,1276.3145047120624,1567.0865379493441,1.0022870650889821
cms_robust_adv,codes per person,1,0,1,0.09760815551163371,0.09360097291944292,6968472.654027331,125723.33581502852,272475.42101733043,629270.3309142785,60.21766274055449,754993.666729307,-750177.994509498,4815.672219809164,-465.06263536707297,275.787152084691,0.9800124621201753,481.7919334067591,1090.106676749653,0.9840608227109799,-1531.4646662665825,-593.832986261852,0.9861630831066803,-142.20066802478004,605.725440023296,0.992284217622995,-13927.444175663068,-11257.282090688459,0.9346247305643552,-765.1271046550145,708.86652247027,1.017548887501127,-2963.8266573440255,-1579.8890769809973,1.0259551752503506,1276.3145047120624,1545.7879768183623,1.0008076796732186
cms_robust_adv,codes per person,2,0,1,0.09760815551163371,0.09131134743518854,6968472.654027331,218552.59042130667,294545.59236129094,664614.1650437242,120.28673793205819,883166.7554650309,-750177.994509498,132988.76095553304,-465.06263536707297,410.9470414312606,0.9799994378873763,481.7919334067591,1249.3091906642449,0.9830054132151834,-1531.4646662665825,-516.2382904930323,0.9838399118050739,-142.20066802478004,735.2770718695238,0.9893247657443491,-13927.444175663068,-10895.637092453493,0.9413567752800315,-765.1271046550145,1201.829024020132,1.025717873023053,-2963.8266573440255,-1544.965196865362,1.0224558783161786,1276.3145047120624,1620.333017780805,0.9999192076445983
cms_robust_adv,codes per person,3,0,1,0.09760815551163371,0.09098288762031992,6968472.654027331,310591.9161524512,322458.4581499644,677648.5293232395,180.19136775492058,988240.4454756906,-750177.994509498,238062.45096619273,-465.06263536707297,513.5918265064639,0.9799032499355319,481.7919334067591,1347.0129401641766,0.9833784629914385,-1531.4646662665825,-212.63475954187294,0.9872015031660323,-142.20066802478004,869.922094290964,0.9892212356074186,-13927.444175663068,-10728.223987643794,0.9501321369008439,-765.1271046550145,406.0983252305526,1.004267898047055,-2963.8266573440255,-1362.9197779624894,1.024303301394864,1276.3145047120624,1761.0241158237723,1.00233172758667
cms_robust_adv,reach,0.02,0,1,0.09760815551163371,0.09525456009334055,6968472.654027331,41975.4035059984,247796.74294927815,618573.7666030825,20.10494452232592,660549.170109081,-750177.994509498,-89628.82440041692,-465.06263536707297,202.15386780636,0.9805094481792744,481.7919334067591,1013.9247958708297,0.9861371771776916,-1531.4646662665825,-694.791571799342,0.985721735720319,-142.20066802478004,521.4239087330058,0.9931002147488641,-13927.444175663068,-11357.536126022826,0.9334447018492967,-765.1271046550145,456.52015712228564,1.01337223604595,-2963.8266573440255,-1683.9405458553783,1.0245050431305733,1276.3145047120624,1509.154235287919,1.0022668882954322
cms_robust_adv,reach,0.04,0,1,0.09760815551163371,0.09430362137308257,6968472.654027331,83801.04077399599,258584.5296663788,622728.0092565089,40.138155561353855,706529.0500305049,-750177.994509498,-43648.94447899308,-465.06263536707297,231.16346299336828,0.9791028838045052,481.7919334067591,1044.5117135880544,0.9856668626635635,-1531.4646662665825,-616.1261246402739,0.9869612013915603,-142.20066802478004,584.3174016102618,0.9914816851008464,-13927.444175663068,-11305.821620936575,0.934249457137901,-765.1271046550145,559.627647637748,1.0162652055225307,-2963.8266573440255,-1639.9507448891834,1.0238483973985326,1276.3145047120624,1535.2938774590255,1.0011205228657079
cms_robust_adv,reach,0.05,0,1,0.09760815551163371,0.09376816326481185,6968472.654027331,104416.77257639582,266621.5339052071,630407.2465176685,50.012465503726844,734824.0190940644,-750177.994509498,-15353.97541543361,-465.06263536707297,254.46166124096476,0.979419755348193,481.7919334067591,1061.327265633267,0.9832627245988054,-1531.4646662665825,-605.2062115816461,0.987280953465623,-142.20066802478004,607.2443355586066,0.9944344816048704,-13927.444175663068,-11299.425082379374,0.9342567065715155,-765.1271046550145,660.8678267826199,1.0175463411780024,-2963.8266573440255,-1620.8149279766226,1.0252864382751168,1276.3145047120624,1535.6294967980605,1.0004046597145422
cms_robust_adv,reach,0.06,0,1,0.09760815551163371,0.09360097291944292,6968472.654027331,125723.33581502852,272475.42101733043,629270.3309142785,60.21766274055449,754993.666729307,-750177.994509498,4815.672219809164,-465.06263536707297,275.787152084691,0.9800124621201753,481.7919334067591,1090.106676749653,0.9840608227109799,-1531.4646662665825,-593.832986261852,0.9861630831066803,-142.20066802478004,605.725440023296,0.992284217622995,-13927.444175663068,-11257.282090688459,0.9346247305643552,-765.1271046550145,708.86652247027,1.017548887501127,-2963.8266573440255,-1579.8890769809973,1.0259551752503506,1276.3145047120624,1545.7879768183623,1.0008076796732186
cms_robust_adv,reach,0.075,0,1,0.09760815551163371,0.09346440566444147,6968472.654027331,156760.4761659524,279323.03386005247,633493.3196280019,75.08351113669431,790253.7957939543,-750177.994509498,40075.80128445655,-465.06263536707297,319.8643807741933,0.9801061622688365,481.7919334067591,1150.0960818655649,0.9849275249684375,-1531.4646662665825,-581.4391682378996,0.9820672155187707,-142.20066802478004,557.5927226943096,0.9912649159143871,-13927.444175663068,-11194.447554638195,0.935779596167508,-765.1271046550145,836.5954656044385,1.0170378718468307,-2963.8266573440255,-1553.5380554981055,1.0267161448927429,1276.3145047120624,1566.8358280528837,1.0012728838753517
cms_robust_adv,reach,0.1,0,1,0.09760815551163371,0.09443365112152902,6968472.654027331,209221.71191274768,293425.9458273967,641109.7547702017,100.21085110642818,850331.4666829493,-750177.994509498,100153.47217345146,-465.06263536707297,400.15463782881557,0.9801471520313119,481.7919334067591,1218.6765910828926,0.9819450886324531,-1531.4646662665825,-540.4850285289511,0.982566343604448,-142.20066802478004,571.7703434971667,0.99027601656019,-13927.444175663068,-10996.988604579756,0.9349469237152639,-765.1271046550145,981.9763901938566,1.021062987823696,-2963.8266573440255,-1435.1218414968052,1.029464160281266,1276.3145047120624,1593.5570729918602,1.0009899358068304
cms_robust_adv,reach,0.25,0,1,0.09760815551163371,0.09471143317959718,6968472.654027331,518847.3108238805,352360.13715502905,669891.623330909,250.1015271157798,1188738.9341547894,-750177.994509498,438560.9396452916,-465.06263536707297,799.0042553481085,0.9749592141469497,481.7919334067591,1555.9144325894224,0.9708015768722231,-1531.4646662665825,-118.80993391595284,0.9836120550010693,-142.20066802478004,892.0859087414692,0.9797712774213931,-13927.444175663068,-10286.175161710573,0.9452477654552872,-765.1271046550145,1727.7639935800378,1.0407639734902816,-2963.8266573440255,-1047.235077320945,1.0233783638640421,1276.3145047120624,1945.8085805948947,0.979482460249625
cms_robust_adv,reach,0.5,0,1,0.09760815551163371,0.09501508499516331,6968472.654027331,906719.1782186298,492623.5063868968,719200.8042698129,500.00940918084393,1625919.9824884427,-750177.994509498,875741.9879789446,-465.06263536707297,1490.508680079364,0.9745506718395621,481.7919334067591,2071.9700419052087,0.9702683832674731,-1531.4646662665825,488.2432575629594,0.9827164993457963,-142.20066802478004,1323.3385091969842,0.9693642898439234,-13927.444175663068,-8962.083347619176,0.9621357972311391,-765.1271046550145,2708.6361742531617,1.0592404175334489,-2963.8266573440255,502.95767680912707,1.0465122566818028,1276.3145047120624,2212.286138339589,0.95275125116136
cms_robust_adv,reach,1.0,0,1,0.09760815551163371,0.08809215765912959,6968472.654027331,1072544.180374949,480271.8235510382,715861.0531226532,706.5476913819751,1788405.2334976022,-750177.994509498,1038227.2389881042,-465.06263536707297,1822.1833710113194,0.9758633778304612,481.7919334067591,2481.5962276293326,0.9655957761036787,-1531.4646662665825,834.3526640400892,0.9782104796439326,-142.20066802478004,1808.823145811884,0.9780912539058882,-13927.444175663068,-8715.46896655725,0.9660986677460237,-765.1271046550145,2980.9452174904854,1.049650774590095,-2963.8266573440255,719.2411931392568,1.0424038773175843,1276.3145047120624,2707.4478089158993,0.9296755976501857
cms_robust_adv,tilt,0.0,0,1,0.09760815551163371,0.09719148692118362,6968472.654027331,125723.33581502852,0.0,0.0,60.21766274055449,125723.33581502852,-750177.994509498,-624454.6586944695,-465.06263536707297,-335.1563765005271,1.0,481.7919334067591,582.7464553633919,1.0,-1531.4646662665825,-1380.2689852197568,1.0,-142.20066802478004,30.818424841625497,1.0,-13927.444175663068,-13654.888506584013,1.0,-765.1271046550145,-387.1335121960872,1.0,-2963.8266573440255,-2754.230875984302,1.0,1276.3145047120624,1319.228936866469,1.0
cms_robust_adv,tilt,0.05,0,1,0.09760815551163371,0.0964046245096839,6968472.654027331,125723.33581502852,68118.04579899201,157315.7133260811,60.21766274055449,283039.04914110963,-750177.994509498,-467138.9453683882,-465.06263536707297,-184.72339999421442,0.9950031749079473,481.7919334067591,708.0626547118667,0.9960152530289964,-1531.4646662665825,-1185.709734797568,0.9965408118826394,-142.20066802478004,173.71014663984624,0.9980710773273804,-13927.444175663068,-13085.371631827176,0.9836563768544266,-765.1271046550145,-109.54624374312364,1.0043871697419897,-2963.8266573440255,-2454.9707577833547,1.0064887167063474,1276.3145047120624,1375.9023266939882,1.0002019175188934
cms_robust_adv,tilt,0.1,0,1,0.09760815551163371,0.09554842581654532,6968472.654027331,125723.33581502852,136236.63123060283,314632.67291061446,60.21766274055449,440356.008725643,-750177.994509498,-309821.98578385485,-465.06263536707297,-32.77066324399652,0.9900063102309395,481.7919334067591,834.3865886317627,0.992030474490742,-1531.4646662665825,-989.7935155890176,0.9930815963615164,-142.20066802478004,317.15639606699125,0.9961421393737944,-13927.444175663068,-12496.60500952394,0.9673126242343206,-765.1271046550145,165.6287355128645,1.008774374239232,-2963.8266573440255,-2159.5421886081535,1.0129774848164481,1276.3145047120624,1432.5532877556964,1.0004038366373815
cms_robust_adv,tilt,0.2,0,1,0.09760815551163371,0.09360097291944292,6968472.654027331,125723.33581502852,272475.42101733043,629270.3309142785,60.21766274055449,754993.666729307,-750177.994509498,4815.672219809164,-465.06263536707297,275.787152084691,0.9800124621201753,481.7919334067591,1090.106676749653,0.9840608227109799,-1531.4646662665825,-593.832986261852,0.9861630831066803,-142.20066802478004,605.725440023296,0.992284217622995,-13927.444175663068,-11257.282090688459,0.9346247305643552,-765.1271046550145,708.86652247027,1.017548887501127,-2963.8266573440255,-1579.8890769809973,1.0259551752503506,1276.3145047120624,1545.7879768183623,1.0008076796732186
cms_robust_adv,tilt,0.3,0,1,0.09760815551163371,0.09128559205625175,6968472.654027331,125723.33581502852,408716.3694114843,943912.9741294708,60.21766274055449,1069636.3099444993,-750177.994509498,319458.3154350014,-465.06263536707297,590.7079894002451,0.9700184556639445,481.7919334067591,1350.0067559020436,0.9760910446577127,-1531.4646662665825,-192.2710057347784,0.979244460232887,-142.20066802478004,896.5517346242788,0.9884262347461495,-13927.444175663068,-9928.10654468981,0.9019363189777954,-765.1271046550145,1242.8239151418384,1.0263235397889887,-2963.8266573440255,-1014.7084405366792,1.0389330713065945,1276.3145047120624,1658.9331104225694,1.0012115291076635
cms_robust_adv,tilt,0.5,0,1,0.09760815551163371,0.08519377058999256,6968472.654027331,125723.33581502852,681204.7422272884,1573213.216668369,60.21766274055449,1698936.5524833975,-750177.994509498,948758.5579738995,-465.06263536707297,1240.4426098012157,0.9500299677000295,481.7919334067591,1882.7636556566313,0.9601511097186581,-1531.4646662665825,628.1395765127436,0.965406885618007,-142.20066802478004,1485.0828512531198,0.9807100856085098,-13927.444175663068,-6958.055579365822,0.8365579420056553,-765.1271046550145,2283.8327887663054,1.0438732614558306,-2963.8266573440255,74.35064178979384,1.0648894803056552,1276.3145047120624,1884.9551358874314,1.002019247172985
cms_robust_adv,selection rule,smooth,0,1,0.09760815551163371,0.006430398824808448,6968472.654027331,125723.33581502852,4253164.12303092,4393313.836948058,60.21766274055449,4519037.172763086,-750177.994509498,3768859.1782535883,-465.06263536707297,5913.50682871265,1.0451190052423858,481.7919334067591,4074.5950515408636,0.8509267291181549,-1531.4646662665825,1929.154241024846,0.9263865494492531,-142.20066802478004,2090.9195950786075,0.8579365420932289,-13927.444175663068,4518.207987462349,1.027239131914567,-765.1271046550145,6932.4363483172,1.5385636107488938,-2963.8266573440255,6217.913309417599,1.4512341464190068,1276.3145047120624,2858.615599434447,0.8405812294347574
cms_robust_adv,plausibility,either,0,1,0.09760815551163371,0.09360097291944292,6968472.654027331,125723.33581502852,272475.42101733043,629270.3309142785,60.21766274055449,754993.666729307,-750177.994509498,4815.672219809164,-465.06263536707297,275.787152084691,0.9800124621201753,481.7919334067591,1090.106676749653,0.9840608227109799,-1531.4646662665825,-593.832986261852,0.9861630831066803,-142.20066802478004,605.725440023296,0.992284217622995,-13927.444175663068,-11257.282090688459,0.9346247305643552,-765.1271046550145,708.86652247027,1.017548887501127,-2963.8266573440255,-1579.8890769809973,1.0259551752503506,1276.3145047120624,1545.7879768183623,1.0008076796732186
cms_robust_adv,plausibility,system,0,1,0.09760815551163371,0.09506411796095593,6968472.654027331,101113.64566825132,265665.1883497491,622564.165096032,60.03440658038966,723677.8107642833,-750177.994509498,-26500.18374521464,-465.06263536707297,276.37991197882593,0.9800881260289668,481.7919334067591,1084.0358414751504,0.9862122093377536,-1531.4646662665825,-632.0894503581826,0.9856565209322729,-142.20066802478004,529.5231597116242,0.9858402987504592,-13927.444175663068,-11152.838477923535,0.9360250065425407,-765.1271046550145,537.9847843315056,1.01412605839721,-2963.8266573440255,-1341.9518267456558,1.0289855028418675,1276.3145047120624,1536.0554276539028,0.9996218751032757
cms_robust_adv,plausibility,use,0,1,0.09760815551163371,0.09414470544124842,6968472.654027331,125495.98170636143,266477.3470738698,627403.6754026404,60.108767021636105,752899.6571090018,-750177.994509498,2721.6625995038926,-465.06263536707297,306.3325439605247,0.9792707373653653,481.7919334067591,1125.093550322517,0.9850693523390261,-1531.4646662665825,-620.2689640350334,0.9863103168483031,-142.20066802478004,507.6191595623643,0.9920259825188545,-13927.444175663068,-11136.984733211433,0.9388111266707553,-765.1271046550145,758.408528823993,1.0206097722532401,-2963.8266573440255,-1585.0072612274873,1.0247164261646395,1276.3145047120624,1568.64686225064,1.002744821552415
cms_robust_adv,plausibility,any,0,1,0.09760815551163371,0.09328164830267527,6968472.654027331,125914.52907503129,267654.46509421733,643342.2850846053,60.30923851027517,769256.8141596365,-750177.994509498,19078.81965013878,-465.06263536707297,356.0813479219055,0.980483339272773,481.7919334067591,1136.7110694229164,0.9854435628057169,-1531.4646662665825,-599.6429782829296,0.986277766997049,-142.20066802478004,642.2425112275763,0.9957531432198541,-13927.444175663068,-11296.341550338238,0.934243894710484,-765.1271046550145,698.5167039585907,1.0175850476948474,-2963.8266573440255,-1567.7796363722478,1.0249913676096012,1276.3145047120624,1608.0484897767421,1.0004571894362102
cms_robust_adv,plan cost model,WLS,0,1,0.09760815551163371,0.10033482120608206,6968472.654027331,125723.33581502852,-163283.70940285057,468730.462977768,60.21766274055449,594453.7987927966,-750177.994509498,-155724.19571670136,-465.06263536707297,232.8511881481008,1.0055349804663194,481.7919334067591,882.0798071013794,1.020290274899926,-1531.4646662665825,-730.9376591048607,1.0045359108937573,-142.20066802478004,283.5407619247878,1.005330651924675,-13927.444175663068,-12097.118479630744,0.885790067088591,-765.1271046550145,302.24988699052113,0.9720765064920247,-2963.8266573440255,-1624.5231766781476,0.9748814487131854,1276.3145047120624,1356.7593129277823,1.0806257365138336
cms_robust_adv,share of added codes real,0.0,0,1,0.09760815551163371,,,125723.33581502852,,629270.3309142785,,754993.666729307,,,,,,,,,,,,,,,,,,,,,,,,,,
cms_robust_adv,share of added codes real,0.25,0,1,0.09760815551163371,,,43706.95183221966,,620157.7798120017,,663864.7316442213,,,,,,,,,,,,,,,,,,,,,,,,,,
cms_robust_adv,share of added codes real,0.5,0,1,0.09760815551163371,,,-39628.826505381134,,609903.4586067487,,570274.6321013676,,,,,,,,,,,,,,,,,,,,,,,,,,
cms_robust_adv,share of added codes real,1.0,0,1,0.09760815551163371,,,-226035.1553224447,,590614.4115348241,,364579.2562123793,,,,,,,,,,,,,,,,,,,,,,,,,,
cms,cost per code,0.0,0,2,0.06886374017231578,0.06659621297467233,7748663.705791295,924536.3649323273,638921.3486757012,862580.4665325575,60.047602528391124,1787116.8314648846,-291487.53240109223,1495629.2990637927,-1034.700855904751,662.2980883742007,0.9992072372376006,-1522.7452401863322,45.9791806110198,0.98973919801371,39.33566722473919,1562.3941468108394,0.9810991933492573,556.183294257474,1829.4989263541768,0.9939371344326444,-16480.288368276208,-9394.36296510589,1.0260463958002948,-443.5629944682762,2368.91512096671,1.0440133307171708,-1406.5392343742835,2606.113969156025,1.0302403476491244,1795.956963724519,2241.9431717104753,0.9943114999534688
cms,cost per code,250.0,0,2,0.06886374017231578,0.06659621297467233,7748663.705791295,909524.4643002294,638921.3486757012,862580.4665325575,60.047602528391124,1772104.930832787,-291487.53240109223,1480617.3984316948,-1034.700855904751,662.2980883742007,0.9992072372376006,-1522.7452401863322,45.9791806110198,0.98973919801371,39.33566722473919,1562.3941468108394,0.9810991933492573,556.183294257474,1829.4989263541768,0.9939371344326444,-16480.288368276208,-9394.36296510589,1.0260463958002948,-443.5629944682762,2368.91512096671,1.0440133307171708,-1406.5392343742835,2606.113969156025,1.0302403476491244,1795.956963724519,2241.9431717104753,0.9943114999534688
cms,cost per code,500.0,0,2,0.06886374017231578,0.06659621297467233,7748663.705791295,894512.5636681316,638921.3486757012,862580.4665325575,60.047602528391124,1757093.030200689,-291487.53240109223,1465605.497799597,-1034.700855904751,662.2980883742007,0.9992072372376006,-1522.7452401863322,45.9791806110198,0.98973919801371,39.33566722473919,1562.3941468108394,0.9810991933492573,556.183294257474,1829.4989263541768,0.9939371344326444,-16480.288368276208,-9394.36296510589,1.0260463958002948,-443.5629944682762,2368.91512096671,1.0440133307171708,-1406.5392343742835,2606.113969156025,1.0302403476491244,1795.956963724519,2241.9431717104753,0.9943114999534688
cms,cost per code,1000.0,0,2,0.06886374017231578,0.06659621297467233,7748663.705791295,864488.7624039361,638921.3486757012,862580.4665325575,60.047602528391124,1727069.2289364936,-291487.53240109223,1435581.6965354013,-1034.700855904751,662.2980883742007,0.9992072372376006,-1522.7452401863322,45.9791806110198,0.98973919801371,39.33566722473919,1562.3941468108394,0.9810991933492573,556.183294257474,1829.4989263541768,0.9939371344326444,-16480.288368276208,-9394.36296510589,1.0260463958002948,-443.5629944682762,2368.91512096671,1.0440133307171708,-1406.5392343742835,2606.113969156025,1.0302403476491244,1795.956963724519,2241.9431717104753,0.9943114999534688
cms,cost per code,2000.0,0,2,0.06886374017231578,0.06659621297467233,7748663.705791295,804441.1598755451,638921.3486757012,862580.4665325575,60.047602528391124,1667021.6264081027,-291487.53240109223,1375534.0940070103,-1034.700855904751,662.2980883742007,0.9992072372376006,-1522.7452401863322,45.9791806110198,0.98973919801371,39.33566722473919,1562.3941468108394,0.9810991933492573,556.183294257474,1829.4989263541768,0.9939371344326444,-16480.288368276208,-9394.36296510589,1.0260463958002948,-443.5629944682762,2368.91512096671,1.0440133307171708,-1406.5392343742835,2606.113969156025,1.0302403476491244,1795.956963724519,2241.9431717104753,0.9943114999534688
cms,cost per code,3000.0,0,2,0.06886374017231578,0.06659621297467233,7748663.705791295,744393.5573471539,638921.3486757012,862580.4665325575,60.047602528391124,1606974.0238797115,-291487.53240109223,1315486.4914786192,-1034.700855904751,662.2980883742007,0.9992072372376006,-1522.7452401863322,45.9791806110198,0.98973919801371,39.33566722473919,1562.3941468108394,0.9810991933492573,556.183294257474,1829.4989263541768,0.9939371344326444,-16480.288368276208,-9394.36296510589,1.0260463958002948,-443.5629944682762,2368.91512096671,1.0440133307171708,-1406.5392343742835,2606.113969156025,1.0302403476491244,1795.956963724519,2241.9431717104753,0.9943114999534688
cms,codes per person,1,0,2,0.06886374017231578,0.06659621297467233,7748663.705791295,864488.7624039361,638921.3486757012,862580.4665325575,60.047602528391124,1727069.2289364936,-291487.53240109223,1435581.6965354013,-1034.700855904751,662.2980883742007,0.9992072372376006,-1522.7452401863322,45.9791806110198,0.98973919801371,39.33566722473919,1562.3941468108394,0.9810991933492573,556.183294257474,1829.4989263541768,0.9939371344326444,-16480.288368276208,-9394.36296510589,1.0260463958002948,-443.5629944682762,2368.91512096671,1.0440133307171708,-1406.5392343742835,2606.113969156025,1.0302403476491244,1795.956963724519,2241.9431717104753,0.9943114999534688
cms,codes per person,2,0,2,0.06886374017231578,0.0532027803041617,7748663.705791295,1452425.3945104294,765765.7769072964,895230.0320271789,120.55550176961722,2347655.4265376083,-291487.53240109223,2056167.894136516,-1034.700855904751,1207.6297971362487,0.9978721040969649,-1522.7452401863322,279.88892529675235,0.9903969469759342,39.33566722473919,2150.665818692086,0.9784520892192653,556.183294257474,2373.6149379333337,0.9933946822466128,-16480.288368276208,-6527.251518426853,1.0349934942727401,-443.5629944682762,3350.1295477155636,1.0463310299257629,-1406.5392343742835,4018.1704282751116,1.030567799192595,1795.956963724519,2416.1981302623376,0.99327306601427
cms,codes per person,3,0,2,0.06886374017231578,0.012960767845182741,7748663.705791295,2016966.2994963133,858695.2367165416,1014130.6660722247,180.35769878767215,3031096.9655685383,-291487.53240109223,2739609.4331674455,-1034.700855904751,1646.4885139263763,0.9983768824349497,-1522.7452401863322,1080.726786809862,0.9919680203605921,39.33566722473919,2494.481255689861,0.9775041848831111,556.183294257474,3211.5026633310486,0.9931683621744322,-16480.288368276208,-9236.322067412284,1.0166290509611995,-443.5629944682762,4954.008558483886,1.0502142129698702,-1406.5392343742835,3260.4963067956337,1.0265345389245728,1795.956963724519,2745.3687912976848,0.9940713823787986
cms,reach,0.02,0,2,0.06886374017231578,0.06753093260559773,7748663.705791295,289136.020839462,456757.8328956126,768170.0324310642,20.08345927797751,1057306.0532705262,-291487.53240109223,765818.5208694341,-1034.700855904751,160.11758621054216,1.0045044499460465,-1522.7452401863322,-388.89658705016177,0.9982659732931699,39.33566722473919,817.4039599113527,0.98521371574585,556.183294257474,1173.6603055563303,0.9994131525006994,-16480.288368276208,-10373.83647387421,1.016984106024473,-443.5629944682762,1390.7020924499288,1.0310214669055255,-1406.5392343742835,1313.8918847695252,1.0196596732010959,1795.956963724519,1947.5982396710913,1.0296146193979832
cms,reach,0.04,0,2,0.06886374017231578,0.06350899640962837,7748663.705791295,577260.051456499,540354.3544197904,819129.2937864083,40.09662546565526,1396389.3452429073,-291487.53240109223,1104901.8128418147,-1034.700855904751,382.39433821986967,1.0020727859366385,-1522.7452401863322,-157.30351805339774,0.9973095073753301,39.33566722473919,1229.6069524893576,0.9837267891559044,556.183294257474,1462.7661115468673,0.9903071354467669,-16480.288368276208,-9909.940755051015,1.0226810325484779,-443.5629944682762,1858.6274217763385,1.0379325660504577,-1406.5392343742835,1906.4517260242346,1.0226922121554953,1795.956963724519,2069.251704243801,1.0182625390285924
cms,reach,0.05,0,2,0.06886374017231578,0.06218450204258308,7748663.705791295,720970.0280200284,591114.0170338323,837042.5218321411,50.07875586149155,1558012.5498521696,-291487.53240109223,1266525.017451077,-1034.700855904751,521.109376429756,1.000500946783845,-1522.7452401863322,-49.964263387900054,0.9927006584988032,39.33566722473919,1389.5589238370007,0.9837694077346909,556.183294257474,1545.3346362556497,0.991956748631297,-16480.288368276208,-9576.483682236429,1.0250112976023287,-443.5629944682762,2127.3066036863984,1.0410131780115577,-1406.5392343742835,2251.2218500695967,1.0272058738691288,1795.956963724519,2108.1033440637248,1.007434518754599
cms,reach,0.06,0,2,0.06886374017231578,0.06659621297467233,7748663.705791295,864488.7624039361,638921.3486757012,862580.4665325575,60.047602528391124,1727069.2289364936,-291487.53240109223,1435581.6965354013,-1034.700855904751,662.2980883742007,0.9992072372376006,-1522.7452401863322,45.9791806110198,0.98973919801371,39.33566722473919,1562.3941468108394,0.9810991933492573,556.183294257474,1829.4989263541768,0.9939371344326444,-16480.288368276208,-9394.36296510589,1.0260463958002948,-443.5629944682762,2368.91512096671,1.0440133307171708,-1406.5392343742835,2606.113969156025,1.0302403476491244,1795.956963724519,2241.9431717104753,0.9943114999534688
cms,reach,0.075,0,2,0.06886374017231578,0.06299475066152826,7748663.705791295,1079792.7913895904,688274.7770208372,893083.9620352983,75.00267345301569,1972876.7534248887,-291487.53240109223,1681389.2210237964,-1034.700855904751,868.149239897354,0.9992696717688121,-1522.7452401863322,266.87404709919804,0.9915281980010818,39.33566722473919,1675.6583057759974,0.9791058865206097,556.183294257474,2252.432389427641,0.9921486652403356,-16480.288368276208,-8929.24308738839,1.0278475690826965,-443.5629944682762,2835.299501022996,1.0496727821444083,-1406.5392343742835,2859.770600877414,1.0322760415260976,1795.956963724519,2286.8376485943286,0.9906406394000388
cms,reach,0.1,0,2,0.06886374017231578,0.058159361338249504,7748663.705791295,1441128.545408641,771802.9159383384,935820.9512635471,100.10114399449198,2376949.496672188,-291487.53240109223,2085461.9642710956,-1034.700855904751,1109.9803810847927,0.9975994414315568,-1522.7452401863322,499.5740055021189,0.9869887112258257,39.33566722473919,1914.311049830579,0.9766226889378848,556.183294257474,2699.1098270104712,0.9875567042804573,-16480.288368276208,-8427.015556881473,1.0323110800120388,-443.5629944682762,3324.9362786498286,1.0549406845182017,-1406.5392343742835,3299.748973117301,1.0413862901573274,1795.956963724519,2411.999616418553,0.981085746738132
cms,reach,0.25,0,2,0.06886374017231578,0.02762087174265926,7748663.705791295,3599373.202513909,1266922.8297473192,1185905.193738697,250.01334987268248,4785278.396252606,-291487.53240109223,4493790.863851514,-1034.700855904751,3226.976432056277,0.9908207554442773,-1522.7452401863322,2456.633120121481,0.9721929909906079,39.33566722473919,4357.51713398967,0.97500434646468,556.183294257474,4874.366304243986,0.978236903898058,-16480.288368276208,-6269.99925833219,1.054550018256469,-443.5629944682762,6766.1818809711,1.083836219219699,-1406.5392343742835,6244.374984785049,1.0644886526214679,1795.956963724519,3341.9313943174097,0.9527079081580875
cms,reach,0.5,0,2,0.06886374017231578,-0.046443754743876964,7748663.705791295,6654982.975395968,2100219.229861893,1623399.8535108746,500.00352533099567,8278382.828906842,-291487.53240109223,7986895.296505749,-1034.700855904751,6919.853952433862,0.980739636735334,-1522.7452401863322,4983.345935384478,0.9433700131554481,39.33566722473919,7492.172072034834,0.9709336121216472,556.183294257474,7248.644523771713,0.9602082418521484,-16480.288368276208,711.2998445090564,1.0963786866462437,-443.5629944682762,13045.445821839363,1.1164194562164858,-1406.5392343742835,12116.019962848728,1.1278636415977676,1795.956963724519,5104.049956937668,0.8790368727206979
cms,reach,1.0,0,2,0.06886374017231578,-0.05934979408422181,7748663.705791295,7462381.941982216,1804277.335362114,1541066.0613439912,697.3973361244508,9003448.003326207,-291487.53240109223,8711960.470925113,-1034.700855904751,7900.877636217558,0.9815652535310644,-1522.7452401863322,6036.677201390176,0.9477546198725707,39.33566722473919,8442.850133105441,0.9720740540680357,556.183294257474,8446.766485777664,0.9616785751458089,-16480.288368276208,1077.4258512897713,1.073055428830317,-443.5629944682762,13995.945225454092,1.1301902452259924,-1406.5392343742835,12680.061999038562,1.1002131084626012,1795.956963724519,5908.790261715756,0.886934417784726
cms,tilt,0.0,0,2,0.06886374017231578,0.07167758759732068,7748663.705791295,864488.7624039361,0.0,0.0,60.047602528391124,864488.7624039361,-291487.53240109223,573001.2300028438,-1034.700855904751,-255.9025752261228,1.0,-1522.7452401863322,-987.513794464677,1.0,39.33566722473919,913.868999739972,1.0,556.183294257474,1127.7652723488054,1.0,-16480.288368276208,-13866.286316319785,1.0,-443.5629944682762,1074.9554385879503,1.0,-1406.5392343742835,1002.4649453329073,1.0,1795.956963724519,2019.4206553481843,1.0
cms,tilt,0.05,0,2,0.06886374017231578,0.07052753916525911,7748663.705791295,864488.7624039361,159727.56483780898,215641.37382712454,60.047602528391124,1080130.1362310606,-291487.53240109223,788642.6038299685,-1034.700855904751,-26.49290306549159,0.9998018127492614,-1522.7452401863322,-731.1384630711789,0.9974348440258723,39.33566722473919,1073.6882788046569,0.9952748803494343,556.183294257474,1302.3967173796868,0.9984843099154221,-16480.288368276208,-12726.626892861856,1.0065114859326676,-443.5629944682762,1409.00180680479,1.0110031417019112,-1406.5392343742835,1412.3947076581594,1.0075599556969805,1795.956963724519,2074.8126425151463,0.9985778996712262
cms,tilt,0.1,0,2,0.06886374017231578,0.06930215028780795,7748663.705791295,864488.7624039361,319456.9778749774,431285.2428293869,60.047602528391124,1295774.0052333232,-291487.53240109223,1004286.4728322307,-1034.700855904751,203.01039336355214,0.9996036232053084,-1522.7452401863322,-473.43807413874543,0.9948696583704584,39.33566722473919,1235.0341732642626,0.9905497060247548,556.183294257474,1477.561176200791,0.9969686022928733,-16480.288368276208,-11601.605489313913,1.0130230472094008,-443.5629944682762,1735.8590847493429,1.0220064107206033,-1406.5392343742835,1816.2233250212744,1.0151199988698159,1795.956963724519,2130.3632686614155,0.9971557828874036
cms,tilt,0.2,0,2,0.06886374017231578,0.06659621297467233,7748663.705791295,864488.7624039361,638921.3486757012,862580.4665325575,60.047602528391124,1727069.2289364936,-291487.53240109223,1435581.6965354013,-1034.700855904751,662.2980883742007,0.9992072372376006,-1522.7452401863322,45.9791806110198,0.98973919801371,39.33566722473919,1562.3941468108394,0.9810991933492573,556.183294257474,1829.4989263541768,0.9939371344326444,-16480.288368276208,-9394.36296510589,1.0260463958002948,-443.5629944682762,2368.91512096671,1.0440133307171708,-1406.5392343742835,2606.113969156025,1.0302403476491244,1795.956963724519,2241.9431717104753,0.9943114999534688
cms,tilt,0.3,0,2,0.06886374017231578,0.06349145838685322,7748663.705791295,864488.7624039361,958393.112658804,1293885.6714559842,60.047602528391124,2158374.4338599206,-291487.53240109223,1866886.901458828,-1034.700855904751,1121.960968968848,0.9988108420965569,-1522.7452401863322,570.821656860275,0.984608618925633,39.33566722473919,1896.129898541489,0.9716484619659155,556.183294257474,2183.5982554313723,0.9909055964168775,-16480.288368276208,-7242.4009264858805,1.0390700457831439,-443.5629944682762,2975.8472976112607,1.066020760007381,-1406.5392343742835,3373.1717708263345,1.0453610463500715,1795.956963724519,2354.165871505461,0.99146715119591
cms,tilt,0.5,0,2,0.06886374017231578,0.05570300695095809,7748663.705791295,864488.7624039361,1597358.8211987612,2156526.0263495785,60.047602528391124,3021014.7887535146,-291487.53240109223,2729527.2563524223,-1034.700855904751,2042.4141273161338,0.9980180242931912,-1522.7452401863322,1637.1258553886514,0.9743471045390075,39.33566722473919,2583.4885972840975,0.9527463430453311,556.183294257474,2898.361800301551,0.9848423099089885,-16480.288368276208,-3096.2142591375787,1.065118249966559,-443.5629944682762,4117.551936742754,1.11003714653945,-1406.5392343742835,4842.63767386133,1.0756034935654724,1795.956963724519,2580.5620084632324,0.9857782562007827
cms,selection rule,smooth,0,2,0.06886374017231578,-0.6059408259011547,7748663.705791295,864488.7624039361,32703105.48708373,24934229.17131063,60.047602528391124,25798717.933714565,-291487.53240109223,25507230.401313473,-1034.700855904751,20056.86525688073,1.1434397548713322,-1522.7452401863322,28400.84947019157,0.7105837052143885,39.33566722473919,24429.628181728996,0.7679402855485563,556.183294257474,20173.468491558055,0.2729390831205433,-16480.288368276208,8910.177907635738,3.486192982602672,-443.5629944682762,26035.526614061455,1.6418654133253134,-1406.5392343742835,26290.157767209028,3.886465313282635,1795.956963724519,7193.436951886853,0.08654912895644683
cms,plausibility,either,0,2,0.06886374017231578,0.06659621297467233,7748663.705791295,864488.7624039361,638921.3486757012,862580.4665325575,60.047602528391124,1727069.2289364936,-291487.53240109223,1435581.6965354013,-1034.700855904751,662.2980883742007,0.9992072372376006,-1522.7452401863322,45.9791806110198,0.98973919801371,39.33566722473919,1562.3941468108394,0.9810991933492573,556.183294257474,1829.4989263541768,0.9939371344326444,-16480.288368276208,-9394.36296510589,1.0260463958002948,-443.5629944682762,2368.91512096671,1.0440133307171708,-1406.5392343742835,2606.113969156025,1.0302403476491244,1795.956963724519,2241.9431717104753,0.9943114999534688
cms,plausibility,system,0,2,0.06886374017231578,0.0455016688958807,7748663.705791295,850122.0497855038,617569.5692052509,910159.4119285541,60.03912995097824,1760281.4617140577,-291487.53240109223,1468793.9293129658,-1034.700855904751,1180.744837580275,1.0022497528311591,-1522.7452401863322,134.88383450946412,0.9922510336676659,39.33566722473919,1420.7962813149334,0.9817713909344773,556.183294257474,1530.7315197658588,0.9927994296132523,-16480.288368276208,-9610.967211527975,1.0181354419013433,-443.5629944682762,3040.404772571774,1.0451393629369288,-1406.5392343742835,1908.5291034855436,1.0254909601937046,1795.956963724519,2402.893923951361,1.0114575131399999
cms,plausibility,use,0,2,0.06886374017231578,0.06785270301710511,7748663.705791295,863897.548729543,635958.6317765659,852134.7046467277,60.0065366808368,1716032.2533762706,-291487.53240109223,1424544.7209751783,-1034.700855904751,640.5126487676192,0.9989006323262347,-1522.7452401863322,64.45907764509114,0.9902460793407951,39.33566722473919,1491.821649177695,0.9797161212236492,556.183294257474,1868.2676893855166,0.9949515040887003,-16480.288368276208,-9530.082491772679,1.0248921655893932,-443.5629944682762,2334.1482704890723,1.0435612177306837,-1406.5392343742835,2503.537715399835,1.028810808270305,1795.956963724519,2279.5604365747913,0.9947397098832624
cms,plausibility,any,0,2,0.06886374017231578,0.05636721962798552,7748663.705791295,865796.5636082528,607751.3440784301,885830.8878564818,60.138442722408925,1751627.4514647345,-291487.53240109223,1460139.9190636426,-1034.700855904751,818.230393063836,1.001644943556934,-1522.7452401863322,488.8309394272223,0.9958025589765628,39.33566722473919,1403.8586040184653,0.9797815476125612,556.183294257474,2182.245627450902,1.0016870393599968,-16480.288368276208,-9861.954102996717,1.0208993349848694,-443.5629944682762,1981.9354459209371,1.0373373140525926,-1406.5392343742835,2099.56626215759,1.0234170283970578,1795.956963724519,2728.6670290033753,1.0071186528717635
cms,plan cost model,WLS,0,2,0.06886374017231578,0.07762761584554345,7748663.705791295,864488.7624039361,330833.864613297,520086.1944350567,60.047602528391124,1384574.956838993,-291487.53240109223,1093087.4244379005,-1034.700855904751,393.11655589781657,1.017218152163288,-1522.7452401863322,-395.99816118104565,1.0125993353998757,39.33566722473919,1421.6915284397378,1.0111860260073806,556.183294257474,1424.5719711556662,1.011173142562481,-16480.288368276208,-11090.104010688574,0.9627118334480869,-443.5629944682762,2063.6558811409786,0.9915560505789346,-1406.5392343742835,1997.8564403925352,1.018855032322575,1795.956963724519,2087.3880438596966,1.0380031806961174
cms,share of added codes real,0.0,0,2,0.06886374017231578,,,864488.7624039361,,862580.4665325575,,1727069.2289364936,,,,,,,,,,,,,,,,,,,,,,,,,,
cms,share of added codes real,0.25,0,2,0.06886374017231578,,,609365.2560312841,,819997.996696135,,1429363.2527274191,,,,,,,,,,,,,,,,,,,,,,,,,,
cms,share of added codes real,0.5,0,2,0.06886374017231578,,,281122.74080911285,,759730.2929259853,,1040853.0337350981,,,,,,,,,,,,,,,,,,,,,,,,,,
cms,share of added codes real,1.0,0,2,0.06886374017231578,,,-296394.2593398062,,658136.9627979466,,361742.70345814043,,,,,,,,,,,,,,,,,,,,,,,,,,
cms_pen_1,cost per code,0.0,0,2,0.06555067148501759,0.0652917244929695,7707640.493687843,151127.73304624695,363229.8106838923,772961.4549385735,60.139826935781564,924089.1879848206,-332510.7445045432,591578.4434802772,-1505.1671749832813,-457.28490680431946,0.9944293799169523,-1496.7848900423035,-402.15497778024906,0.9911943189978228,-247.02275217385895,466.9046627727036,0.9775551955232831,725.4957017921064,1262.8783530888365,1.0025450144156678,-19099.69150650776,-14710.409947608245,0.9621941665574933,-898.6709860918005,641.1664346188123,1.0212222967486986,-1573.6962915255504,48.43333742610152,1.049138047990952,1822.7654814863297,2131.185071475801,0.9854498649898324
cms_pen_1,cost per code,250.0,0,2,0.06555067148501759,0.0652917244929695,7707640.493687843,136092.77631230155,363229.8106838923,772961.4549385735,60.139826935781564,909054.2312508752,-332510.7445045432,576543.4867463318,-1505.1671749832813,-457.28490680431946,0.9944293799169523,-1496.7848900423035,-402.15497778024906,0.9911943189978228,-247.02275217385895,466.9046627727036,0.9775551955232831,725.4957017921064,1262.8783530888365,1.0025450144156678,-19099.69150650776,-14710.409947608245,0.9621941665574933,-898.6709860918005,641.1664346188123,1.0212222967486986,-1573.6962915255504,48.43333742610152,1.049138047990952,1822.7654814863297,2131.185071475801,0.9854498649898324
cms_pen_1,cost per code,500.0,0,2,0.06555067148501759,0.0652917244929695,7707640.493687843,121057.81957835617,363229.8106838923,772961.4549385735,60.139826935781564,894019.2745169298,-332510.7445045432,561508.5300123865,-1505.1671749832813,-457.28490680431946,0.9944293799169523,-1496.7848900423035,-402.15497778024906,0.9911943189978228,-247.02275217385895,466.9046627727036,0.9775551955232831,725.4957017921064,1262.8783530888365,1.0025450144156678,-19099.69150650776,-14710.409947608245,0.9621941665574933,-898.6709860918005,641.1664346188123,1.0212222967486986,-1573.6962915255504,48.43333742610152,1.049138047990952,1822.7654814863297,2131.185071475801,0.9854498649898324
cms_pen_1,cost per code,1000.0,0,2,0.06555067148501759,0.0652917244929695,7707640.493687843,90987.9061104654,363229.8106838923,772961.4549385735,60.139826935781564,863949.3610490389,-332510.7445045432,531438.6165444956,-1505.1671749832813,-457.28490680431946,0.9944293799169523,-1496.7848900423035,-402.15497778024906,0.9911943189978228,-247.02275217385895,466.9046627727036,0.9775551955232831,725.4957017921064,1262.8783530888365,1.0025450144156678,-19099.69150650776,-14710.409947608245,0.9621941665574933,-898.6709860918005,641.1664346188123,1.0212222967486986,-1573.6962915255504,48.43333742610152,1.049138047990952,1822.7654814863297,2131.185071475801,0.9854498649898324
cms_pen_1,cost per code,2000.0,0,2,0.06555067148501759,0.0652917244929695,7707640.493687843,30848.079174683837,363229.8106838923,772961.4549385735,60.139826935781564,803809.5341132574,-332510.7445045432,471298.78960871405,-1505.1671749832813,-457.28490680431946,0.9944293799169523,-1496.7848900423035,-402.15497778024906,0.9911943189978228,-247.02275217385895,466.9046627727036,0.9775551955232831,725.4957017921064,1262.8783530888365,1.0025450144156678,-19099.69150650776,-14710.409947608245,0.9621941665574933,-898.6709860918005,641.1664346188123,1.0212222967486986,-1573.6962915255504,48.43333742610152,1.049138047990952,1822.7654814863297,2131.185071475801,0.9854498649898324
cms_pen_1,cost per code,3000.0,0,2,0.06555067148501759,0.06424483243197687,7707640.493687843,0.0,344684.1623209274,762528.7023076501,0.0,762528.7023076501,-332510.7445045432,430017.9578031068,-1505.1671749832813,-564.3255964656961,0.9951281112921143,-1496.7848900423035,-508.367654620513,0.9894223476690424,-247.02275217385895,361.6301011224998,0.9805331494295766,725.4957017921064,1170.535537480824,1.0028082861162047,-19099.69150650776,-14885.756577609265,0.9640998592909424,-898.6709860918005,306.4741715935236,1.0175121161304586,-1573.6962915255504,-139.9109974045843,1.0478475838706236,1822.7654814863297,2054.4120569773063,0.9849157410003698
cms_pen_1,codes per person,1,0,2,0.06555067148501759,0.0652917244929695,7707640.493687843,90987.9061104654,363229.8106838923,772961.4549385735,60.139826935781564,863949.3610490389,-332510.7445045432,531438.6165444956,-1505.1671749832813,-457.28490680431946,0.9944293799169523,-1496.7848900423035,-402.15497778024906,0.9911943189978228,-247.02275217385895,466.9046627727036,0.9775551955232831,725.4957017921064,1262.8783530888365,1.0025450144156678,-19099.69150650776,-14710.409947608245,0.9621941665574933,-898.6709860918005,641.1664346188123,1.0212222967486986,-1573.6962915255504,48.43333742610152,1.049138047990952,1822.7654814863297,2131.185071475801,0.9854498649898324
cms_pen_1,codes per person,2,0,2,0.06555067148501759,0.06341252319288482,7707640.493687843,167222.08857694428,398751.0907307291,786874.6122991552,120.29559519151074,954096.7008760995,-332510.7445045432,621585.9563715562,-1505.1671749832813,-367.6138866683476,0.9929130496570975,-1496.7848900423035,-336.0915632828542,0.9883387219365123,-247.02275217385895,532.6751069247324,0.9769545684759969,725.4957017921064,1320.978391670702,1.00066613081385,-19099.69150650776,-14675.338033677299,0.9660029234295664,-898.6709860918005,893.9139214216499,1.0278837128465868,-1573.6962915255504,291.7378544521498,1.052731514412394,1822.7654814863297,2190.1569117882336,0.9812955788433226
cms_pen_1,codes per person,3,0,2,0.06555067148501759,0.06391178934913944,7707640.493687843,242360.63560025272,400121.6107772779,803276.8359137976,180.14710047703977,1045637.4715140503,-332510.7445045432,713126.7270095071,-1505.1671749832813,-246.9428736374303,0.9945400668312758,-1496.7848900423035,-105.95847849974156,0.9897905277019201,-247.02275217385895,731.5870123612339,0.9788107459588749,725.4957017921064,1559.0779897214286,1.005965365680507,-19099.69150650776,-14665.977403373538,0.968355678829068,-898.6709860918005,1124.5954450703198,1.028798671014412,-1573.6962915255504,215.08170923830153,1.044193096263755,1822.7654814863297,2271.3181750266353,0.9809006448187421
cms_pen_1,reach,0.02,0,2,0.06555067148501759,0.06409575904471443,7707640.493687843,30279.80109748152,359596.50102697,771514.3000388986,20.013890587190602,801794.1011363801,-332510.7445045432,469283.3566318368,-1505.1671749832813,-517.2731477578875,0.99448022910787,-1496.7848900423035,-492.39604379566754,0.9878905975007564,-247.02275217385895,393.3920422337971,0.9799932394290638,725.4957017921064,1180.2931871251396,1.0028337954567401,-19099.69150650776,-14775.170797889665,0.9626718952192918,-898.6709860918005,436.48000390054483,1.0188798997377766,-1573.6962915255504,-36.91403632762364,1.0497450275293694,1822.7654814863297,2080.563795739351,0.985953768632066
cms_pen_1,reach,0.04,0,2,0.06555067148501759,0.06369009957918492,7707640.493687843,60565.998589443785,368431.5913269672,776951.4223117883,40.032008967651,837517.420901232,-332510.7445045432,505006.6763966888,-1505.1671749832813,-450.9823917097531,0.9952811280580323,-1496.7848900423035,-445.7287187642006,0.9892865995402155,-247.02275217385895,435.4256520298238,0.9793228312381281,725.4957017921064,1208.8227206675115,1.001791474134918,-19099.69150650776,-14783.666914326126,0.9614074010788703,-898.6709860918005,569.8241617418221,1.0205462183367453,-1573.6962915255504,25.72206938495671,1.0510246457891335,1822.7654814863297,2112.785174672542,0.984777929645644
cms_pen_1,reach,0.05,0,2,0.06555067148501759,0.06506981790485078,7707640.493687843,75685.6137256166,367131.00649855856,771440.8144320954,50.025546312285755,847126.428157712,-332510.7445045432,514615.6836531687,-1505.1671749832813,-462.2748467391964,0.996010177082768,-1496.7848900423035,-423.67277377923455,0.9902791290939401,-247.02275217385895,458.383900950065,0.9783467382806371,725.4957017921064,1229.8896536833417,1.000949572596596,-19099.69150650776,-14733.079833766422,0.9614431743420133,-898.6709860918005,591.8598378569288,1.0221879702727745,-1573.6962915255504,29.97857510371859,1.0501334194250913,1822.7654814863297,2125.295078773624,0.9858348496102364
cms_pen_1,reach,0.06,0,2,0.06555067148501759,0.0652917244929695,7707640.493687843,90987.9061104654,363229.8106838923,772961.4549385735,60.139826935781564,863949.3610490389,-332510.7445045432,531438.6165444956,-1505.1671749832813,-457.28490680431946,0.9944293799169523,-1496.7848900423035,-402.15497778024906,0.9911943189978228,-247.02275217385895,466.9046627727036,0.9775551955232831,725.4957017921064,1262.8783530888365,1.0025450144156678,-19099.69150650776,-14710.409947608245,0.9621941665574933,-898.6709860918005,641.1664346188123,1.0212222967486986,-1573.6962915255504,48.43333742610152,1.049138047990952,1822.7654814863297,2131.185071475801,0.9854498649898324
cms_pen_1,reach,0.075,0,2,0.06555067148501759,0.06520338739801923,7707640.493687843,113544.87005479101,366453.0990289739,774680.9081579862,75.04919199097293,888225.7782127772,-332510.7445045432,555715.033708234,-1505.1671749832813,-431.93770829439336,0.9937676229959506,-1496.7848900423035,-390.670413000097,0.9899775459360832,-247.02275217385895,488.9412136757102,0.9765183010185692,725.4957017921064,1329.2260760362299,1.0039298844203688,-19099.69150650776,-14688.530482930497,0.9617512727377557,-898.6709860918005,717.502660761524,1.0232769447060905,-1573.6962915255504,78.78920027953346,1.0481369104402891,1822.7654814863297,2130.759155862803,0.9825352706994237
cms_pen_1,reach,0.1,0,2,0.06555067148501759,0.06544427164549649,7707640.493687843,151390.98107418878,373769.4849877086,780500.0441907018,100.06414907917838,931891.0252648905,-332510.7445045432,599380.2807603471,-1505.1671749832813,-390.9375036170062,0.9936621787366285,-1496.7848900423035,-349.3789233596703,0.9887112697249852,-247.02275217385895,576.2116984685905,0.9767797306990342,725.4957017921064,1366.1853938794889,1.0011271521513962,-19099.69150650776,-14660.10202445976,0.9596081408700851,-898.6709860918005,840.0569381159635,1.0260592082597966,-1573.6962915255504,145.2640424932379,1.0464210701955774,1822.7654814863297,2164.6969637494412,0.9839854187611461
cms_pen_1,reach,0.25,0,2,0.06555067148501759,0.06538161576792789,7707640.493687843,375295.3041654408,426455.20667696605,788668.6056214442,250.0394965575758,1163963.909786885,-332510.7445045432,831453.1652823417,-1505.1671749832813,-84.89453650083566,0.9916382326968959,-1496.7848900423035,-85.60994320232852,0.9829966834178266,-247.02275217385895,839.8777883206559,0.9761358982009457,725.4957017921064,1657.6946831318708,0.9959119658884434,-19099.69150650776,-13943.793001071095,0.9739948796591782,-898.6709860918005,1516.0270284187425,1.0445464353346632,-1573.6962915255504,548.68794180191,1.04430005892287,1822.7654814863297,2285.7849546272496,0.9726706209304038
cms_pen_1,reach,0.5,0,2,0.06555067148501759,0.06265666543094273,7707640.493687843,657068.3288665388,544677.756216126,828491.1945867888,500.029304103896,1485559.5234533274,-332510.7445045432,1153048.7789487846,-1505.1671749832813,433.0930786428001,0.9867176678277441,-1496.7848900423035,318.67410186218535,0.9789916238232368,-247.02275217385895,1405.4276582717207,0.9720122617094938,725.4957017921064,2331.122903566658,0.9919114035960281,-19099.69150650776,-12808.104081758329,0.9886231326389908,-898.6709860918005,2248.858569951649,1.0463916739960284,-1573.6962915255504,1776.0103570539018,1.0626249836188262,1822.7654814863297,2518.870989759687,0.9649440472763864
cms_pen_1,reach,1.0,0,2,0.06555067148501759,0.05999426102438499,7707640.493687843,789620.2008202006,517025.6757326125,833118.5598706983,697.7988747512702,1622738.7606908989,-332510.7445045432,1290228.0161863558,-1505.1671749832813,849.9986310528068,0.9899049584569175,-1496.7848900423035,732.4558279305954,0.978707117684193,-247.02275217385895,1780.1668154528688,0.9796593135361494,725.4957017921064,2559.6329847419993,0.9934919563041645,-19099.69150650776,-12752.30685532382,0.9817507952693729,-898.6709860918005,2513.3536199968285,1.0406410465362665,-1573.6962915255504,1936.5161117678995,1.054899414455109,1822.7654814863297,2839.655528536738,0.9529457752689746
cms_pen_1,tilt,0.0,0,2,0.06555067148501759,0.06749058933830165,7707640.493687843,90987.9061104654,0.0,0.0,60.139826935781564,90987.9061104654,-332510.7445045432,-241522.83839407781,-1505.1671749832813,-1373.1945442064914,1.0,-1496.7848900423035,-1386.3730548645453,1.0,-247.02275217385895,-140.73928811344584,1.0,725.4957017921064,805.0924125684677,1.0,-19099.69150650776,-18906.302806548632,1.0,-898.6709860918005,-576.4278016427171,1.0,-1573.6962915255504,-1397.7577208936177,1.0,1822.7654814863297,1886.8256272525052,1.0
cms_pen_1,tilt,0.05,0,2,0.06555067148501759,0.06703100420840646,7707640.493687843,90987.9061104654,90807.31360590864,193240.0678009633,60.139826935781564,284227.9739114287,-332510.7445045432,-48282.77059311452,-1505.1671749832813,-1145.1754783093784,0.9986073471119887,-1496.7848900423035,-1141.9475041629264,0.9977985831207721,-247.02275217385895,8.599830316850692,0.9943888074739705,725.4957017921064,919.75703427337,1.0006362526295403,-19099.69150650776,-17887.357943957868,0.9905485561136,-898.6709860918005,-267.21025619939326,1.0053055660620704,-1573.6962915255504,-1023.0479059658245,1.0122844931848938,1822.7654814863297,1947.2463123334855,0.9963624718180785
cms_pen_1,tilt,0.1,0,2,0.06555067148501759,0.06651595287038325,7707640.493687843,90987.9061104654,181614.71992176477,386480.33289084485,60.139826935781564,477468.23900131026,-332510.7445045432,144957.49449676715,-1505.1671749832813,-916.5193019217182,0.9972146928021451,-1496.7848900423035,-896.4407780610504,0.9955971639940022,-247.02275217385895,159.6340664342764,0.9887776092191803,725.4957017921064,1034.2760469251436,1.0012725059086642,-19099.69150650776,-16848.779906974745,0.9810971025777256,-898.6709860918005,38.76090288772458,1.0106111375408713,-1573.6962915255504,-657.3231984188249,1.0245689989116709,1822.7654814863297,2008.1098449574843,0.9927249399224142
cms_pen_1,tilt,0.2,0,2,0.06555067148501759,0.0652917244929695,7707640.493687843,90987.9061104654,363229.8106838923,772961.4549385735,60.139826935781564,863949.3610490389,-332510.7445045432,531438.6165444956,-1505.1671749832813,-457.28490680431946,0.9944293799169523,-1496.7848900423035,-402.15497778024906,0.9911943189978228,-247.02275217385895,466.9046627727036,0.9775551955232831,725.4957017921064,1262.8783530888365,1.0025450144156678,-19099.69150650776,-14710.409947608245,0.9621941665574933,-898.6709860918005,641.1664346188123,1.0212222967486986,-1573.6962915255504,48.43333742610152,1.049138047990952,1822.7654814863297,2131.185071475801,0.9854498649898324
cms_pen_1,tilt,0.3,0,2,0.06555067148501759,0.06374981320381934,7707640.493687843,90987.9061104654,544845.2722875169,1159443.3661456043,60.139826935781564,1250431.2722560698,-332510.7445045432,917920.5277515266,-1505.1671749832813,4.530213364256003,0.9916440613444036,-1496.7848900423035,96.54263286365412,0.9867914650114347,-247.02275217385895,781.312824150094,0.9663327589122375,725.4957017921064,1490.9015400812357,1.0038175255210176,-19099.69150650776,-12486.3322999828,0.9432911919391849,-898.6709860918005,1231.1831340143694,1.0318334776235474,-1573.6962915255504,721.8923395040113,1.0737071472379967,1822.7654814863297,2256.0912737505546,0.9781747752022092
cms_pen_1,tilt,0.5,0,2,0.06555067148501759,0.059288771857303746,7707640.493687843,90987.9061104654,908077.3080238065,1932409.5560472389,60.139826935781564,2023397.4621577044,-332510.7445045432,1690886.7176531614,-1505.1671749832813,935.9901368579566,0.9860734071371707,-1496.7848900423035,1107.4116821070634,0.9779857300679211,-247.02275217385895,1432.5602870985642,0.9438878169444215,725.4957017921064,1945.2193368190688,1.0063625555267897,-19099.69150650776,-7759.5818996781645,0.9054851269078668,-898.6709860918005,2375.547933394655,1.0530559043745775,-1573.6962915255504,1980.397858358785,1.1228454962359924,1822.7654814863297,2511.5625089684827,0.9636245510616575
cms_pen_1,selection rule,smooth,0,2,0.06555067148501759,0.016653547034235272,7707640.493687843,90987.9061104654,7880655.264973873,5942623.743351261,60.139826935781564,6033611.649461727,-332510.7445045432,5701100.904957183,-1505.1671749832813,4890.859643461883,1.1837058061788372,-1496.7848900423035,4164.9329949857865,0.7944351227304834,-247.02275217385895,9210.941378647352,0.9164547447708318,725.4957017921064,5068.849981934505,0.6921573218916369,-19099.69150650776,10415.17191699569,1.623829590115639,-898.6709860918005,5711.0603437371265,1.886263256544801,-1573.6962915255504,8408.088286990018,2.103507279029546,1822.7654814863297,2221.6387817162686,0.6372182288249326
cms_pen_1,plausibility,either,0,2,0.06555067148501759,0.0652917244929695,7707640.493687843,90987.9061104654,363229.8106838923,772961.4549385735,60.139826935781564,863949.3610490389,-332510.7445045432,531438.6165444956,-1505.1671749832813,-457.28490680431946,0.9944293799169523,-1496.7848900423035,-402.15497778024906,0.9911943189978228,-247.02275217385895,466.9046627727036,0.9775551955232831,725.4957017921064,1262.8783530888365,1.0025450144156678,-19099.69150650776,-14710.409947608245,0.9621941665574933,-898.6709860918005,641.1664346188123,1.0212222967486986,-1573.6962915255504,48.43333742610152,1.049138047990952,1822.7654814863297,2131.185071475801,0.9854498649898324
cms_pen_1,plausibility,system,0,2,0.06555067148501759,0.06373128891075519,7707640.493687843,63208.915493961525,374103.6178399548,770391.2566972775,60.03759995248919,833600.1721912391,-332510.7445045432,501089.42768669594,-1505.1671749832813,-444.11351659090315,0.9949709740827866,-1496.7848900423035,-431.6708218424473,0.9893821871875033,-247.02275217385895,440.3160800607302,0.9788653255413258,725.4957017921064,1297.860955457,1.0050576344039626,-19099.69150650776,-14540.565873773145,0.9679696798605435,-898.6709860918005,533.4387323936396,1.0180471643798523,-1573.6962915255504,205.25779777198125,1.0542255068096407,1822.7654814863297,2089.3767538664183,0.9824288754752519
cms_pen_1,plausibility,use,0,2,0.06555067148501759,0.06492690995088768,7707640.493687843,91093.59122028995,364045.79973563226,772763.1661830276,60.20968110087051,863856.7574033175,-332510.7445045432,531346.0128987744,-1505.1671749832813,-451.48095660697055,0.9954358031016208,-1496.7848900423035,-394.8178453780695,0.9909120755593822,-247.02275217385895,457.3269921611757,0.976560894091594,725.4957017921064,1254.688306133102,1.003627268188114,-19099.69150650776,-14724.390090114726,0.9614849569435164,-898.6709860918005,634.9883100899983,1.0208903664674873,-1573.6962915255504,48.06021228071631,1.0487196259253944,1822.7654814863297,2127.286194819027,0.985271788377052
cms_pen_1,plausibility,any,0,2,0.06555067148501759,0.06282731917425344,7707640.493687843,91138.32727315668,378434.2338095318,794997.0765739473,60.23925006879386,886135.403847104,-332510.7445045432,553624.6593425608,-1505.1671749832813,-394.0252984485867,0.9950495036233121,-1496.7848900423035,-391.5317214714919,0.988520378122213,-247.02275217385895,474.8579585445278,0.9802684164142265,725.4957017921064,1363.6938752877707,1.0024062081256133,-19099.69150650776,-14782.58522103561,0.9612335434613911,-898.6709860918005,625.6723839617034,1.0198754120360483,-1573.6962915255504,64.13837924224418,1.0512166136711392,1822.7654814863297,2209.97939348854,0.9853088944850505
cms_pen_1,plan cost model,WLS,0,2,0.06555067148501759,0.0703013714401477,7707640.493687843,90987.9061104654,-16525.131208143594,533458.9286650588,60.139826935781564,624446.8347755242,-332510.7445045432,291936.09027098113,-1505.1671749832813,-649.7135193123527,1.0040691048981716,-1496.7848900423035,-614.780996006303,1.0164160464857543,-247.02275217385895,400.39149296867754,1.0055848559267435,725.4957017921064,968.9375090465662,1.013599943765276,-19099.69150650776,-16188.983172247146,0.9161650896824182,-898.6709860918005,315.7869282690884,0.984817323798085,-1573.6962915255504,-385.2351465971708,1.005967890467061,1822.7654814863297,1925.6668317782728,1.0316054480586718
cms_pen_1,share of added codes real,0.0,0,2,0.06555067148501759,,,90987.9061104654,,772961.4549385735,,863949.3610490389,,,,,,,,,,,,,,,,,,,,,,,,,,
cms_pen_1,share of added codes real,0.25,0,2,0.06555067148501759,,,4656.962792219131,,767873.3138500147,,772530.2766422338,,,,,,,,,,,,,,,,,,,,,,,,,,
cms_pen_1,share of added codes real,0.5,0,2,0.06555067148501759,,,-84946.51501548152,,758925.5160907219,,673979.0010752404,,,,,,,,,,,,,,,,,,,,,,,,,,
cms_pen_1,share of added codes real,1.0,0,2,0.06555067148501759,,,-247017.8443071868,,746055.3246564324,,499037.4803492456,,,,,,,,,,,,,,,,,,,,,,,,,,
cms_robust_adv,cost per code,0.0,0,2,0.06417659939890341,0.0656444659398806,6986405.76537407,169314.1145940635,248459.65407843151,746197.5887408879,60.03541906901085,915511.7033349514,-1053745.4728183167,-138233.76948336538,-2189.3708582484755,-1128.5021375278066,0.9970241804066742,-2059.8594767171726,-965.05615463858,1.005872320173004,-821.1667867480663,-265.67561653655497,0.979571161694444,134.63895667392072,755.8466720191731,0.9995184970716848,-20472.103394313162,-16173.147541812019,0.9530138831667008,-1720.314260246927,-16.49401068017202,1.0243247610564945,-3025.0865307129175,-1355.5091341432467,1.0353114343896272,1421.713460097497,1632.8964625152498,1.018255234572828
cms_robust_adv,cost per code,250.0,0,2,0.06417659939890341,0.0656444659398806,6986405.76537407,154305.25982681077,248459.65407843151,746197.5887408879,60.03541906901085,900502.8485676987,-1053745.4728183167,-153242.62425061807,-2189.3708582484755,-1128.5021375278066,0.9970241804066742,-2059.8594767171726,-965.05615463858,1.005872320173004,-821.1667867480663,-265.67561653655497,0.979571161694444,134.63895667392072,755.8466720191731,0.9995184970716848,-20472.103394313162,-16173.147541812019,0.9530138831667008,-1720.314260246927,-16.49401068017202,1.0243247610564945,-3025.0865307129175,-1355.5091341432467,1.0353114343896272,1421.713460097497,1632.8964625152498,1.018255234572828
cms_robust_adv,cost per code,500.0,0,2,0.06417659939890341,0.0656444659398806,6986405.76537407,139296.40505955808,248459.65407843151,746197.5887408879,60.03541906901085,885493.993800446,-1053745.4728183167,-168251.4790178708,-2189.3708582484755,-1128.5021375278066,0.9970241804066742,-2059.8594767171726,-965.05615463858,1.005872320173004,-821.1667867480663,-265.67561653655497,0.979571161694444,134.63895667392072,755.8466720191731,0.9995184970716848,-20472.103394313162,-16173.147541812019,0.9530138831667008,-1720.314260246927,-16.49401068017202,1.0243247610564945,-3025.0865307129175,-1355.5091341432467,1.0353114343896272,1421.713460097497,1632.8964625152498,1.018255234572828
cms_robust_adv,cost per code,1000.0,0,2,0.06417659939890341,0.0656444659398806,6986405.76537407,109278.69552505264,248459.65407843151,746197.5887408879,60.03541906901085,855476.2842659405,-1053745.4728183167,-198269.18855237623,-2189.3708582484755,-1128.5021375278066,0.9970241804066742,-2059.8594767171726,-965.05615463858,1.005872320173004,-821.1667867480663,-265.67561653655497,0.979571161694444,134.63895667392072,755.8466720191731,0.9995184970716848,-20472.103394313162,-16173.147541812019,0.9530138831667008,-1720.314260246927,-16.49401068017202,1.0243247610564945,-3025.0865307129175,-1355.5091341432467,1.0353114343896272,1421.713460097497,1632.8964625152498,1.018255234572828
cms_robust_adv,cost per code,2000.0,0,2,0.06417659939890341,0.0656444659398806,6986405.76537407,49243.276456041785,248459.65407843151,746197.5887408879,60.03541906901085,795440.8651969297,-1053745.4728183167,-258304.60762138708,-2189.3708582484755,-1128.5021375278066,0.9970241804066742,-2059.8594767171726,-965.05615463858,1.005872320173004,-821.1667867480663,-265.67561653655497,0.979571161694444,134.63895667392072,755.8466720191731,0.9995184970716848,-20472.103394313162,-16173.147541812019,0.9530138831667008,-1720.314260246927,-16.49401068017202,1.0243247610564945,-3025.0865307129175,-1355.5091341432467,1.0353114343896272,1421.713460097497,1632.8964625152498,1.018255234572828
cms_robust_adv,cost per code,3000.0,0,2,0.06417659939890341,0.06439334292495946,6986405.76537407,0.0,207458.10978849753,742981.4391969319,0.0,742981.4391969319,-1053745.4728183167,-310764.0336213848,-2189.3708582484755,-1270.3150444233597,0.9984559198869124,-2059.8594767171726,-1075.603433679852,1.008582631663899,-821.1667867480663,-237.92012883633856,0.9876995576605385,134.63895667392072,669.7385541531614,1.0068633746767153,-20472.103394313162,-16539.942885288194,0.9492124552312916,-1720.314260246927,-492.7418810288904,1.0109459901860147,-3025.0865307129175,-1591.7973294784488,1.0314779474471152,1421.713460097497,1576.4110272217426,1.0307270170920548
cms_robust_adv,codes per person,1,0,2,0.06417659939890341,0.0656444659398806,6986405.76537407,109278.69552505264,248459.65407843151,746197.5887408879,60.03541906901085,855476.2842659405,-1053745.4728183167,-198269.18855237623,-2189.3708582484755,-1128.5021375278066,0.9970241804066742,-2059.8594767171726,-965.05615463858,1.005872320173004,-821.1667867480663,-265.67561653655497,0.979571161694444,134.63895667392072,755.8466720191731,0.9995184970716848,-20472.103394313162,-16173.147541812019,0.9530138831667008,-1720.314260246927,-16.49401068017202,1.0243247610564945,-3025.0865307129175,-1355.5091341432467,1.0353114343896272,1421.713460097497,1632.8964625152498,1.018255234572828
cms_robust_adv,codes per person,2,0,2,0.06417659939890341,0.06426414260262803,6986405.76537407,209186.02677881156,275558.43678744975,778219.2907758479,120.3104601494973,987405.3175546594,-1053745.4728183167,-66340.15526365704,-2189.3708582484755,-976.1909257451521,0.9970294252268168,-2059.8594767171726,-824.1087922280688,1.0059109804979773,-821.1667867480663,-24.028048015564828,0.9788815512980367,134.63895667392072,897.3159417170007,0.9943978595970978,-20472.103394313162,-15656.795327608867,0.9650962042673419,-1720.314260246927,448.4381343946349,1.0282798527268568,-3025.0865307129175,-1343.2133611995516,1.0341765393860085,1421.713460097497,1778.9971683952176,1.017845587254135
cms_robust_adv,codes per person,3,0,2,0.06417659939890341,0.06328906886614272,6986405.76537407,298977.6410823818,305789.2146623014,803867.4342382497,180.71050610942189,1102845.0753206313,-1053745.4728183167,49099.6025023147,-2189.3708582484755,-874.6045271258488,0.9957793440495647,-2059.8594767171726,-593.7131936559796,1.002517180598828,-821.1667867480663,134.92614423398348,0.980316386669831,134.63895667392072,1186.6032362481549,0.9977172207257554,-20472.103394313162,-15586.945731333803,0.9658756094485256,-1720.314260246927,759.490909259895,1.0354202582609846,-3025.0865307129175,-1277.0385362118736,1.0333122190081232,1421.713460097497,1855.8316855351522,1.0062398226241518
cms_robust_adv,reach,0.02,0,2,0.06417659939890341,0.06441351913356819,6986405.76537407,36431.75463963922,222224.08456831868,736490.95978213,20.014840465483914,772922.7144217693,-1053745.4728183167,-280822.75839654746,-2189.3708582484755,-1239.0109887496876,0.9978008343383846,-2059.8594767171726,-1049.9681113310305,1.0073911975661656,-821.1667867480663,-310.6770328454507,0.9849623794691001,134.63895667392072,674.4524461368798,1.0058749117940136,-20472.103394313162,-16334.01835937744,0.9521473313378385,-1720.314260246927,-310.02179148960806,1.0139377136747691,-3025.0865307129175,-1475.3062061345317,1.0328925992908475,1421.713460097497,1618.4017275303884,1.0306604584569605
cms_robust_adv,reach,0.04,0,2,0.06417659939890341,0.06426667348223036,6986405.76537407,73326.31708276963,238032.9708623,748283.3321251952,40.28393781331352,821609.6492079648,-1053745.4728183167,-232135.82361035186,-2189.3708582484755,-1189.7695485174456,0.9981287564040671,-2059.8594767171726,-1013.3099518637221,1.0069429797641125,-821.1667867480663,-270.8005591684973,0.9837005656655409,134.63895667392072,701.36623165586,1.004547875834699,-20472.103394313162,-16217.613739412831,0.9530825573756238,-1720.314260246927,-113.15607496829828,1.0213389944280724,-3025.0865307129175,-1381.5723519944197,1.0348686758704888,1421.713460097497,1625.2262014679611,1.0255337465615522
cms_robust_adv,reach,0.05,0,2,0.06417659939890341,0.06412900192526227,6986405.76537407,91024.37824518266,243497.98922490614,750406.7865301226,50.00688072994876,841431.1647753053,-1053745.4728183167,-212314.30804301135,-2189.3708582484755,-1164.882153746889,0.9976742955208645,-2059.8594767171726,-986.8073645886473,1.006976349216634,-821.1667867480663,-264.9819735549232,0.9806358059104417,134.63895667392072,743.6356478190921,0.999975060664905,-20472.103394313162,-16216.675815603976,0.9530142253820862,-1720.314260246927,-76.89085897805646,1.0227068824016108,-3025.0865307129175,-1381.781147881459,1.0348136543192021,1421.713460097497,1631.288558485232,1.0206838545580679
cms_robust_adv,reach,0.06,0,2,0.06417659939890341,0.0656444659398806,6986405.76537407,109278.69552505264,248459.65407843151,746197.5887408879,60.03541906901085,855476.2842659405,-1053745.4728183167,-198269.18855237623,-2189.3708582484755,-1128.5021375278066,0.9970241804066742,-2059.8594767171726,-965.05615463858,1.005872320173004,-821.1667867480663,-265.67561653655497,0.979571161694444,134.63895667392072,755.8466720191731,0.9995184970716848,-20472.103394313162,-16173.147541812019,0.9530138831667008,-1720.314260246927,-16.49401068017202,1.0243247610564945,-3025.0865307129175,-1355.5091341432467,1.0353114343896272,1421.713460097497,1632.8964625152498,1.018255234572828
cms_robust_adv,reach,0.075,0,2,0.06417659939890341,0.06576094239905672,6986405.76537407,136750.1909027765,247792.92986768187,747238.4348228296,75.12768137622282,883988.625725606,-1053745.4728183167,-169756.8470927106,-2189.3708582484755,-1102.8614137531158,0.9979904402785676,-2059.8594767171726,-963.7098777460329,1.0033104238974007,-821.1667867480663,-196.46500844406572,0.9805159997770736,134.63895667392072,796.6657111502501,0.9966726686246824,-20472.103394313162,-16103.051841208939,0.9534514346838653,-1720.314260246927,51.17526813842624,1.0237799760963895,-3025.0865307129175,-1311.0763877379618,1.0360102711170922,1421.713460097497,1641.7869186295372,1.0184701311345412
cms_robust_adv,reach,0.1,0,2,0.06417659939890341,0.06587437569774512,6986405.76537407,182117.9137056912,259754.3485011712,742398.6370967515,100.05175498081022,924516.5508024427,-1053745.4728183167,-129228.92201587385,-2189.3708582484755,-1070.19318345915,0.9976504389315725,-2059.8594767171726,-911.4966174727991,1.0011752779599667,-821.1667867480663,-171.5378759160053,0.9817950081991202,134.63895667392072,841.8278352041796,0.9880914406953607,-20472.103394313162,-16040.486496980187,0.9536369153588514,-1720.314260246927,140.00981938082344,1.0227429361810414,-3025.0865307129175,-1254.3525746965327,1.0373190669171275,1421.713460097497,1717.4635118771064,1.011556919780117
cms_robust_adv,reach,0.25,0,2,0.06417659939890341,0.06564332770329373,6986405.76537407,453458.3869065832,331073.0126552877,736516.8970195899,250.10360560753625,1189975.2839261729,-1053745.4728183167,136229.81110785643,-2189.3708582484755,-823.3954299027357,0.9894566124600344,-2059.8594767171726,-641.7562952775669,0.985971722620732,-821.1667867480663,120.3294324943799,0.9766038422037022,134.63895667392072,1277.7341870337025,0.9910844953993195,-20472.103394313162,-15365.51381059749,0.9714718419636095,-1720.314260246927,867.5860758712145,1.0472289525789438,-3025.0865307129175,-937.3069924297622,1.0406462721402858,1421.713460097497,1851.5998311438682,0.9717388759315371
cms_robust_adv,reach,0.5,0,2,0.06417659939890341,0.0636076512746393,6986405.76537407,854706.214673297,479116.0344119398,791145.9894611663,500.0369263392819,1645852.2041344633,-1053745.4728183167,592106.7313161468,-2189.3708582484755,-123.9274975625744,0.9868981045356187,-2059.8594767171726,-125.2634868765089,0.981038674101679,-821.1667867480663,839.2142631445754,0.9782784042299566,134.63895667392072,1849.5617854044024,0.9908120026411859,-20472.103394313162,-13709.546898696932,0.9739869143135658,-1720.314260246927,1782.0692226250871,1.0512381376960498,-3025.0865307129175,712.7539022904795,1.062524655111333,1421.713460097497,2141.0786274309576,0.9655546316702915
cms_robust_adv,reach,1.0,0,2,0.06417659939890341,0.0606609176679217,6986405.76537407,1067655.9256559208,457621.8902680756,810566.1742811995,697.7988747512702,1878222.09993712,-1053745.4728183167,824476.6271188036,-2189.3708582484755,410.41246456612583,0.9890158545537563,-2059.8594767171726,377.7184974207999,0.9766550225710392,-821.1667867480663,1398.2237953983656,0.9798025131154381,134.63895667392072,2208.0990369442384,0.9937892375684273,-20472.103394313162,-13793.308802986812,0.9633504582422777,-1720.314260246927,2132.5205619796675,1.0472704333463931,-3025.0865307129175,852.8854849499141,1.0492764838944453,1421.713460097497,2537.7647321050194,0.938030848743079
cms_robust_adv,tilt,0.0,0,2,0.06417659939890341,0.066762866648299,6986405.76537407,109278.69552505264,0.0,0.0,60.03541906901085,109278.69552505264,-1053745.4728183167,-944466.7772932639,-2189.3708582484755,-2018.7555868250147,1.0,-2059.8594767171726,-1956.0755893379546,1.0,-821.1667867480663,-700.4369372622511,1.0,134.63895667392072,223.3309049143841,1.0,-20472.103394313162,-20194.47505722107,1.0,-1720.314260246927,-1304.5254570635357,1.0,-3025.0865307129175,-2827.5753838236355,1.0,1421.713460097497,1470.345390213183,1.0
cms_robust_adv,tilt,0.05,0,2,0.06417659939890341,0.06655690824675486,6986405.76537407,109278.69552505264,62113.67815657703,186545.68702584834,60.03541906901085,295824.38255090103,-1053745.4728183167,-757921.0902674156,-2189.3708582484755,-1796.693745451519,0.9992560598977026,-2059.8594767171726,-1707.2361002013733,1.0014680508455636,-821.1667867480663,-593.4226080350162,0.9948928919975736,134.63895667392072,356.4091173440472,0.9998796266619955,-20472.103394313162,-19225.011266163685,0.9882537044107383,-1720.314260246927,-976.685011635607,1.006081069319294,-3025.0865307129175,-2449.90515942908,1.0088276830258807,1421.713460097497,1511.536204051675,1.0045637178765914
cms_robust_adv,tilt,0.1,0,2,0.06417659939890341,0.06630555651380876,6986405.76537407,109278.69552505264,124228.17987758756,373093.84745848365,60.03541906901085,482372.54298353626,-1053745.4728183167,-571372.9298347803,-2189.3708582484755,-1574.2980594305134,0.9985121099315132,-2059.8594767171726,-1459.1218053355688,1.0029361211559942,-821.1667867480663,-485.3024903483271,0.9897857162800696,134.63895667392072,489.52114074558244,0.9997592517279628,-20472.103394313162,-18232.211015976518,0.9765072530774999,-1720.314260246927,-652.7796276771622,1.0121622192674051,-3025.0865307129175,-2078.7822812136087,1.0176554830978934,1421.713460097497,1552.354990715864,1.0091274962634573
cms_robust_adv,tilt,0.2,0,2,0.06417659939890341,0.0656444659398806,6986405.76537407,109278.69552505264,248459.65407843151,746197.5887408879,60.03541906901085,855476.2842659405,-1053745.4728183167,-198269.18855237623,-2189.3708582484755,-1128.5021375278066,0.9970241804066742,-2059.8594767171726,-965.05615463858,1.005872320173004,-821.1667867480663,-265.67561653655497,0.979571161694444,134.63895667392072,755.8466720191731,0.9995184970716848,-20472.103394313162,-16173.147541812019,0.9530138831667008,-1720.314260246927,-16.49401068017202,1.0243247610564945,-3025.0865307129175,-1355.5091341432467,1.0353114343896272,1421.713460097497,1632.8964625152498,1.018255234572828
cms_robust_adv,tilt,0.3,0,2,0.06417659939890341,0.06472524515469213,6986405.76537407,109278.69552505264,372694.42273356876,1119311.2242407713,60.03541906901085,1228589.919765824,-1053745.4728183167,174844.44694750718,-2189.3708582484755,-681.361766541757,0.9955362114239129,-2059.8594767171726,-473.8535328630734,1.0088085970541254,-821.1667867480663,-41.41411515827334,0.9693563362323473,134.63895667392072,1022.3076019104835,0.999277736030912,-20472.103394313162,-14009.940751914959,0.9295198902428207,-1720.314260246927,604.8750487165573,1.0364876253800963,-3025.0865307129175,-656.4731663737152,1.052967853893824,1421.713460097497,1712.0088793318464,1.0273832149377389
cms_robust_adv,tilt,0.5,0,2,0.06417659939890341,0.06177655136911686,6986405.76537407,109278.69552505264,621173.8439309378,1865568.1794673027,60.03541906901085,1974846.8749923555,-1053745.4728183167,921101.4021740388,-2189.3708582484755,216.97672412954535,0.9925601550783466,-2059.8594767171726,500.0615950830329,1.0146813844210958,-821.1667867480663,421.6122274332839,0.9489258726356429,134.63895667392072,1555.636070772377,0.9987961947948659,-20472.103394313162,-9337.809430027843,0.8825300352566885,-1720.314260246927,1804.9135832929712,1.0608143216821608,-3025.0865307129175,673.6024104897023,1.0882820976141092,1421.713460097497,1866.0960308776957,1.0456399018726994
cms_robust_adv,selection rule,smooth,0,2,0.06417659939890341,0.04597182838787861,6986405.76537407,109278.69552505264,5114208.799425819,4815529.149602807,60.03541906901085,4924807.84512786,-1053745.4728183167,3871062.372309543,-2189.3708582484755,3269.8651264731775,1.1212702238649526,-2059.8594767171726,3332.476313399698,0.8849059284224321,-821.1667867480663,4616.219818783342,0.8991495381832485,134.63895667392072,3012.4864138485273,0.7703677962443932,-20472.103394313162,8246.297178886656,1.3256296435561201,-1720.314260246927,5070.203681134566,1.7780689303242183,-3025.0865307129175,5534.637517909426,1.5213548369443055,1421.713460097497,1514.1213905465793,0.7824098407380403
cms_robust_adv,plausibility,either,0,2,0.06417659939890341,0.0656444659398806,6986405.76537407,109278.69552505264,248459.65407843151,746197.5887408879,60.03541906901085,855476.2842659405,-1053745.4728183167,-198269.18855237623,-2189.3708582484755,-1128.5021375278066,0.9970241804066742,-2059.8594767171726,-965.05615463858,1.005872320173004,-821.1667867480663,-265.67561653655497,0.979571161694444,134.63895667392072,755.8466720191731,0.9995184970716848,-20472.103394313162,-16173.147541812019,0.9530138831667008,-1720.314260246927,-16.49401068017202,1.0243247610564945,-3025.0865307129175,-1355.5091341432467,1.0353114343896272,1421.713460097497,1632.8964625152498,1.018255234572828
cms_robust_adv,plausibility,system,0,2,0.06417659939890341,0.06402091119377995,6986405.76537407,100778.71971299776,249056.89909361157,741995.1815225206,60.18744019349315,842773.9012355184,-1053745.4728183167,-210971.57158279835,-2189.3708582484755,-1154.5286990143147,0.9978068092554847,-2059.8594767171726,-976.04819109648,1.008462584594835,-821.1667867480663,-185.09805326497042,0.9841065944503152,134.63895667392072,820.7229549100907,1.007177180928519,-20472.103394313162,-16125.003597074883,0.9536049835698721,-1720.314260246927,-246.71623520557895,1.013249634307903,-3025.0865307129175,-1187.7146538149243,1.038418461602433,1421.713460097497,1630.046397867773,1.0246373011686996
cms_robust_adv,plausibility,use,0,2,0.06417659939890341,0.06402311445339315,6986405.76537407,109220.66068084346,250488.3921460341,749628.1350936238,60.003535945077466,858848.7957744672,-1053745.4728183167,-194896.67704384957,-2189.3708582484755,-1145.764268261151,0.9961514443783931,-2059.8594767171726,-956.9338674790654,1.0059486669416886,-821.1667867480663,-280.06943063944993,0.9782683843199885,134.63895667392072,789.8538274591299,1.0006139210822818,-20472.103394313162,-15764.009421086765,0.9660610390539988,-1720.314260246927,-20.41946448634325,1.025211732856915,-3025.0865307129175,-1355.9940510130318,1.0349446886224611,1421.713460097497,1633.9544344329504,1.0182616932443793
cms_robust_adv,plausibility,any,0,2,0.06417659939890341,0.06301257046406983,6986405.76537407,109271.73312866183,248928.08443502875,748443.4465779411,60.031594074733235,857715.1797066029,-1053745.4728183167,-196030.29311171372,-2189.3708582484755,-1135.6947207890262,0.9973143443430756,-2059.8594767171726,-949.4979685461602,1.0065556006993872,-821.1667867480663,-224.2220849328336,0.9827096639069579,134.63895667392072,613.4679066610054,1.0067716651054976,-20472.103394313162,-16218.053963102053,0.9525257063064713,-1720.314260246927,-49.60072205714355,1.0199950385342698,-3025.0865307129175,-1320.0174847326318,1.0352870337890334,1421.713460097497,1661.931128917681,1.024935406673951
cms_robust_adv,plan cost model,WLS,0,2,0.06417659939890341,0.07026627445186173,6986405.76537407,109278.69552505264,-147454.59336057806,515311.3738672255,60.03541906901085,624590.0693922781,-1053745.4728183167,-429155.40342603857,-2189.3708582484755,-1346.6266806406925,1.0039166132940898,-2059.8594767171726,-1180.7106156468226,1.025883959848121,-821.1667867480663,-203.18863526219246,1.0122800321361851,134.63895667392072,307.41978256511294,1.014669134203907,-20472.103394313162,-17733.680741683413,0.8898788110980898,-1720.314260246927,-403.2186098484562,0.9772722839812871,-3025.0865307129175,-1888.606541556977,0.9776589929552548,1421.713460097497,1466.7807548829066,1.069933177317311
cms_robust_adv,share of added codes real,0.0,0,2,0.06417659939890341,,,109278.69552505264,,746197.5887408879,,855476.2842659405,,,,,,,,,,,,,,,,,,,,,,,,,,
cms_robust_adv,share of added codes real,0.25,0,2,0.06417659939890341,,,27215.861546317774,,739154.9563303667,,766370.8178766845,,,,,,,,,,,,,,,,,,,,,,,,,,
cms_robust_adv,share of added codes real,0.5,0,2,0.06417659939890341,,,-51175.01076240542,,731791.9301330043,,680616.9193705989,,,,,,,,,,,,,,,,,,,,,,,,,,
cms_robust_adv,share of added codes real,1.0,0,2,0.06417659939890341,,,-228140.24809325466,,718253.4548703497,,490113.2067770951,,,,,,,,,,,,,,,,,,,,,,,,,,
cms,cost per code,0.0,0,3,0.0851676003352222,0.04798711622878571,7764721.050823087,793069.8263653283,703398.4326595423,742408.8850893747,60.01252983506014,1535478.711454703,228847.56444486105,1764326.275899564,1084.0198814047972,2652.73666744397,1.0000764596235434,969.0523204494433,1944.0355475198105,0.9785046931601128,753.794549318675,1891.608310873721,0.9975137093737976,1597.0100832861558,2656.3577163484874,1.0012269300354288,-7213.97704500306,-2350.8660925150803,1.0209409658162316,1158.0101926363484,3614.242292961008,1.0444662891629963,1392.5840784847935,4381.05016355869,1.0603380271256952,1299.275490348552,1594.2377618413602,0.9844661804651392
cms,cost per code,250.0,0,3,0.0851676003352222,0.04798711622878571,7764721.050823087,778066.6939065632,703398.4326595423,742408.8850893747,60.01252983506014,1520475.578995938,228847.56444486105,1749323.1434407989,1084.0198814047972,2652.73666744397,1.0000764596235434,969.0523204494433,1944.0355475198105,0.9785046931601128,753.794549318675,1891.608310873721,0.9975137093737976,1597.0100832861558,2656.3577163484874,1.0012269300354288,-7213.97704500306,-2350.8660925150803,1.0209409658162316,1158.0101926363484,3614.242292961008,1.0444662891629963,1392.5840784847935,4381.05016355869,1.0603380271256952,1299.275490348552,1594.2377618413602,0.9844661804651392
cms,cost per code,500.0,0,3,0.0851676003352222,0.04798711622878571,7764721.050823087,763063.5614477983,703398.4326595423,742408.8850893747,60.01252983506014,1505472.446537173,228847.56444486105,1734320.0109820338,1084.0198814047972,2652.73666744397,1.0000764596235434,969.0523204494433,1944.0355475198105,0.9785046931601128,753.794549318675,1891.608310873721,0.9975137093737976,1597.0100832861558,2656.3577163484874,1.0012269300354288,-7213.97704500306,-2350.8660925150803,1.0209409658162316,1158.0101926363484,3614.242292961008,1.0444662891629963,1392.5840784847935,4381.05016355869,1.0603380271256952,1299.275490348552,1594.2377618413602,0.9844661804651392
cms,cost per code,1000.0,0,3,0.0851676003352222,0.04798711622878571,7764721.050823087,733057.2965302682,703398.4326595423,742408.8850893747,60.01252983506014,1475466.181619643,228847.56444486105,1704313.746064504,1084.0198814047972,2652.73666744397,1.0000764596235434,969.0523204494433,1944.0355475198105,0.9785046931601128,753.794549318675,1891.608310873721,0.9975137093737976,1597.0100832861558,2656.3577163484874,1.0012269300354288,-7213.97704500306,-2350.8660925150803,1.0209409658162316,1158.0101926363484,3614.242292961008,1.0444662891629963,1392.5840784847935,4381.05016355869,1.0603380271256952,1299.275490348552,1594.2377618413602,0.9844661804651392
cms,cost per code,2000.0,0,3,0.0851676003352222,0.04798711622878571,7764721.050823087,673044.766695208,703398.4326595423,742408.8850893747,60.01252983506014,1415453.6517845828,228847.56444486105,1644301.2162294437,1084.0198814047972,2652.73666744397,1.0000764596235434,969.0523204494433,1944.0355475198105,0.9785046931601128,753.794549318675,1891.608310873721,0.9975137093737976,1597.0100832861558,2656.3577163484874,1.0012269300354288,-7213.97704500306,-2350.8660925150803,1.0209409658162316,1158.0101926363484,3614.242292961008,1.0444662891629963,1392.5840784847935,4381.05016355869,1.0603380271256952,1299.275490348552,1594.2377618413602,0.9844661804651392
cms,cost per code,3000.0,0,3,0.0851676003352222,0.04798711622878571,7764721.050823087,613032.2368601478,703398.4326595423,742408.8850893747,60.01252983506014,1355441.1219495225,228847.56444486105,1584288.6863943834,1084.0198814047972,2652.73666744397,1.0000764596235434,969.0523204494433,1944.0355475198105,0.9785046931601128,753.794549318675,1891.608310873721,0.9975137093737976,1597.0100832861558,2656.3577163484874,1.0012269300354288,-7213.97704500306,-2350.8660925150803,1.0209409658162316,1158.0101926363484,3614.242292961008,1.0444662891629963,1392.5840784847935,4381.05016355869,1.0603380271256952,1299.275490348552,1594.2377618413602,0.9844661804651392
cms,codes per person,1,0,3,0.0851676003352222,0.04798711622878571,7764721.050823087,733057.2965302682,703398.4326595423,742408.8850893747,60.01252983506014,1475466.181619643,228847.56444486105,1704313.746064504,1084.0198814047972,2652.73666744397,1.0000764596235434,969.0523204494433,1944.0355475198105,0.9785046931601128,753.794549318675,1891.608310873721,0.9975137093737976,1597.0100832861558,2656.3577163484874,1.0012269300354288,-7213.97704500306,-2350.8660925150803,1.0209409658162316,1158.0101926363484,3614.242292961008,1.0444662891629963,1392.5840784847935,4381.05016355869,1.0603380271256952,1299.275490348552,1594.2377618413602,0.9844661804651392
cms,codes per person,2,0,3,0.0851676003352222,-0.006561619631652693,7764721.050823087,1413348.786715063,828132.4999598104,874740.4871889651,120.06437499803215,2288089.2739040283,228847.56444486105,2516936.8383488897,1084.0198814047972,3167.241436043001,0.995335321371973,969.0523204494433,2621.9331142265282,0.9790195487998289,753.794549318675,2824.0292722677063,1.0003411069408028,1597.0100832861558,3434.7041440641033,0.998246402207322,-7213.97704500306,-1353.8769332188565,1.0235549940750428,1158.0101926363484,4741.766770872579,1.0480429152379567,1392.5840784847935,5109.406522098362,1.0524807811913346,1299.275490348552,1823.3183178001711,0.9795654823490137
cms,codes per person,3,0,3,0.0851676003352222,-0.12366555439069349,7764721.050823087,2075391.8086748167,964105.1589583581,1046759.8920602965,180.17858943986556,3122151.700735113,228847.56444486105,3350999.265179974,1084.0198814047972,3526.056788336986,0.9935120146754559,969.0523204494433,3279.359967987857,0.9789862255291373,753.794549318675,3330.9228914990285,0.9974751157616197,1597.0100832861558,3439.301349903553,0.9919240574297763,-7213.97704500306,-1265.0148405686195,1.0151036626883203,1158.0101926363484,6497.98058531022,1.052109667595943,1392.5840784847935,4362.690218183699,1.045439970885883,1299.275490348552,2313.2127158986054,0.9792688194540564
cms,reach,0.02,0,3,0.0851676003352222,0.06323328772789871,7764721.050823087,246915.57606040785,560733.6747551655,664737.3493033154,20.214011162842915,911652.9253637233,228847.56444486105,1140500.4898085843,1084.0198814047972,2097.8455876300104,1.0022397706036756,969.0523204494433,1532.7419545273199,0.9812714186010747,753.794549318675,1538.9776445383584,1.002865242980091,1597.0100832861558,2005.79828156083,1.0058522750833379,-7213.97704500306,-3498.7230793433014,1.006126225688719,1158.0101926363484,2735.5022538730113,1.0400191082415948,1392.5840784847935,3175.1342503493365,1.0511293744042576,1299.275490348552,1498.9383020118914,0.9958607476206367
cms,reach,0.04,0,3,0.0851676003352222,0.053117121822660485,7764721.050823087,489148.9451622315,630095.6688714812,712336.7648897038,40.04470837993294,1201485.7100519354,228847.56444486105,1430333.2744967965,1084.0198814047972,2355.8628060942406,0.9999184320832433,969.0523204494433,1709.4773234421882,0.9788746656395094,753.794549318675,1698.7218114744344,0.9995937986473512,1597.0100832861558,2282.5693471885143,1.002171456898208,-7213.97704500306,-2821.5739114468424,1.0134899608006733,1158.0101926363484,3155.313598831525,1.043784561969865,1392.5840784847935,3802.515213537741,1.0561889633869663,1299.275490348552,1532.8160985868592,0.9856469957933854
cms,reach,0.05,0,3,0.0851676003352222,0.049140963689221606,7764721.050823087,610873.954421414,664841.7551976071,727824.2839238051,50.00985814982959,1338698.238345219,228847.56444486105,1567545.8027900802,1084.0198814047972,2493.059222525231,1.0007312006018694,969.0523204494433,1840.9049660524117,0.9792672080841255,753.794549318675,1809.4463832412664,0.999118879360563,1597.0100832861558,2328.120614417133,0.9989552453624763,-7213.97704500306,-2614.287633828117,1.0180470825297814,1158.0101926363484,3369.8311896987284,1.044784001681486,1392.5840784847935,4144.248422631077,1.0594240759533466,1299.275490348552,1562.651624792797,0.9857138645785445
cms,reach,0.06,0,3,0.0851676003352222,0.04798711622878571,7764721.050823087,733057.2965302682,703398.4326595423,742408.8850893747,60.01252983506014,1475466.181619643,228847.56444486105,1704313.746064504,1084.0198814047972,2652.73666744397,1.0000764596235434,969.0523204494433,1944.0355475198105,0.9785046931601128,753.794549318675,1891.608310873721,0.9975137093737976,1597.0100832861558,2656.3577163484874,1.0012269300354288,-7213.97704500306,-2350.8660925150803,1.0209409658162316,1158.0101926363484,3614.242292961008,1.0444662891629963,1392.5840784847935,4381.05016355869,1.0603380271256952,1299.275490348552,1594.2377618413602,0.9844661804651392
cms,reach,0.075,0,3,0.0851676003352222,0.04417938666143528,7764721.050823087,920660.9726384764,748762.8975552723,780440.1043193877,75.37090804492212,1701101.076957864,228847.56444486105,1929948.641402725,1084.0198814047972,2871.8542736237077,0.9984322172009217,969.0523204494433,2058.101280536578,0.976103547752069,753.794549318675,1993.3982828708308,0.9955404841764466,1597.0100832861558,2883.3742774254874,0.998176740758134,-7213.97704500306,-2243.2343459143763,1.0228343449452773,1158.0101926363484,3867.547013186635,1.0455438656832061,1392.5840784847935,4782.5115829463075,1.0617149879285968,1299.275490348552,1673.1842807541143,0.9795305932939538
cms,reach,0.1,0,3,0.0851676003352222,0.03685350978520341,7764721.050823087,1223562.0935705476,817858.0375961983,803182.2532629449,100.16823649803104,2026744.3468334924,228847.56444486105,2255591.9112783535,1084.0198814047972,3128.10345031747,0.9982185673308754,969.0523204494433,2200.3172103554634,0.9716209656260314,753.794549318675,2268.6348686424444,0.9919574232482212,1597.0100832861558,3129.5403473207266,0.9936649311892011,-7213.97704500306,-2063.414188753371,1.0268475772140824,1158.0101926363484,4329.505707693795,1.0536163086500623,1392.5840784847935,5097.907328861844,1.0630792080616922,1299.275490348552,1819.5869859648808,0.9759774351001962
cms,reach,0.25,0,3,0.0851676003352222,-0.011025581899066994,7764721.050823087,3053927.7942967066,1220561.617752751,1045401.1632445512,250.01310775682748,4099328.9575412576,228847.56444486105,4328176.5219861185,1084.0198814047972,4892.461578961892,0.9914332508477257,969.0523204494433,3733.467600576399,0.944380141336649,753.794549318675,4229.218946416648,0.9840789849247306,1597.0100832861558,5151.777307383534,0.9873006840772709,-7213.97704500306,294.5251475461343,1.0404707303013903,1158.0101926363484,7005.349243204034,1.0771583484297749,1392.5840784847935,7706.174005195364,1.0889836612547907,1299.275490348552,2396.2383799842237,0.9150677618746205
cms,reach,0.5,0,3,0.0851676003352222,-0.13802571711212264,7764721.050823087,5954072.362730332,1883311.0249779883,1462997.57699728,500.0586896548679,7417069.939727612,228847.56444486105,7645917.504172471,1084.0198814047972,8554.247424210926,0.9869257046780489,969.0523204494433,6229.038438890006,0.9297324985345755,753.794549318675,7508.168797227042,0.9684211931674727,1597.0100832861558,7905.57133660274,0.9636616420772843,-7213.97704500306,6557.3304896320105,1.0737900157579514,1158.0101926363484,12667.823557608133,1.1038088977246265,1392.5840784847935,13344.526348345633,1.1241000727957953,1299.275490348552,4795.242864056822,0.8865961407709407
cms,reach,1.0,0,3,0.0851676003352222,-0.17319723550133137,7764721.050823087,7067763.092002678,1583544.1430662046,1309141.6075601517,710.3264983692312,8376904.69956283,228847.56444486105,8605752.264007691,1084.0198814047972,9713.913997071515,0.9856647565243326,969.0523204494433,7545.795077262047,0.9353020417441738,753.794549318675,8696.23883560229,0.9682802267392572,1597.0100832861558,9252.048273142489,0.9712052643800829,-7213.97704500306,7485.510981519716,1.0421119550246856,1158.0101926363484,13721.78085996293,1.0887391041237877,1392.5840784847935,14175.37173842212,1.1027485587475467,1299.275490348552,5734.812330684402,0.8940714729036461
cms,tilt,0.0,0,3,0.0851676003352222,0.06612631888380205,7764721.050823087,733057.2965302682,0.0,0.0,60.01252983506014,733057.2965302682,228847.56444486105,961904.8609751292,1084.0198814047972,1826.49934006073,1.0,969.0523204494433,1433.8707318465943,1.0,753.794549318675,1356.1105824268523,1.0,1597.0100832861558,2159.686570315986,1.0,-7213.97704500306,-4975.0020398386605,1.0,1158.0101926363484,2587.9051438580645,1.0,1392.5840784847935,3171.4387229268073,1.0,1299.275490348552,1414.7790370532282,1.0
cms,tilt,0.05,0,3,0.0851676003352222,0.06174988478899712,7764721.050823087,733057.2965302682,175847.80247609245,185600.31544011456,60.01252983506014,918657.6119703827,228847.56444486105,1147505.176415244,1084.0198814047972,2033.0683956580192,1.000019114709607,969.0523204494433,1559.343378298064,0.9946262284704676,753.794549318675,1489.7338482540529,0.9993784337259872,1597.0100832861558,2283.967304895655,1.0003067293592143,-7213.97704500306,-4308.725030383959,1.005235187696663,1158.0101926363484,2852.9496739641186,1.0111164581416747,1392.5840784847935,3487.3198208824347,1.015084351888131,1299.275490348552,1459.1185335241505,0.9961165849930352
cms,tilt,0.1,0,3,0.0851676003352222,0.05727035472259545,7764721.050823087,733057.2965302682,351696.8087364732,371201.9014263508,60.01252983506014,1104259.197956619,228847.56444486105,1333106.76240148,1084.0198814047972,2239.630968550884,1.0000382295500654,969.0523204494433,1686.180071169499,0.9892524201542273,753.794549318675,1623.5243487081252,0.9987568631969781,1597.0100832861558,2408.1726951116198,1.000613460818176,-7213.97704500306,-3649.3474146546287,1.0104704112313438,1158.0101926363484,3112.2314096064856,1.0222329923822113,1392.5840784847935,3793.9523438187657,1.0301688070377504,1299.275490348552,1503.8054100877678,0.9922331434017522
cms,tilt,0.2,0,3,0.0851676003352222,0.04798711622878571,7764721.050823087,733057.2965302682,703398.4326595423,742408.8850893747,60.01252983506014,1475466.181619643,228847.56444486105,1704313.746064504,1084.0198814047972,2652.73666744397,1.0000764596235434,969.0523204494433,1944.0355475198105,0.9785046931601128,753.794549318675,1891.608310873721,0.9975137093737976,1597.0100832861558,2656.3577163484874,1.0012269300354288,-7213.97704500306,-2350.8660925150803,1.0209409658162316,1158.0101926363484,3614.242292961008,1.0444662891629963,1392.5840784847935,4381.05016355869,1.0603380271256952,1299.275490348552,1594.2377618413602,0.9844661804651392
cms,tilt,0.3,0,3,0.0851676003352222,0.038244986073625364,7764721.050823087,733057.2965302682,1055104.8718680919,1113620.951093446,60.01252983506014,1846678.2476237142,228847.56444486105,2075525.8120685748,1084.0198814047972,3065.816439181063,1.0001146902204443,969.0523204494433,2207.6220616886676,0.9677568190146336,753.794549318675,2160.364991565337,0.9962705385301079,1597.0100832861558,2904.242180989459,1.00184040765193,-7213.97704500306,-1078.7310509732106,1.0314116637576065,1158.0101926363484,4095.332727284977,1.066699890348606,1392.5840784847935,4935.670881321435,1.0905076602723172,1299.275490348552,1686.109663992472,0.9766991111879766
cms,tilt,0.5,0,3,0.0851676003352222,0.017241174643966573,7764721.050823087,733057.2965302682,1758532.1965372148,1856060.3305422408,60.01252983506014,2589117.627072509,228847.56444486105,2817965.1915173703,1084.0198814047972,3891.8982109500234,1.000191152984558,969.0523204494433,2752.7698364249095,0.9462606292574944,753.794549318675,2699.9066625547634,0.9937841457798045,1597.0100832861558,3399.11162171937,1.0030673880833691,-7213.97704500306,1389.6438136835566,1.0523534897215963,1158.0101926363484,4999.7739237022,1.1111680059593068,1392.5840784847935,5957.695389669576,1.1508481657755245,1299.275490348552,1874.3118367665404,0.9611646536032682
cms,selection rule,smooth,0,3,0.0851676003352222,-1.0218902711773028,7764721.050823087,733057.2965302682,28577286.040163085,19604090.917804748,60.01252983506014,20337148.214335017,228847.56444486105,20565995.778779875,1084.0198814047972,21190.27661423885,1.554758566378557,969.0523204494433,20356.255055322697,0.49336491608256644,753.794549318675,20964.324994846433,0.8854447672834181,1597.0100832861558,5189.950277714036,0.367110333351521,-7213.97704500306,22129.409420259264,2.883963559262882,1158.0101926363484,21286.290208441245,2.111998255388308,1392.5840784847935,21665.223223027155,3.119612574675984,1299.275490348552,16921.158606069625,0.44512104467476576
cms,plausibility,either,0,3,0.0851676003352222,0.04798711622878571,7764721.050823087,733057.2965302682,703398.4326595423,742408.8850893747,60.01252983506014,1475466.181619643,228847.56444486105,1704313.746064504,1084.0198814047972,2652.73666744397,1.0000764596235434,969.0523204494433,1944.0355475198105,0.9785046931601128,753.794549318675,1891.608310873721,0.9975137093737976,1597.0100832861558,2656.3577163484874,1.0012269300354288,-7213.97704500306,-2350.8660925150803,1.0209409658162316,1158.0101926363484,3614.242292961008,1.0444662891629963,1392.5840784847935,4381.05016355869,1.0603380271256952,1299.275490348552,1594.2377618413602,0.9844661804651392
cms,plausibility,system,0,3,0.0851676003352222,0.031600805866326964,7764721.050823087,706834.0265328746,700472.2857078408,751625.3699564218,60.0335284982364,1458459.3964892963,228847.56444486105,1687306.9609341575,1084.0198814047972,2787.7062539161184,1.0014222244781696,969.0523204494433,1954.7118894888347,0.9807597102912899,753.794549318675,1894.3945775859302,0.9980853532028121,1597.0100832861558,2621.518772139424,1.002980493321863,-7213.97704500306,-2058.092891801899,1.014361100813162,1158.0101926363484,4114.353095808579,1.046988947713732,1392.5840784847935,4134.619760645846,1.0549876275584267,1299.275490348552,1747.1776375906195,0.9872847556881259
cms,plausibility,use,0,3,0.0851676003352222,0.04988697382775753,7764721.050823087,733557.4402125438,697774.7012115801,743952.2797373327,60.05347463950648,1477509.7199498764,228847.56444486105,1706357.2843947378,1084.0198814047972,2657.0201823134407,0.9994582940316392,969.0523204494433,1934.3965525072063,0.9784304273508689,753.794549318675,1860.0194237064381,0.9967886067664874,1597.0100832861558,2640.6295357021436,1.0008874953116387,-7213.97704500306,-2333.7680874766224,1.019530783152565,1158.0101926363484,3527.300886465263,1.044630420638226,1392.5840784847935,4444.578699913391,1.0605638299656017,1299.275490348552,1594.2377618413602,0.9844553635958454
cms,plausibility,any,0,3,0.0851676003352222,0.04376045716120369,7764721.050823087,733028.4747770398,687509.1121019169,756378.1098280437,60.01017031100425,1489406.5846050836,228847.56444486105,1718254.1490499445,1084.0198814047972,2692.8333167759324,0.9998951264606445,969.0523204494433,1926.0475830576522,0.9787024463970837,753.794549318675,2024.8120531121467,0.9997422713449937,1597.0100832861558,2511.530542718047,1.001059679639365,-7213.97704500306,-2404.2168495966434,1.016923821676312,1158.0101926363484,3435.637598685889,1.0430089073989963,1392.5840784847935,4381.979490073349,1.0609228225380425,1299.275490348552,1687.237661405035,0.9862917947421792
cms,plan cost model,WLS,0,3,0.0851676003352222,0.06225585469576789,7764721.050823087,733057.2965302682,342332.3290932962,518302.6795315791,60.01252983506014,1251359.9760618473,228847.56444486105,1480207.5405067084,1084.0198814047972,2220.1612882427203,1.0188935895175997,969.0523204494433,1733.7088381364026,1.0054558215097573,753.794549318675,1570.4213685731975,1.0122735548987658,1597.0100832861558,2388.233536439954,1.014808805317555,-7213.97704500306,-2875.540404267066,1.0055626570140472,1158.0101926363484,3348.208733084204,1.0071736642619193,1392.5840784847935,3956.9269696304978,1.0385391636476091,1299.275490348552,1493.8390520442579,1.0424595366742218
cms,share of added codes real,0.0,0,3,0.0851676003352222,,,733057.2965302682,,742408.8850893747,,1475466.1816196428,,,,,,,,,,,,,,,,,,,,,,,,,,
cms,share of added codes real,0.25,0,3,0.0851676003352222,,,470750.6897154004,,700086.5541766613,,1170837.2438920618,,,,,,,,,,,,,,,,,,,,,,,,,,
cms,share of added codes real,0.5,0,3,0.0851676003352222,,,181529.7192048587,,650470.0872007398,,831999.8064055985,,,,,,,,,,,,,,,,,,,,,,,,,,
cms,share of added codes real,1.0,0,3,0.0851676003352222,,,-359394.930378527,,562447.5178635482,,203052.58748502127,,,,,,,,,,,,,,,,,,,,,,,,,,
cms_pen_1,cost per code,0.0,0,3,0.09274104175067022,0.07894675309428412,7786109.770481151,155888.48223949262,455447.1883152299,700087.5509087843,60.096551366531116,855976.0331482769,250236.28410292414,1106212.317251201,758.8015688755197,1612.2652971701448,0.9938559274015324,959.6890371862413,1513.5580864056942,0.9732941709602182,628.9585764815087,1295.3999368875127,0.987299674956682,1788.6187141226903,2205.674657233852,1.0051142603515182,-9406.799764854062,-6468.223587088264,0.9738169054112414,901.4281969301726,2274.9550079311307,1.0313609399756083,1523.1379612073677,2805.379717842534,1.0668595572109059,1309.3602052549174,1626.8257808959854,0.9888461954716674
cms_pen_1,cost per code,250.0,0,3,0.09274104175067022,0.07894675309428412,7786109.770481151,140864.34439785985,455447.1883152299,700087.5509087843,60.096551366531116,840951.895306644,250236.28410292414,1091188.1794095682,758.8015688755197,1612.2652971701448,0.9938559274015324,959.6890371862413,1513.5580864056942,0.9732941709602182,628.9585764815087,1295.3999368875127,0.987299674956682,1788.6187141226903,2205.674657233852,1.0051142603515182,-9406.799764854062,-6468.223587088264,0.9738169054112414,901.4281969301726,2274.9550079311307,1.0313609399756083,1523.1379612073677,2805.379717842534,1.0668595572109059,1309.3602052549174,1626.8257808959854,0.9888461954716674
cms_pen_1,cost per code,500.0,0,3,0.09274104175067022,0.07894675309428412,7786109.770481151,125840.20655622706,455447.1883152299,700087.5509087843,60.096551366531116,825927.7574650113,250236.28410292414,1076164.0415679354,758.8015688755197,1612.2652971701448,0.9938559274015324,959.6890371862413,1513.5580864056942,0.9732941709602182,628.9585764815087,1295.3999368875127,0.987299674956682,1788.6187141226903,2205.674657233852,1.0051142603515182,-9406.799764854062,-6468.223587088264,0.9738169054112414,901.4281969301726,2274.9550079311307,1.0313609399756083,1523.1379612073677,2805.379717842534,1.0668595572109059,1309.3602052549174,1626.8257808959854,0.9888461954716674
cms_pen_1,cost per code,1000.0,0,3,0.09274104175067022,0.07894675309428412,7786109.770481151,95791.9308729615,455447.1883152299,700087.5509087843,60.096551366531116,795879.4817817458,250236.28410292414,1046115.76588467,758.8015688755197,1612.2652971701448,0.9938559274015324,959.6890371862413,1513.5580864056942,0.9732941709602182,628.9585764815087,1295.3999368875127,0.987299674956682,1788.6187141226903,2205.674657233852,1.0051142603515182,-9406.799764854062,-6468.223587088264,0.9738169054112414,901.4281969301726,2274.9550079311307,1.0313609399756083,1523.1379612073677,2805.379717842534,1.0668595572109059,1309.3602052549174,1626.8257808959854,0.9888461954716674
cms_pen_1,cost per code,2000.0,0,3,0.09274104175067022,0.07894675309428412,7786109.770481151,35695.37950643039,455447.1883152299,700087.5509087843,60.096551366531116,735782.9304152146,250236.28410292414,986019.2145181389,758.8015688755197,1612.2652971701448,0.9938559274015324,959.6890371862413,1513.5580864056942,0.9732941709602182,628.9585764815087,1295.3999368875127,0.987299674956682,1788.6187141226903,2205.674657233852,1.0051142603515182,-9406.799764854062,-6468.223587088264,0.9738169054112414,901.4281969301726,2274.9550079311307,1.0313609399756083,1523.1379612073677,2805.379717842534,1.0668595572109059,1309.3602052549174,1626.8257808959854,0.9888461954716674
cms_pen_1,cost per code,3000.0,0,3,0.09274104175067022,0.08099033368340669,7786109.770481151,0.0,422981.53912795923,688281.5947541362,0.0,688281.5947541362,250236.28410292414,938517.8788570601,758.8015688755197,1478.7027462143606,0.995366719285596,959.6890371862413,1423.26817259004,0.9739402675560408,628.9585764815087,1152.362383737567,0.9888357508065189,1788.6187141226903,2121.381107941673,1.0061293361905725,-9406.799764854062,-6803.21197578983,0.9725916366868448,901.4281969301726,1874.1786230090402,1.0238910794266707,1523.1379612073677,2647.316613200115,1.06641768546912,1309.3602052549174,1590.6660027766195,0.992060261510838
cms_pen_1,codes per person,1,0,3,0.09274104175067022,0.07894675309428412,7786109.770481151,95791.9308729615,455447.1883152299,700087.5509087843,60.096551366531116,795879.4817817458,250236.28410292414,1046115.76588467,758.8015688755197,1612.2652971701448,0.9938559274015324,959.6890371862413,1513.5580864056942,0.9732941709602182,628.9585764815087,1295.3999368875127,0.987299674956682,1788.6187141226903,2205.674657233852,1.0051142603515182,-9406.799764854062,-6468.223587088264,0.9738169054112414,901.4281969301726,2274.9550079311307,1.0313609399756083,1523.1379612073677,2805.379717842534,1.0668595572109059,1309.3602052549174,1626.8257808959854,0.9888461954716674
cms_pen_1,codes per person,2,0,3,0.09274104175067022,0.07875495918796815,7786109.770481151,180664.63542948943,476639.55919342616,688276.0900739618,120.02553173330807,868940.7255034511,250236.28410292414,1119177.0096063751,758.8015688755197,1733.5096912818549,0.9927995464249966,959.6890371862413,1674.8769725461025,0.9690626716612499,628.9585764815087,1435.85530311964,0.9900163542581799,1788.6187141226903,2331.006946319024,1.0049908271693757,-9406.799764854062,-6130.409950739238,0.977612053558721,901.4281969301726,2512.9731559960915,1.0343247072870292,1523.1379612073677,2849.4625025815894,1.0675978344095327,1309.3602052549174,1686.827380438917,0.9784826198518181
cms_pen_1,codes per person,3,0,3,0.09274104175067022,0.07637299044827273,7786109.770481151,267692.231132341,509716.9304474657,710722.7713718914,182.26184819191272,978415.0025042325,250236.28410292414,1228651.286607157,758.8015688755197,1931.953619501434,0.9921071687118626,959.6890371862413,1768.1749303695258,0.9658220692429389,628.9585764815087,1626.4881716096254,0.9897512943780816,1788.6187141226903,2462.228806248809,1.0066947585789625,-9406.799764854062,-6187.6285334432,0.9791835085235931,901.4281969301726,2851.2526262487704,1.0396365457474637,1523.1379612073677,2879.1990849427893,1.0671726782499924,1309.3602052549174,1767.288891514481,0.9735469774890009
cms_pen_1,reach,0.02,0,3,0.09274104175067022,0.08025810328257832,7786109.770481151,32009.490340710712,434103.715048566,693509.9560983594,20.081649497473276,725519.4464390702,250236.28410292414,975755.7305419941,758.8015688755197,1525.687909902793,0.9957115488435515,959.6890371862413,1438.452370731459,0.9736585681433265,628.9585764815087,1200.9782024776662,0.9896688764216185,1788.6187141226903,2157.37521272731,1.0061292757505196,-9406.799764854062,-6591.841340809951,0.9790253066271444,901.4281969301726,2031.370013593714,1.0256653738179302,1523.1379612073677,2728.2806785219636,1.0677260779606537,1309.3602052549174,1597.9261861769921,0.9928435374470624
cms_pen_1,reach,0.04,0,3,0.09274104175067022,0.0791846257713601,7786109.770481151,64624.102248693205,449644.39346112264,707140.5112162728,40.542931381715874,771764.613464966,250236.28410292414,1022000.8975678902,758.8015688755197,1573.0762040925683,0.995378174202775,959.6890371862413,1462.1578743828973,0.9730267517898099,628.9585764815087,1253.3102519691984,0.9886003513627761,1788.6187141226903,2177.7025406831194,1.0061108600172566,-9406.799764854062,-6475.072009452666,0.9772233507071141,901.4281969301726,2195.6188704809065,1.0282601186170093,1523.1379612073677,2822.301704992087,1.0681055548335292,1309.3602052549174,1612.122324500895,0.9913544891438804
cms_pen_1,reach,0.05,0,3,0.09274104175067022,0.07890295047177143,7786109.770481151,79806.90146220401,455305.94871090533,702361.0724106247,50.068095604916905,782167.9738728288,250236.28410292414,1032404.257975753,758.8015688755197,1594.346734986789,0.9942071855968907,959.6890371862413,1477.3680231269896,0.9720567817697838,628.9585764815087,1279.8638937307278,0.9887764707883008,1788.6187141226903,2201.472962636437,1.0070909255643252,-9406.799764854062,-6448.607642120318,0.9772442426991054,901.4281969301726,2246.1306919694853,1.0293459823490154,1523.1379612073677,2811.5708049650743,1.0687575525317208,1309.3602052549174,1622.7826550900086,0.9907747295477742
cms_pen_1,reach,0.06,0,3,0.09274104175067022,0.07894675309428412,7786109.770481151,95791.9308729615,455447.1883152299,700087.5509087843,60.096551366531116,795879.4817817458,250236.28410292414,1046115.76588467,758.8015688755197,1612.2652971701448,0.9938559274015324,959.6890371862413,1513.5580864056942,0.9732941709602182,628.9585764815087,1295.3999368875127,0.987299674956682,1788.6187141226903,2205.674657233852,1.0051142603515182,-9406.799764854062,-6468.223587088264,0.9738169054112414,901.4281969301726,2274.9550079311307,1.0313609399756083,1523.1379612073677,2805.379717842534,1.0668595572109059,1309.3602052549174,1626.8257808959854,0.9888461954716674
cms_pen_1,reach,0.075,0,3,0.09274104175067022,0.07854756781346184,7786109.770481151,119779.58333156731,459945.8501324001,692469.9005026075,75.14557663414895,812249.4838341747,250236.28410292414,1062485.7679370989,758.8015688755197,1639.0341834537537,0.9927008491106875,959.6890371862413,1546.2949180132823,0.9703411818112421,628.9585764815087,1314.0338700655443,0.9888388288165068,1788.6187141226903,2254.640198829133,1.0024890819903127,-9406.799764854062,-6438.062914750688,0.9696108186594242,901.4281969301726,2289.180830190832,1.033663647326706,1523.1379612073677,2822.689685527814,1.067118979703428,1309.3602052549174,1652.2085587670258,0.9859884604622623
cms_pen_1,reach,0.1,0,3,0.09274104175067022,0.07842695666487443,7786109.770481151,159652.96926797504,464345.3050528813,703103.7239993601,100.16076282204133,862756.6932673352,250236.28410292414,1112992.9773702594,758.8015688755197,1716.6919504744067,0.988808267396171,959.6890371862413,1595.9062503772634,0.9655661413882548,628.9585764815087,1351.6572315795104,0.9875179953259944,1788.6187141226903,2299.135748271981,0.9985272113645849,-9406.799764854062,-6390.878947603402,0.9701460196899377,901.4281969301726,2442.0301723210473,1.034216921396365,1523.1379612073677,2827.0375559616286,1.0668467643460597,1309.3602052549174,1672.1554190885936,0.9787778630518731
cms_pen_1,reach,0.25,0,3,0.09274104175067022,0.07696949683436238,7786109.770481151,398056.7479522973,523526.60063750035,693480.1256826053,250.07527359536957,1091536.8736349025,250236.28410292414,1341773.1577378265,758.8015688755197,2021.9356918213773,0.9862710818226171,959.6890371862413,1857.9877851670851,0.9575703806616015,628.9585764815087,1656.9065683635931,0.9872264847857891,1788.6187141226903,2606.0126856193856,0.9967830750706531,-9406.799764854062,-6169.511731448656,0.9673493620848921,901.4281969301726,3067.79700796654,1.0478748845573072,1523.1379612073677,3172.1746334398886,1.0672333401152243,1309.3602052549174,1803.2116066305127,0.9584006547038377
cms_pen_1,reach,0.5,0,3,0.09274104175067022,0.06718212507497168,7786109.770481151,709963.7209091289,664333.9687022014,708148.461191064,500.01532208005415,1418112.1821001929,250236.28410292414,1668348.466203117,758.8015688755197,2574.2292870552833,0.9891538264232939,959.6890371862413,2172.2095986518993,0.9488671008389572,628.9585764815087,2222.912851868929,0.9843679786253577,1788.6187141226903,3247.6062677184723,0.9917617341079521,-9406.799764854062,-4645.451039166223,0.9944825118127033,901.4281969301726,3800.9611942982215,1.0534523687256794,1523.1379612073677,4622.622669817847,1.0873200600236557,1309.3602052549174,2018.0921163695987,0.9387886166961056
cms_pen_1,reach,1.0,0,3,0.09274104175067022,0.06277026044102685,7786109.770481151,862058.1561777993,634977.1906839882,748594.062440968,710.9424456456507,1610652.2186187673,250236.28410292414,1860888.5027216913,758.8015688755197,2963.5505997485784,0.9892867636619239,959.6890371862413,2613.4208672399886,0.9488317943247806,628.9585764815087,2628.263611986515,0.9895838278768095,1788.6187141226903,3616.036192659885,0.999316011607152,-9406.799764854062,-4503.258013947212,0.9796126312814405,901.4281969301726,4150.636443191851,1.0518506833356784,1523.1379612073677,4801.469710412828,1.0799980432891343,1309.3602052549174,2387.9291505296874,0.9227568404149863
cms_pen_1,tilt,0.0,0,3,0.09274104175067022,0.09172087762488768,7786109.770481151,95791.9308729615,0.0,0.0,60.096551366531116,95791.9308729615,250236.28410292414,346028.21497588564,758.8015688755197,881.0692307444729,1.0,959.6890371862413,1040.2549703842271,1.0,628.9585764815087,747.8002591519017,1.0,1788.6187141226903,1885.0838244333745,1.0,-9406.799764854062,-9051.033591328589,1.0,901.4281969301726,1266.634396137756,1.0,1523.1379612073677,1718.262661150229,1.0,1309.3602052549174,1355.5482239423882,1.0
cms_pen_1,tilt,0.05,0,3,0.09274104175067022,0.08872690890264967,7786109.770481151,95791.9308729615,113861.10396312184,175020.82230913118,60.096551366531116,270812.7531820927,250236.28410292414,521049.0372850168,758.8015688755197,1063.0234943486796,0.9984639912006504,959.6890371862413,1156.1941183652013,0.9933235833819322,628.9585764815087,883.3911919470596,0.9968249380669754,1788.6187141226903,1965.5380731307534,1.0012785573048164,-9406.799764854062,-8418.098382234346,0.9934542661991721,901.4281969301726,1524.595969963715,1.007840187267711,1523.1379612073677,2003.4444485675863,1.016714787553481,1309.3602052549174,1422.7982830969813,0.9972115658421721
cms_pen_1,tilt,0.1,0,3,0.09274104175067022,0.0856050420710478,7786109.770481151,95791.9308729615,227722.67000149353,350042.3548940902,60.096551366531116,445834.2857670517,250236.28410292414,696070.5698699758,758.8015688755197,1245.539188929757,0.9969279761678148,959.6890371862413,1273.702814055805,0.9866471396693894,628.9585764815087,1019.8492020270469,0.9936498632488001,1788.6187141226903,2045.7874410828786,1.0025571197983207,-9406.799764854062,-7776.76458689961,0.986908505834211,901.4281969301726,1778.5760793381496,1.015680406352754,1523.1379612073677,2279.4022234396257,1.0334296429395171,1309.3602052549174,1490.4257654973421,0.99442312036822
cms_pen_1,tilt,0.2,0,3,0.09274104175067022,0.07894675309428412,7786109.770481151,95791.9308729615,455447.1883152299,700087.5509087843,60.096551366531116,795879.4817817458,250236.28410292414,1046115.76588467,758.8015688755197,1612.2652971701448,0.9938559274015324,959.6890371862413,1513.5580864056942,0.9732941709602182,628.9585764815087,1295.3999368875127,0.987299674956682,1788.6187141226903,2205.674657233852,1.0051142603515182,-9406.799764854062,-6468.223587088264,0.9738169054112414,901.4281969301726,2274.9550079311307,1.0313609399756083,1523.1379612073677,2805.379717842534,1.0668595572109059,1309.3602052549174,1626.8257808959854,0.9888461954716674
cms_pen_1,tilt,0.3,0,3,0.09274104175067022,0.07167780972613147,7786109.770481151,95791.9308729615,683173.5549637094,1050135.5880786728,60.096551366531116,1145927.5189516344,250236.28410292414,1396163.8030545583,758.8015688755197,1981.2685696122599,0.9907838537008484,959.6890371862413,1760.088254463693,0.9599410938711664,628.9585764815087,1574.5205138760025,0.980949435123018,1788.6187141226903,2364.7516782949374,1.007671421659844,-9406.799764854062,-5124.009105741701,0.9607251987297971,901.4281969301726,2756.470206116441,1.0470416008701118,1523.1379612073677,3299.3997244951274,1.1002897428174694,1309.3602052549174,1764.7741945769355,0.9832692253097908
cms_pen_1,tilt,0.5,0,3,0.09274104175067022,0.054972633104596325,7786109.770481151,95791.9308729615,1138631.8333549174,1750240.1860223943,60.096551366531116,1846032.1168953557,250236.28410292414,2096268.4009982804,758.8015688755197,2726.1919767023173,0.9846396314950637,959.6890371862413,2274.319709492729,0.9332346145481449,628.9585764815087,2143.752326621558,0.9682488008285435,1788.6187141226903,2680.4996439212414,1.0127858065428936,-9406.799764854062,-2322.5609722601707,0.9345414665863105,901.4281969301726,3677.5022756630824,1.0784033044802663,1523.1379612073677,4202.5500706382945,1.1671509280493364,1309.3602052549174,2045.4228912458154,0.9721151491878622
cms_pen_1,selection rule,smooth,0,3,0.09274104175067022,-0.31185772515215526,7786109.770481151,95791.9308729615,10384020.398865996,8421693.509677723,60.096551366531116,8517485.440550685,250236.28410292414,8767721.72465361,758.8015688755197,8595.451149605307,1.0534101942959126,959.6890371862413,6814.516454965741,0.6763591944770623,628.9585764815087,5958.330416464383,0.7719784937924528,1788.6187141226903,11350.563943147208,0.9387931099546938,-9406.799764854062,11765.068876243939,1.9082575292542692,901.4281969301726,10327.575803794123,1.5709461327794483,1523.1379612073677,13224.51941063382,2.676721102509523,1309.3602052549174,3070.558950321569,0.569120021445967
cms_pen_1,plausibility,either,0,3,0.09274104175067022,0.07894675309428412,7786109.770481151,95791.9308729615,455447.1883152299,700087.5509087843,60.096551366531116,795879.4817817458,250236.28410292414,1046115.76588467,758.8015688755197,1612.2652971701448,0.9938559274015324,959.6890371862413,1513.5580864056942,0.9732941709602182,628.9585764815087,1295.3999368875127,0.987299674956682,1788.6187141226903,2205.674657233852,1.0051142603515182,-9406.799764854062,-6468.223587088264,0.9738169054112414,901.4281969301726,2274.9550079311307,1.0313609399756083,1523.1379612073677,2805.379717842534,1.0668595572109059,1309.3602052549174,1626.8257808959854,0.9888461954716674
cms_pen_1,plausibility,system,0,3,0.09274104175067022,0.07801085979028877,7786109.770481151,63510.536254843195,449593.11958881654,698871.7251815865,60.00716519128938,762382.2614364297,250236.28410292414,1012618.5455393537,758.8015688755197,1587.634898079653,0.9960543799944538,959.6890371862413,1494.0515178038593,0.974249285253706,628.9585764815087,1253.8374018961497,0.9866650065573594,1788.6187141226903,2289.3956614998992,1.0087904184338268,-9406.799764854062,-6619.299712289621,0.9762573581523356,901.4281969301726,2049.326748803061,1.025455213953729,1523.1379612073677,3050.7011380950053,1.0692711988164556,1309.3602052549174,1650.2702785732577,0.9930962404803474
cms_pen_1,plausibility,use,0,3,0.09274104175067022,0.078567127917621,7786109.770481151,95778.64751012095,457723.84201150225,698898.3176800521,60.08821784313313,794676.9651901731,250236.28410292414,1044913.2492930973,758.8015688755197,1600.121207020694,0.9938928004135235,959.6890371862413,1502.4833908292112,0.972750976560819,628.9585764815087,1300.222452557541,0.987233450676632,1788.6187141226903,2244.9327158459732,1.005357052963856,-9406.799764854062,-6479.315176712573,0.9738367461515682,901.4281969301726,2253.91155694473,1.0313026761508544,1523.1379612073677,2796.6385886649614,1.0673456492130553,1309.3602052549174,1628.4558218972911,0.9900079731177127
cms_pen_1,plausibility,any,0,3,0.09274104175067022,0.0784525061834811,7786109.770481151,95746.74420457456,462410.93000520393,711923.5858977026,60.06820281031084,807670.3301022771,250236.28410292414,1057906.6142052014,758.8015688755197,1643.8866531954957,0.9948634980571471,959.6890371862413,1508.7982213539055,0.9728417204080745,628.9585764815087,1293.636528328347,0.988934085058556,1788.6187141226903,2285.7995675401135,1.0061286435788657,-9406.799764854062,-6375.478304544234,0.9772406236661427,901.4281969301726,2276.6492919378766,1.028770179931583,1523.1379612073677,2889.177723245578,1.0685633017070157,1309.3602052549174,1643.8880492711905,0.9914766092079546
cms_pen_1,plan cost model,WLS,0,3,0.09274104175067022,0.08709863316723243,7786109.770481151,95791.9308729615,90328.00088085438,467003.4314984003,60.096551366531116,562795.3623713618,250236.28410292414,813031.6464742859,758.8015688755197,1265.6106450488548,1.0086113870858542,959.6890371862413,1270.8081702184008,1.0068667723419324,628.9585764815087,1098.800238935278,1.011320031678694,1788.6187141226903,1854.5772978310215,1.0168960842190808,-9406.799764854062,-7120.883769205303,0.9229842241039993,901.4281969301726,2103.464847562075,0.9961110964540425,1523.1379612073677,2602.2619569194535,1.0309741325117145,1309.3602052549174,1450.4329895180929,1.0455471140172785
cms_pen_1,share of added codes real,0.0,0,3,0.09274104175067022,,,95791.9308729615,,700087.5509087843,,795879.4817817458,,,,,,,,,,,,,,,,,,,,,,,,,,
cms_pen_1,share of added codes real,0.25,0,3,0.09274104175067022,,,7776.137073079577,,692681.6480585866,,700457.7851316662,,,,,,,,,,,,,,,,,,,,,,,,,,
cms_pen_1,share of added codes real,0.5,0,3,0.09274104175067022,,,-68296.82509486581,,685887.2901114554,,617590.4650165895,,,,,,,,,,,,,,,,,,,,,,,,,,
cms_pen_1,share of added codes real,1.0,0,3,0.09274104175067022,,,-226588.87111833954,,672369.4352469207,,445780.56412858114,,,,,,,,,,,,,,,,,,,,,,,,,,
cms_robust_adv,cost per code,0.0,0,3,0.09447536263378642,0.08413120716191747,6974494.870711769,182699.8108954477,345792.61330024595,644561.4256108482,60.10729437852598,827261.236506296,-561378.6156664583,265882.62083983765,2.3017909557408127,817.145114625823,0.9990825947555723,394.824782097165,954.5221170954914,0.9784121883813031,-37.686469845430906,651.9159004583857,0.9924142055642722,1054.7831639390765,1540.7638746531418,1.0078696410345778,-11117.990917651623,-8325.37228654681,0.9585932754301675,134.35625406280138,1472.0761051345082,1.0374882617288677,-324.4078360842654,934.557687221766,1.0511026119289615,813.6853258564123,997.4851309086398,0.9988864129827265
cms_robust_adv,cost per code,250.0,0,3,0.09447536263378642,0.08413120716191747,6974494.870711769,167672.9873008162,345792.61330024595,644561.4256108482,60.10729437852598,812234.4129116645,-561378.6156664583,250855.79724520614,2.3017909557408127,817.145114625823,0.9990825947555723,394.824782097165,954.5221170954914,0.9784121883813031,-37.686469845430906,651.9159004583857,0.9924142055642722,1054.7831639390765,1540.7638746531418,1.0078696410345778,-11117.990917651623,-8325.37228654681,0.9585932754301675,134.35625406280138,1472.0761051345082,1.0374882617288677,-324.4078360842654,934.557687221766,1.0511026119289615,813.6853258564123,997.4851309086398,0.9988864129827265
cms_robust_adv,cost per code,500.0,0,3,0.09447536263378642,0.08413120716191747,6974494.870711769,152646.1637061847,345792.61330024595,644561.4256108482,60.10729437852598,797207.589317033,-561378.6156664583,235828.97365057466,2.3017909557408127,817.145114625823,0.9990825947555723,394.824782097165,954.5221170954914,0.9784121883813031,-37.686469845430906,651.9159004583857,0.9924142055642722,1054.7831639390765,1540.7638746531418,1.0078696410345778,-11117.990917651623,-8325.37228654681,0.9585932754301675,134.35625406280138,1472.0761051345082,1.0374882617288677,-324.4078360842654,934.557687221766,1.0511026119289615,813.6853258564123,997.4851309086398,0.9988864129827265
cms_robust_adv,cost per code,1000.0,0,3,0.09447536263378642,0.08413120716191747,6974494.870711769,122592.51651692172,345792.61330024595,644561.4256108482,60.10729437852598,767153.9421277699,-561378.6156664583,205775.32646131166,2.3017909557408127,817.145114625823,0.9990825947555723,394.824782097165,954.5221170954914,0.9784121883813031,-37.686469845430906,651.9159004583857,0.9924142055642722,1054.7831639390765,1540.7638746531418,1.0078696410345778,-11117.990917651623,-8325.37228654681,0.9585932754301675,134.35625406280138,1472.0761051345082,1.0374882617288677,-324.4078360842654,934.557687221766,1.0511026119289615,813.6853258564123,997.4851309086398,0.9988864129827265
cms_robust_adv,cost per code,2000.0,0,3,0.09447536263378642,0.08413120716191747,6974494.870711769,62485.22213839574,345792.61330024595,644561.4256108482,60.10729437852598,707046.647749244,-561378.6156664583,145668.03208278568,2.3017909557408127,817.145114625823,0.9990825947555723,394.824782097165,954.5221170954914,0.9784121883813031,-37.686469845430906,651.9159004583857,0.9924142055642722,1054.7831639390765,1540.7638746531418,1.0078696410345778,-11117.990917651623,-8325.37228654681,0.9585932754301675,134.35625406280138,1472.0761051345082,1.0374882617288677,-324.4078360842654,934.557687221766,1.0511026119289615,813.6853258564123,997.4851309086398,0.9988864129827265
cms_robust_adv,cost per code,3000.0,0,3,0.09447536263378642,0.084941623732399,6974494.870711769,2376.5605611163237,347242.7222796235,635257.5167055688,60.072735457378705,637634.0772666851,-561378.6156664583,76255.46160022666,2.3017909557408127,834.4430369210389,1.000690628908791,394.824782097165,965.9842913511612,0.9791853348046058,-37.686469845430906,614.6228465589389,0.993943474619352,1054.7831639390765,1458.7613503171078,1.0099226919069477,-11117.990917651623,-8333.980234419903,0.9586567702390216,134.35625406280138,1474.0887093619563,1.0374348240193363,-324.4078360842654,931.7908568956035,1.0514883699288884,813.6853258564123,1023.124902317907,1.0010413951940467
cms_robust_adv,codes per person,1,0,3,0.09447536263378642,0.08413120716191747,6974494.870711769,122592.51651692172,345792.61330024595,644561.4256108482,60.10729437852598,767153.9421277699,-561378.6156664583,205775.32646131166,2.3017909557408127,817.145114625823,0.9990825947555723,394.824782097165,954.5221170954914,0.9784121883813031,-37.686469845430906,651.9159004583857,0.9924142055642722,1054.7831639390765,1540.7638746531418,1.0078696410345778,-11117.990917651623,-8325.37228654681,0.9585932754301675,134.35625406280138,1472.0761051345082,1.0374882617288677,-324.4078360842654,934.557687221766,1.0511026119289615,813.6853258564123,997.4851309086398,0.9988864129827265
cms_robust_adv,codes per person,2,0,3,0.09447536263378642,0.084343608466935,6974494.870711769,244807.42358394142,375967.4517518289,649977.8811973928,120.20944150371267,894785.3047813341,-561378.6156664583,333406.68911487574,2.3017909557408127,969.3146427537878,0.9962259181590438,394.824782097165,1145.591174427307,0.9775764409865488,-37.686469845430906,784.0691345975737,0.9889189948782774,1054.7831639390765,1741.0407732239375,1.01345512073585,-11117.990917651623,-8267.276854130587,0.9590698233647794,134.35625406280138,1817.4933897174833,1.0415488766159104,-324.4078360842654,928.0524408420093,1.0465927258305303,813.6853258564123,1035.940573314115,0.9971101512799257
cms_robust_adv,codes per person,3,0,3,0.09447536263378642,0.07549793131978477,6974494.870711769,345817.33474824263,407510.7958407002,691584.4287885953,180.3456326403762,1037401.7635368379,-561378.6156664583,476023.14787037956,2.3017909557408127,1162.9961231355273,0.9974076820446204,394.824782097165,1299.7954971534457,0.9771266891365121,-37.686469845430906,843.810373604804,0.9913574018924034,1054.7831639390765,1815.219982216651,1.0069990907989717,-11117.990917651623,-8211.440549007728,0.9621189810509105,134.35625406280138,2311.022154966315,1.0483187555468119,-324.4078360842654,996.077662251046,1.046618826331199,813.6853258564123,1079.394523850501,0.9947109231498362
cms_robust_adv,reach,0.02,0,3,0.09447536263378642,0.08536411025015844,6974494.870711769,41197.29772864909,335906.2034281147,638830.8197161705,20.199096751830567,680028.1174448197,-561378.6156664583,118649.50177836137,2.3017909557408127,730.5604210497543,1.0017672368729462,394.824782097165,864.8886906933107,0.9790050994868637,-37.686469845430906,533.9893726637484,0.9970141894279887,1054.7831639390765,1450.306958218772,1.011958309723164,-11117.990917651623,-8463.200545830154,0.9586286149857728,134.35625406280138,1250.5933306404152,1.0327536835401563,-324.4078360842654,806.4294025727285,1.0530897710818186,813.6853258564123,992.8328745354065,1.0054981552187472
cms_robust_adv,reach,0.04,0,3,0.09447536263378642,0.0847331802503154,6974494.870711769,82485.20735474276,345527.209887165,646583.9522709474,40.4426206526311,729069.1596256902,-561378.6156664583,167690.54395923193,2.3017909557408127,784.6037720507818,1.0010396360360028,394.824782097165,918.3749501129431,0.9787165098305024,-37.686469845430906,583.1622944106688,0.9940964861317767,1054.7831639390765,1494.186075917937,1.009662528376196,-11117.990917651623,-8386.090224539616,0.9585893479137337,134.35625406280138,1384.6407597086754,1.036923239945242,-324.4078360842654,874.1520722867631,1.0533014119129975,813.6853258564123,1004.1854061076458,1.003908237202972
cms_robust_adv,reach,0.05,0,3,0.09447536263378642,0.08447892507134247,6974494.870711769,101984.73720400603,341716.96629338415,645799.6134799087,50.003269329997465,747784.3506839147,-561378.6156664583,186405.73501745646,2.3017909557408127,799.938815882323,1.000482114962888,394.824782097165,935.7803495095865,0.9784175331197271,-37.686469845430906,630.8034108540442,0.9936982635048484,1054.7831639390765,1518.399722139197,1.0114744595685103,-11117.990917651623,-8367.986001994226,0.9585861596843346,134.35625406280138,1424.0887304968242,1.036911541066784,-324.4078360842654,893.9943072320698,1.0510419476769157,813.6853258564123,1003.4135774678663,1.0022709512317582
cms_robust_adv,reach,0.06,0,3,0.09447536263378642,0.08413120716191747,6974494.870711769,122592.51651692172,345792.61330024595,644561.4256108482,60.10729437852598,767153.9421277699,-561378.6156664583,205775.32646131166,2.3017909557408127,817.145114625823,0.9990825947555723,394.824782097165,954.5221170954914,0.9784121883813031,-37.686469845430906,651.9159004583857,0.9924142055642722,1054.7831639390765,1540.7638746531418,1.0078696410345778,-11117.990917651623,-8325.37228654681,0.9585932754301675,134.35625406280138,1472.0761051345082,1.0374882617288677,-324.4078360842654,934.557687221766,1.0511026119289615,813.6853258564123,997.4851309086398,0.9988864129827265
cms_robust_adv,reach,0.075,0,3,0.09447536263378642,0.08388991144077784,6974494.870711769,152997.13194093131,347505.0772348363,649186.6943008582,75.01472283892925,802183.8262417896,-561378.6156664583,240805.21057533126,2.3017909557408127,868.430675358008,0.99871683724261,394.824782097165,980.0160789107839,0.9777755231111509,-37.686469845430906,678.1437675234715,0.9917993463160568,1054.7831639390765,1618.5875827248378,1.012686876220346,-11117.990917651623,-8259.806367672512,0.958587109155748,134.35625406280138,1548.7577985651153,1.0379846314248407,-324.4078360842654,1015.8315515799715,1.049677592784306,813.6853258564123,1013.7230123032182,1.0005530270561056
cms_robust_adv,reach,0.1,0,3,0.09447536263378642,0.08281996522488821,6974494.870711769,204045.409835216,362057.30289827177,640944.0145265487,100.04376991363415,844989.4243617648,-561378.6156664583,283610.8086953064,2.3017909557408127,922.4709798546157,0.9974376134742475,394.824782097165,1013.4877793202454,0.9766013487352633,-37.686469845430906,715.2126043295598,0.9880093406690327,1054.7831639390765,1637.4378173107787,1.012867131837944,-11117.990917651623,-8234.942989129142,0.9607291943383539,134.35625406280138,1647.9901748848977,1.038970292896051,-324.4078360842654,1160.3587848182651,1.0516979009730316,813.6853258564123,1042.64586117322,0.9994783409533203
cms_robust_adv,reach,0.25,0,3,0.09447536263378642,0.08344574362542367,6974494.870711769,509988.45057566545,433821.8445577691,581301.3268388609,250.04810080857303,1091289.7774145263,-561378.6156664583,529911.1617480682,2.3017909557408127,1272.7802062226026,0.9874120807785233,394.824782097165,1296.5552698924155,0.9600884673932413,-37.686469845430906,1144.004481468043,0.9913292880282191,1054.7831639390765,1902.764529325154,1.0080970137233054,-11117.990917651623,-7773.180220098081,0.9526239919014468,134.35625406280138,2372.02914363221,1.0580931579797719,-324.4078360842654,1599.858627789207,1.0522639254372455,813.6853258564123,1285.5501433305833,0.9711995622642869
cms_robust_adv,reach,0.5,0,3,0.09447536263378642,0.07498405427035904,6974494.870711769,986767.0351121122,615337.348756365,641407.7163243105,500.0156925310475,1628174.7514364226,-561378.6156664583,1066796.1357699647,2.3017909557408127,2012.6927336142674,0.988066352396143,394.824782097165,1747.0287576619546,0.9475392997099248,-37.686469845430906,1752.7664906378525,0.9791035343234903,1054.7831639390765,2701.2516706271676,1.0047144702538755,-11117.990917651623,-6100.490744538092,0.9813712934697452,134.35625406280138,3385.7630521913297,1.0663869404127149,-324.4078360842654,3170.2845955719704,1.0812040447284692,813.6853258564123,1616.7384538849983,0.9389608729206878
cms_robust_adv,reach,1.0,0,3,0.09447536263378642,0.06908175425949137,6974494.870711769,1243112.7884226032,578856.7497831925,702774.7298404289,710.9424456456507,1945887.518263032,-561378.6156664583,1384508.9025965736,2.3017909557408127,2535.064179211861,0.9897373466480389,394.824782097165,2332.1016387764203,0.9522314539264707,-37.686469845430906,2352.025732337875,0.9904802120993811,1054.7831639390765,3185.7730778681234,0.9971757364958519,-11117.990917651623,-5785.991310928846,0.9685742180009682,134.35625406280138,3881.4874027382043,1.0580016834116868,-324.4078360842654,3463.5578826554733,1.0681879277159994,813.6853258564123,2042.7671453798368,0.9184100540773117
cms_robust_adv,tilt,0.0,0,3,0.09447536263378642,0.09401034716512213,6974494.870711769,122592.51651692172,0.0,0.0,60.10729437852598,122592.51651692172,-561378.6156664583,-438786.0991495365,2.3017909557408127,137.1328136165549,1.0,394.824782097165,521.3165106928806,1.0,-37.686469845430906,112.42691852352782,1.0,1054.7831639390765,1194.2129165714055,1.0,-11117.990917651623,-10819.380933646224,1.0,134.35625406280138,468.64506721791724,1.0,-324.4078360842654,-67.35843186033037,1.0,813.6853258564123,825.8152265164792,1.0
cms_robust_adv,tilt,0.05,0,3,0.09447536263378642,0.0917257799320047,6974494.870711769,122592.51651692172,86447.66310546277,161139.44262772036,60.10729437852598,283731.95914464205,-561378.6156664583,-277646.65652181616,2.3017909557408127,307.0179271604434,0.9997706499894702,394.824782097165,627.8542973098232,0.9946030776997048,-37.686469845430906,246.52960928183845,0.9981035621452163,1054.7831639390765,1281.360514734545,1.0019673991020952,-11117.990917651623,-10215.447654142208,0.9896483775585867,134.35625406280138,726.489055156483,1.0093720122862562,-324.4078360842654,192.59814145551604,1.0127755805356324,813.6853258564123,868.6966051391045,0.9997216048243794
cms_robust_adv,tilt,0.1,0,3,0.09447536263378642,0.08932307169869513,6974494.870711769,122592.51651692172,172895.65302275753,322279.4944364658,60.10729437852598,444872.01095338754,-561378.6156664583,-116506.60471307074,2.3017909557408127,476.981645456534,0.9995412991118923,394.824782097165,735.5549934635384,0.9892061349965677,-37.686469845430906,381.1433812809364,0.9962071171210277,1054.7831639390765,1368.1668761947658,1.003934805641862,-11117.990917651623,-9598.744306942162,0.9792967159832922,134.35625406280138,979.5898808009307,1.018744060003019,-324.4078360842654,446.07895615901094,1.025551209368821,813.6853258564123,911.6020352476714,0.9994432085962981
cms_robust_adv,tilt,0.2,0,3,0.09447536263378642,0.08413120716191747,6974494.870711769,122592.51651692172,345792.61330024595,644561.4256108482,60.10729437852598,767153.9421277699,-561378.6156664583,205775.32646131166,2.3017909557408127,817.145114625823,0.9990825947555723,394.824782097165,954.5221170954914,0.9784121883813031,-37.686469845430906,651.9159004583857,0.9924142055642722,1054.7831639390765,1540.7638746531418,1.0078696410345778,-11117.990917651623,-8325.37228654681,0.9585932754301675,134.35625406280138,1472.0761051345082,1.0374882617288677,-324.4078360842654,934.557687221766,1.0511026119289615,813.6853258564123,997.4851309086398,0.9988864129827265
cms_robust_adv,tilt,0.3,0,3,0.09447536263378642,0.07836309377473827,6974494.870711769,122592.51651692172,518690.88084729,966845.7935507845,60.10729437852598,1089438.3100677063,-561378.6156664583,528059.6944012479,2.3017909557408127,1157.6236582709744,0.998623886931,394.824782097165,1178.3761834138531,0.9676181601532802,-37.686469845430906,924.7681642365565,0.9886212653294081,1054.7831639390765,1712.0197281110547,1.0118045061784846,-11117.990917651623,-6995.771913280379,0.9378896783388511,134.35625406280138,1947.0862560101048,1.0562326051791524,-324.4078360842654,1399.8544719863023,1.0766542076826122,813.6853258564123,1083.4646756987756,0.9983296131592374
cms_robust_adv,tilt,0.5,0,3,0.09447536263378642,0.06473621964875897,6974494.870711769,122592.51651692172,864491.3378093503,1611421.8398378615,60.10729437852598,1734014.3563547833,-561378.6156664583,1172635.7406883254,2.3017909557408127,1839.5277216278655,0.9977064608769417,394.824782097165,1641.4144879616629,0.9460298588552578,-37.686469845430906,1476.8085118380889,0.9810352988240527,1054.7831639390765,2050.570045182802,1.0196743257212215,-11117.990917651623,-4152.30063001393,0.8964820145345411,134.35625406280138,2848.2716988358097,1.093721717259461,-324.4078360842654,2267.2040662340614,1.127757978779209,813.6853258564123,1255.7137632877034,0.9972160008823149
cms_robust_adv,selection rule,smooth,0,3,0.09447536263378642,-0.1467175642345564,6974494.870711769,122592.51651692172,7031921.928608825,6237191.546132734,60.10729437852598,6359784.062649655,-561378.6156664583,5798405.446983197,2.3017909557408127,6850.033574910737,1.1033435226369457,394.824782097165,4129.753247966766,0.7760235111016068,-37.686469845430906,5317.77096994513,0.878687423980733,1054.7831639390765,8879.200673751071,0.9611617912954936,-11117.990917651623,14967.936447978513,1.6656448113139621,134.35625406280138,9104.35773300568,1.78278162152398,-324.4078360842654,8921.665185972262,1.8628371827444903,813.6853258564123,2058.0996263165716,0.6946710692878951
cms_robust_adv,plausibility,either,0,3,0.09447536263378642,0.08413120716191747,6974494.870711769,122592.51651692172,345792.61330024595,644561.4256108482,60.10729437852598,767153.9421277699,-561378.6156664583,205775.32646131166,2.3017909557408127,817.145114625823,0.9990825947555723,394.824782097165,954.5221170954914,0.9784121883813031,-37.686469845430906,651.9159004583857,0.9924142055642722,1054.7831639390765,1540.7638746531418,1.0078696410345778,-11117.990917651623,-8325.37228654681,0.9585932754301675,134.35625406280138,1472.0761051345082,1.0374882617288677,-324.4078360842654,934.557687221766,1.0511026119289615,813.6853258564123,997.4851309086398,0.9988864129827265
cms_robust_adv,plausibility,system,0,3,0.09447536263378642,0.0839476354773957,6974494.870711769,111859.69433469883,368157.8283272532,647056.7247665816,60.00914162246846,758916.4191012804,-561378.6156664583,197537.80343482213,2.3017909557408127,867.4146008549525,1.0013179904983094,394.824782097165,902.339746355683,0.976349424612403,-37.686469845430906,630.6132751820801,0.9945028169008419,1054.7831639390765,1485.2494352052674,1.0093616487992942,-11117.990917651623,-8012.683658673184,0.9674147788308399,134.35625406280138,1444.982241479573,1.034185572695885,-324.4078360842654,1166.436217854041,1.0581363214162334,813.6853258564123,1018.4060135554641,1.0043972652247113
cms_robust_adv,plausibility,use,0,3,0.09447536263378642,0.0843486647800541,6974494.870711769,122391.85790112184,347336.4315503305,644329.1355750494,60.008911158798156,766720.9934761713,-561378.6156664583,205342.37780971278,2.3017909557408127,835.29817240327,0.9997114791914805,394.824782097165,951.913613060396,0.978020672352468,-37.686469845430906,647.7620031979478,0.9927791217388519,1054.7831639390765,1582.624326864197,1.0140064449093003,-11117.990917651623,-8305.317941734666,0.9586035455485862,134.35625406280138,1470.7831563173104,1.037279397193145,-324.4078360842654,948.4835569414371,1.0518645204182961,813.6853258564123,1007.6884949119144,1.0004452849346845
cms_robust_adv,plausibility,any,0,3,0.09447536263378642,0.08334507573012973,6974494.870711769,122727.07380045153,358662.4544439534,659327.722990336,60.173268016083064,782054.7967907875,-561378.6156664583,220676.18112432922,2.3017909557408127,865.4857690984778,1.0015781446278627,394.824782097165,972.264943810477,0.9792192292521388,-37.686469845430906,652.6645065443357,0.9941366323764226,1054.7831639390765,1575.9995202727953,1.0097033032501035,-11117.990917651623,-8325.152723579506,0.9597212911675916,134.35625406280138,1465.0012514450646,1.036089175896766,-324.4078360842654,1008.219080725167,1.0540834669648478,813.6853258564123,1032.5118920806085,1.00394877969181
cms_robust_adv,plan cost model,WLS,0,3,0.09447536263378642,0.09195074198761666,6974494.870711769,122592.51651692172,-50288.767923496205,417805.36162412114,60.10729437852598,540397.8781410429,-561378.6156664583,-20980.737525415527,2.3017909557408127,498.6817399916066,1.0086636177371406,394.824782097165,720.0920064011036,1.014506794663717,-37.686469845430906,327.82302719985654,1.0202279808622727,1054.7831639390765,1149.7177286454244,1.029339518680853,-11117.990917651623,-9226.214587309516,0.9011065364905256,134.35625406280138,1166.3121110566635,0.9915985368394152,-324.4078360842654,835.5174598188082,1.0008287062637875,813.6853258564123,841.935497280071,1.0586512487544937
cms_robust_adv,share of added codes real,0.0,0,3,0.09447536263378642,,,122592.51651692172,,644561.4256108482,,767153.9421277699,,,,,,,,,,,,,,,,,,,,,,,,,,
cms_robust_adv,share of added codes real,0.25,0,3,0.09447536263378642,,,-116841.28521935409,,622756.4264927048,,505915.1412733507,,,,,,,,,,,,,,,,,,,,,,,,,,
cms_robust_adv,share of added codes real,0.5,0,3,0.09447536263378642,,,-323785.8869886048,,607789.906216959,,284004.0192283542,,,,,,,,,,,,,,,,,,,,,,,,,,
cms_robust_adv,share of added codes real,1.0,0,3,0.09447536263378642,,,-713081.2533888598,,569023.583297274,,-144057.67009158584,,,,,,,,,,,,,,,,,,,,,,,,,,
cms,cost per code,0.0,0,4,0.13634277983984988,0.10262444311940311,7885977.71482951,774749.936972976,662125.6208933311,751994.0928893357,60.03585362343987,1526744.029862312,209863.42795710015,1736607.4578194118,589.7951497662166,2217.299285398706,0.9998741940435028,521.9888624141141,1646.47407025454,0.980079656507129,170.08015976646703,1416.4731611865413,0.9886424465801781,989.8779749153044,2088.1488535470603,0.9907472127906092,-8116.169379976373,-4379.762383577244,1.0151000248947064,77.53481705426721,2397.4557762860964,1.0337034853996483,2418.3475834888222,5253.0083055312125,1.0678978970000892,509.88118156497717,980.5280798903732,0.9882690130458194
cms,cost per code,250.0,0,4,0.13634277983984988,0.10262444311940311,7885977.71482951,759740.9735671161,662125.6208933311,751994.0928893357,60.03585362343987,1511735.0664564515,209863.42795710015,1721598.4944135516,589.7951497662166,2217.299285398706,0.9998741940435028,521.9888624141141,1646.47407025454,0.980079656507129,170.08015976646703,1416.4731611865413,0.9886424465801781,989.8779749153044,2088.1488535470603,0.9907472127906092,-8116.169379976373,-4379.762383577244,1.0151000248947064,77.53481705426721,2397.4557762860964,1.0337034853996483,2418.3475834888222,5253.0083055312125,1.0678978970000892,509.88118156497717,980.5280798903732,0.9882690130458194
cms,cost per code,500.0,0,4,0.13634277983984988,0.10262444311940311,7885977.71482951,744732.0101612561,662125.6208933311,751994.0928893357,60.03585362343987,1496726.103050592,209863.42795710015,1706589.5310076918,589.7951497662166,2217.299285398706,0.9998741940435028,521.9888624141141,1646.47407025454,0.980079656507129,170.08015976646703,1416.4731611865413,0.9886424465801781,989.8779749153044,2088.1488535470603,0.9907472127906092,-8116.169379976373,-4379.762383577244,1.0151000248947064,77.53481705426721,2397.4557762860964,1.0337034853996483,2418.3475834888222,5253.0083055312125,1.0678978970000892,509.88118156497717,980.5280798903732,0.9882690130458194
cms,cost per code,1000.0,0,4,0.13634277983984988,0.10262444311940311,7885977.71482951,714714.0833495362,662125.6208933311,751994.0928893357,60.03585362343987,1466708.1762388719,209863.42795710015,1676571.6041959717,589.7951497662166,2217.299285398706,0.9998741940435028,521.9888624141141,1646.47407025454,0.980079656507129,170.08015976646703,1416.4731611865413,0.9886424465801781,989.8779749153044,2088.1488535470603,0.9907472127906092,-8116.169379976373,-4379.762383577244,1.0151000248947064,77.53481705426721,2397.4557762860964,1.0337034853996483,2418.3475834888222,5253.0083055312125,1.0678978970000892,509.88118156497717,980.5280798903732,0.9882690130458194
cms,cost per code,2000.0,0,4,0.13634277983984988,0.10262444311940311,7885977.71482951,654678.2297260963,662125.6208933311,751994.0928893357,60.03585362343987,1406672.322615432,209863.42795710015,1616535.750572532,589.7951497662166,2217.299285398706,0.9998741940435028,521.9888624141141,1646.47407025454,0.980079656507129,170.08015976646703,1416.4731611865413,0.9886424465801781,989.8779749153044,2088.1488535470603,0.9907472127906092,-8116.169379976373,-4379.762383577244,1.0151000248947064,77.53481705426721,2397.4557762860964,1.0337034853996483,2418.3475834888222,5253.0083055312125,1.0678978970000892,509.88118156497717,980.5280798903732,0.9882690130458194
cms,cost per code,3000.0,0,4,0.13634277983984988,0.10262444311940311,7885977.71482951,594642.3761026564,662125.6208933311,751994.0928893357,60.03585362343987,1346636.4689919923,209863.42795710015,1556499.8969490922,589.7951497662166,2217.299285398706,0.9998741940435028,521.9888624141141,1646.47407025454,0.980079656507129,170.08015976646703,1416.4731611865413,0.9886424465801781,989.8779749153044,2088.1488535470603,0.9907472127906092,-8116.169379976373,-4379.762383577244,1.0151000248947064,77.53481705426721,2397.4557762860964,1.0337034853996483,2418.3475834888222,5253.0083055312125,1.0678978970000892,509.88118156497717,980.5280798903732,0.9882690130458194
cms,codes per person,1,0,4,0.13634277983984988,0.10262444311940311,7885977.71482951,714714.0833495362,662125.6208933311,751994.0928893357,60.03585362343987,1466708.1762388719,209863.42795710015,1676571.6041959717,589.7951497662166,2217.299285398706,0.9998741940435028,521.9888624141141,1646.47407025454,0.980079656507129,170.08015976646703,1416.4731611865413,0.9886424465801781,989.8779749153044,2088.1488535470603,0.9907472127906092,-8116.169379976373,-4379.762383577244,1.0151000248947064,77.53481705426721,2397.4557762860964,1.0337034853996483,2418.3475834888222,5253.0083055312125,1.0678978970000892,509.88118156497717,980.5280798903732,0.9882690130458194
cms,codes per person,2,0,4,0.13634277983984988,0.020794178067744418,7885977.71482951,1405337.2442621314,800420.214521559,883235.5791678631,120.04102740611422,2288572.8234299948,209863.42795710015,2498436.2513870946,589.7951497662166,3136.57352152753,1.0007053766939502,521.9888624141141,2368.904937011804,0.9815211494451268,170.08015976646703,2286.5453175752064,0.9886701439263719,989.8779749153044,2954.6121747534467,0.9927370217326517,-8116.169379976373,-5091.246584556581,1.0012719149942804,77.53481705426721,3883.0757414381974,1.0384443055461863,2418.3475834888222,6055.893386449052,1.062108074343385,509.88118156497717,1343.6314609452827,0.9889640421769947
cms,codes per person,3,0,4,0.13634277983984988,-0.08399848469968663,7885977.71482951,1988186.6821755525,920479.4909771539,1022183.7948193494,180.328725234554,3010370.476994902,209863.42795710015,3220233.904952002,589.7951497662166,3734.2180357179204,1.0005036933913785,521.9888624141141,2955.7065389598165,0.980080771385801,170.08015976646703,2830.054490588456,0.9866013349726657,989.8779749153044,3693.1700962394707,0.9893397866548417,-8116.169379976373,-3915.766344984597,1.0059041835686382,77.53481705426721,4798.3625790831475,1.0367971208518887,2418.3475834888222,6451.492875112004,1.0607450014247375,509.88118156497717,2017.454350976089,0.9909959067214873
cms,reach,0.02,0,4,0.13634277983984988,0.11980393675585044,7885977.71482951,239396.47885376707,526529.0107267246,693449.1171299022,20.109260888039287,932845.5959836692,209863.42795710015,1142709.0239407693,589.7951497662166,1738.4543064936377,1.0035379829650344,521.9888624141141,1228.1929354824242,0.9858553155469241,170.08015976646703,1016.504125588415,0.9930475730988993,989.8779749153044,1520.1214354300628,0.9879378133044643,-8116.169379976373,-5351.163848241432,1.0048845402780904,77.53481705426721,1769.625015969781,1.0282927583511206,2418.3475834888222,4383.093415709788,1.0576496417414365,509.88118156497717,891.3873108627663,1.0283738804702711
cms,reach,0.04,0,4,0.13634277983984988,0.11254718248374584,7885977.71482951,477406.99144197156,594562.4340199513,720577.2702051644,40.10210086065967,1197984.261647136,209863.42795710015,1407847.6896042365,589.7951497662166,1925.4722735446678,0.9999531283576464,521.9888624141141,1425.3618435859335,0.9810185749778886,170.08015976646703,1192.674204573783,0.9900290999325523,989.8779749153044,1808.9103822754082,0.9885092902660764,-8116.169379976373,-4499.226773450085,1.0137820297242424,77.53481705426721,2078.7666618439916,1.0301607363248189,2418.3475834888222,4755.464888761106,1.0614890888637125,509.88118156497717,955.687237935268,1.004280810304635
cms,reach,0.05,0,4,0.13634277983984988,0.10900922902748555,7885977.71482951,596314.0213485407,628106.6879421542,729727.0337040087,50.09026984819804,1326041.0550525493,209863.42795710015,1535904.4830096492,589.7951497662166,2070.8993578336663,1.000314077630837,521.9888624141141,1593.839455591564,0.9814849064689404,170.08015976646703,1262.8944705017682,0.9884442550178026,989.8779749153044,1947.2087876391004,0.9899293690901484,-8116.169379976373,-4379.762383577244,1.0151045345696283,77.53481705426721,2219.2935201058167,1.0312159445858937,2418.3475834888222,5079.493516884051,1.066966486622545,509.88118156497717,971.7848929961376,0.9938741924758507
cms,reach,0.06,0,4,0.13634277983984988,0.10262444311940311,7885977.71482951,714714.0833495362,662125.6208933311,751994.0928893357,60.03585362343987,1466708.1762388719,209863.42795710015,1676571.6041959717,589.7951497662166,2217.299285398706,0.9998741940435028,521.9888624141141,1646.47407025454,0.980079656507129,170.08015976646703,1416.4731611865413,0.9886424465801781,989.8779749153044,2088.1488535470603,0.9907472127906092,-8116.169379976373,-4379.762383577244,1.0151000248947064,77.53481705426721,2397.4557762860964,1.0337034853996483,2418.3475834888222,5253.0083055312125,1.0678978970000892,509.88118156497717,980.5280798903732,0.9882690130458194
cms,reach,0.075,0,4,0.13634277983984988,0.0950147494615069,7885977.71482951,893298.1349449018,704300.3379946732,785346.3575750818,75.03688163007114,1678644.4925199836,209863.42795710015,1888507.9204770837,589.7951497662166,2426.6814075323323,1.0000295814469096,521.9888624141141,1829.1911942883692,0.9794449414690123,170.08015976646703,1646.911883812204,0.9886738698909033,989.8779749153044,2525.626213002755,0.9912774888158365,-8116.169379976373,-4063.859703265479,1.0169772404962343,77.53481705426721,2806.159312853427,1.0346222433944008,2418.3475834888222,5537.142522019667,1.069432054222585,509.88118156497717,1033.8392128633143,0.9860780092186763
cms,reach,0.1,0,4,0.13634277983984988,0.08559253598557282,7885977.71482951,1191547.244287865,770464.5260668502,827149.7522758732,100.08975282566864,2018696.996563738,209863.42795710015,2228560.4245208385,589.7951497662166,2697.9637552781373,0.999019502619575,521.9888624141141,2094.440946759974,0.9765350977303775,170.08015976646703,1921.7315095382207,0.9920879543318967,989.8779749153044,2868.059380107286,0.9812066557439535,-8116.169379976373,-3744.3343187776077,1.0119723906172533,77.53481705426721,3276.9806759537323,1.0375140386628923,2418.3475834888222,6051.644685851923,1.072432435336142,509.88118156497717,1295.4307235918934,0.9837499831858721
cms,reach,0.25,0,4,0.13634277983984988,0.020041397506613268,7885977.71482951,2983920.975546157,1202075.464903166,1105881.4759733877,250.64882179492494,4089802.4515195447,209863.42795710015,4299665.879476645,589.7951497662166,4594.440413861905,0.9936538618453966,521.9888624141141,3606.0181447765553,0.957615231241122,170.08015976646703,3937.30371418369,0.9787756803020059,989.8779749153044,4531.430259362309,0.9689137092813679,-8116.169379976373,-1795.3222204106094,1.0274599946772889,77.53481705426721,6350.617499524204,1.0685472145695178,2418.3475834888222,8587.326849503159,1.0899761304714366,509.88118156497717,2168.8617892783996,0.9308781852898592
cms,reach,0.5,0,4,0.13634277983984988,-0.08807607601723455,7885977.71482951,5745508.476532447,1911791.8650286938,1453548.6774461998,500.0822640642679,7199057.153978647,209863.42795710015,7408920.581935747,589.7951497662166,7838.170848083101,0.9835649110478802,521.9888624141141,5811.951068128726,0.9370007996040389,170.08015976646703,6891.545936259295,0.9756915737084287,989.8779749153044,7268.753641497842,0.9619652777206723,-8116.169379976373,5387.879946108839,1.0949280359167397,77.53481705426721,11899.912915462297,1.1080786881379552,2418.3475834888222,14152.87262936763,1.1342157403589006,509.88118156497717,3801.9745308096935,0.884261103751264
cms,reach,1.0,0,4,0.13634277983984988,-0.12475213597777612,7885977.71482951,6741658.316808025,1585197.8876358822,1350104.7541275609,707.79241972138,8091763.0709355865,209863.42795710015,8301626.498892687,589.7951497662166,8957.933608439409,0.9834322820266832,521.9888624141141,7089.626404897905,0.9434183220193483,170.08015976646703,8061.984469905805,0.9780604384015152,989.8779749153044,8254.643852122392,0.957631560413209,-8116.169379976373,5980.611251776988,1.0495256717875885,77.53481705426721,12908.907415147054,1.103159881087854,2418.3475834888222,14857.383322774804,1.1078449637377399,509.88118156497717,4740.038960010266,0.8886908241618642
cms,tilt,0.0,0,4,0.13634277983984988,0.11996786787726965,7885977.71482951,714714.0833495362,0.0,0.0,60.03585362343987,714714.0833495362,209863.42795710015,924577.5113066364,589.7951497662166,1294.1415366982576,1.0,521.9888624141141,1042.731892380911,1.0,170.08015976646703,825.4920429888789,1.0,989.8779749153044,1657.4793473421048,1.0,-8116.169379976373,-6779.072035747843,1.0,77.53481705426721,1018.1173254057115,1.0,2418.3475834888222,4072.322862580266,1.0,509.88118156497717,625.926015137438,1.0
cms,tilt,0.05,0,4,0.13634277983984988,0.11589264355803186,7885977.71482951,714714.0833495362,165526.91605069808,187993.4247467621,60.03585362343987,902707.5080962983,209863.42795710015,1112570.9360533983,589.7951497662166,1524.9029386127258,0.999968549363833,521.9888624141141,1191.3970824971548,0.9950200491855358,170.08015976646703,971.9712363603047,0.9971606886485865,989.8779749153044,1764.3949177205748,0.9976868659310036,-8116.169379976373,-6172.493502287463,1.003774903846399,77.53481705426721,1371.586196970573,1.0084256428422702,2418.3475834888222,4382.266206832478,1.0169740139062875,509.88118156497717,713.7918786352867,0.9970673327968542
cms,tilt,0.1,0,4,0.13634277983984988,0.11165070625421669,7885977.71482951,714714.0833495362,331056.8248290424,375990.2484157846,60.03585362343987,1090704.3317653206,209863.42795710015,1300567.759722421,589.7951497662166,1755.683029187296,0.9999370981590379,521.9888624141141,1341.560587741783,0.9900400083335302,170.08015976646703,1119.2896513348112,0.9943213259624066,989.8779749153044,1871.8093536077422,0.9953736900405291,-8116.169379976373,-5570.449360466527,1.0075498759430823,77.53481705426721,1719.2036060312441,1.016851438020214,2418.3475834888222,4682.03838850424,1.0339483347028495,509.88118156497717,802.1777481162295,0.9941346125710676
cms,tilt,0.2,0,4,0.13634277983984988,0.10262444311940311,7885977.71482951,714714.0833495362,662125.6208933311,751994.0928893357,60.03585362343987,1466708.1762388719,209863.42795710015,1676571.6041959717,589.7951497662166,2217.299285398706,0.9998741940435028,521.9888624141141,1646.47407025454,0.980079656507129,170.08015976646703,1416.4731611865413,0.9886424465801781,989.8779749153044,2088.1488535470603,0.9907472127906092,-8116.169379976373,-4379.762383577244,1.0151000248947064,77.53481705426721,2397.4557762860964,1.0337034853996483,2418.3475834888222,5253.0083055312125,1.0678978970000892,509.88118156497717,980.5280798903732,0.9882690130458194
cms,tilt,0.3,0,4,0.13634277983984988,0.09279526296428542,7885977.71482951,714714.0833495362,993206.3888422132,1128011.5341581318,60.03585362343987,1842725.617507668,209863.42795710015,2052589.045464768,589.7951497662166,2678.990323500085,0.9998112876532725,521.9888624141141,1957.6601003113676,0.9701189445012608,170.08015976646703,1717.101443544802,0.9829633618421767,989.8779749153044,2306.5262408779568,0.9861205682411663,-8116.169379976373,-3206.6148027882805,1.0226504468696807,77.53481705426721,3053.971508076241,1.0505561421713565,2418.3475834888222,5788.812132155617,1.1018486869583062,509.88118156497717,1161.0147164164637,0.9824032014127514
cms,tilt,0.5,0,4,0.13634277983984988,0.07026213665364256,7885977.71482951,714714.0833495362,1655403.8429913546,1880087.2100316295,60.03585362343987,2594801.2933811652,209863.42795710015,2804664.7213382656,589.7951497662166,3602.5968180725813,0.9996854680482301,521.9888624141141,2599.640281148185,0.9501964398729724,170.08015976646703,2328.9347137831633,0.9716045762542969,989.8779749153044,2749.5109526684105,0.9768667772074109,-8116.169379976373,-911.4101501503584,1.0377521099489198,77.53481705426721,4305.8434886560535,1.0842632840238169,2418.3475834888222,6767.162864973213,1.169753950124045,509.88118156497717,1528.552298776864,0.9706709417771335
cms,selection rule,smooth,0,4,0.13634277983984988,-10.027801352981541,7885977.71482951,714714.0833495362,47798805.55103421,44680703.910680905,60.03585362343987,45395417.99403044,209863.42795710015,45605281.42198754,589.7951497662166,36793.64480620286,0.3387455804048615,521.9888624141141,36579.64706020388,0.166461616440483,170.08015976646703,46610.43719975524,0.40694009505178397,989.8779749153044,-30745.783175136115,0.15974385808105937,-8116.169379976373,42300.79565676177,1.1507380976804198,77.53481705426721,51645.79139337369,5.205657173573229,2418.3475834888222,47492.32561354,5.543555551100778,509.88118156497717,6908.016573065217,0.027181833548828527
cms,plausibility,either,0,4,0.13634277983984988,0.10262444311940311,7885977.71482951,714714.0833495362,662125.6208933311,751994.0928893357,60.03585362343987,1466708.1762388719,209863.42795710015,1676571.6041959717,589.7951497662166,2217.299285398706,0.9998741940435028,521.9888624141141,1646.47407025454,0.980079656507129,170.08015976646703,1416.4731611865413,0.9886424465801781,989.8779749153044,2088.1488535470603,0.9907472127906092,-8116.169379976373,-4379.762383577244,1.0151000248947064,77.53481705426721,2397.4557762860964,1.0337034853996483,2418.3475834888222,5253.0083055312125,1.0678978970000892,509.88118156497717,980.5280798903732,0.9882690130458194
cms,plausibility,system,0,4,0.13634277983984988,0.10113995132317655,7885977.71482951,677209.8913780915,651152.3244884259,741119.3849324832,60.023349629181055,1418329.2763105747,209863.42795710015,1628192.7042676748,589.7951497662166,2352.3730700063456,1.0025279149523911,521.9888624141141,1552.9660217355276,0.9781760795634471,170.08015976646703,1435.630922177132,0.9890369038155049,989.8779749153044,2060.65525006388,0.9888305971442646,-8116.169379976373,-3380.8426520360013,1.010984147760827,77.53481705426721,3148.4468303024028,1.0391443545407606,2418.3475834888222,5024.331098694883,1.062263664512632,509.88118156497717,1162.1273347349834,0.9959955172375028
cms,plausibility,use,0,4,0.13634277983984988,0.09695966716254856,7885977.71482951,715176.4639565176,660868.6751011807,763170.705992667,60.074693510725915,1478347.1699491846,209863.42795710015,1688210.5979062845,589.7951497662166,2295.760676735115,1.0003916635940018,521.9888624141141,1614.666459192181,0.9796073312035727,170.08015976646703,1465.899413167168,0.9875510681772744,989.8779749153044,2203.8651569088647,0.992002226591377,-8116.169379976373,-4810.026557116589,1.0056922657975,77.53481705426721,2533.887548773671,1.0357101822869006,2418.3475834888222,5389.059903351997,1.0675746113164528,509.88118156497717,1025.7401435758613,0.9935047646882037
cms,plausibility,any,0,4,0.13634277983984988,0.09775272362834497,7885977.71482951,714415.550944045,634076.2529987147,774058.7294752274,60.0107769554191,1488474.2804192724,209863.42795710015,1698337.7083763727,589.7951497662166,2239.197370149805,1.0017657808065004,521.9888624141141,1859.7034879180148,0.9805944684705267,170.08015976646703,1516.9040184501255,0.9906497485323091,989.8779749153044,2289.850169012788,0.991758018573387,-8116.169379976373,-4932.20187127032,1.0065227120750981,77.53481705426721,2149.434366059698,1.0295671778272093,2418.3475834888222,4822.587581964523,1.0606197720777013,509.88118156497717,1569.233031417638,1.0002808133113166
cms,plan cost model,WLS,0,4,0.13634277983984988,0.11301852466855333,7885977.71482951,714714.0833495362,268528.070195982,486279.8188488665,60.03585362343987,1200993.9021984024,209863.42795710015,1410857.3301555028,589.7951497662166,1860.5966320065445,1.0131427875403165,521.9888624141141,1409.4072353965964,1.016735307303589,170.08015976646703,1252.8790982016653,1.006684169945455,989.8779749153044,1883.2761413706935,0.9977574176512222,-8116.169379976373,-4344.799654707035,0.9583632003677471,77.53481705426721,2104.3498714771567,1.0021681972018062,2418.3475834888222,4865.48323022009,1.030084527790543,509.88118156497717,1003.0432720864611,1.0210230522067862
cms,share of added codes real,0.0,0,4,0.13634277983984988,,,714714.0833495362,,751994.0928893357,,1466708.1762388719,,,,,,,,,,,,,,,,,,,,,,,,,,
cms,share of added codes real,0.25,0,4,0.13634277983984988,,,497349.3446545468,,712792.4964804952,,1210141.841135042,,,,,,,,,,,,,,,,,,,,,,,,,,
cms,share of added codes real,0.5,0,4,0.13634277983984988,,,235314.61117639873,,671376.1342836432,,906690.7454600419,,,,,,,,,,,,,,,,,,,,,,,,,,
cms,share of added codes real,1.0,0,4,0.13634277983984988,,,-327003.76247678,,572470.08343418,,245466.32095740002,,,,,,,,,,,,,,,,,,,,,,,,,,
cms_pen_1,cost per code,0.0,0,4,0.13641783481077574,0.1230710259967207,7860924.891737792,149163.49050326695,428210.2340186077,678712.1886031277,60.22279526286241,827875.6791063946,184810.60486538196,1012686.2839717765,366.2221615449177,1344.8654154657456,0.9983944324543421,504.6934594704355,1129.9016305210325,0.9819016010353742,163.5730666976278,909.2657643492976,0.9940865381936252,1107.846717560508,1486.2294215896404,0.9864888080584462,-10514.4678482412,-8370.448768231372,0.9590001775218516,-253.57389231333346,1452.641361775564,1.0188613637616146,2131.3209067016614,3487.7471399976125,1.0773884498456845,522.8904850671506,1017.6648763458861,0.9937823367000567
cms_pen_1,cost per code,250.0,0,4,0.13641783481077574,0.1230710259967207,7860924.891737792,134107.79168755133,428210.2340186077,678712.1886031277,60.22279526286241,812819.980290679,184810.60486538196,997630.5851560609,366.2221615449177,1344.8654154657456,0.9983944324543421,504.6934594704355,1129.9016305210325,0.9819016010353742,163.5730666976278,909.2657643492976,0.9940865381936252,1107.846717560508,1486.2294215896404,0.9864888080584462,-10514.4678482412,-8370.448768231372,0.9590001775218516,-253.57389231333346,1452.641361775564,1.0188613637616146,2131.3209067016614,3487.7471399976125,1.0773884498456845,522.8904850671506,1017.6648763458861,0.9937823367000567
cms_pen_1,cost per code,500.0,0,4,0.13641783481077574,0.1230710259967207,7860924.891737792,119052.09287183575,428210.2340186077,678712.1886031277,60.22279526286241,797764.2814749634,184810.60486538196,982574.8863403453,366.2221615449177,1344.8654154657456,0.9983944324543421,504.6934594704355,1129.9016305210325,0.9819016010353742,163.5730666976278,909.2657643492976,0.9940865381936252,1107.846717560508,1486.2294215896404,0.9864888080584462,-10514.4678482412,-8370.448768231372,0.9590001775218516,-253.57389231333346,1452.641361775564,1.0188613637616146,2131.3209067016614,3487.7471399976125,1.0773884498456845,522.8904850671506,1017.6648763458861,0.9937823367000567
cms_pen_1,cost per code,1000.0,0,4,0.13641783481077574,0.1230710259967207,7860924.891737792,88940.69524040453,428210.2340186077,678712.1886031277,60.22279526286241,767652.8838435322,184810.60486538196,952463.4887089139,366.2221615449177,1344.8654154657456,0.9983944324543421,504.6934594704355,1129.9016305210325,0.9819016010353742,163.5730666976278,909.2657643492976,0.9940865381936252,1107.846717560508,1486.2294215896404,0.9864888080584462,-10514.4678482412,-8370.448768231372,0.9590001775218516,-253.57389231333346,1452.641361775564,1.0188613637616146,2131.3209067016614,3487.7471399976125,1.0773884498456845,522.8904850671506,1017.6648763458861,0.9937823367000567
cms_pen_1,cost per code,2000.0,0,4,0.13641783481077574,0.12368092027806743,7860924.891737792,28638.73537332812,431501.0059681534,682030.1280999989,60.05678334153904,710668.863473327,184810.60486538196,895479.468338709,366.2221615449177,1361.1993440755186,0.9977372947415639,504.6934594704355,1104.6370927142445,0.982463285144756,163.5730666976278,928.7373483665317,0.9929961725197749,1107.846717560508,1474.8609584979754,0.9838096278559184,-10514.4678482412,-8299.24344413081,0.9633458823004987,-253.57389231333346,1450.4024069188904,1.0192022210405842,2131.3209067016614,3491.295241305948,1.077235974637928,522.8904850671506,1031.0299654393855,0.9919001002155167
cms_pen_1,cost per code,3000.0,0,4,0.13641783481077574,0.1246461712315865,7860924.891737792,0.0,390850.13867899985,675681.3166197242,0.0,675681.3166197242,184810.60486538196,860491.921485106,366.2221615449177,1236.0753299995686,0.9993226846636766,504.6934594704355,1074.2791844529334,0.9859464458143123,163.5730666976278,802.1958558887374,0.9914764855799365,1107.846717560508,1387.423200486491,0.9901156099628214,-10514.4678482412,-8702.138989964973,0.9545410462791007,-253.57389231333346,1082.6113326352713,1.0095461721570078,2131.3209067016614,3292.4256773990282,1.07715534612319,522.8904850671506,1013.2065497549369,0.9963706464235416
cms_pen_1,codes per person,1,0,4,0.13641783481077574,0.1230710259967207,7860924.891737792,88940.69524040453,428210.2340186077,678712.1886031277,60.22279526286241,767652.8838435322,184810.60486538196,952463.4887089139,366.2221615449177,1344.8654154657456,0.9983944324543421,504.6934594704355,1129.9016305210325,0.9819016010353742,163.5730666976278,909.2657643492976,0.9940865381936252,1107.846717560508,1486.2294215896404,0.9864888080584462,-10514.4678482412,-8370.448768231372,0.9590001775218516,-253.57389231333346,1452.641361775564,1.0188613637616146,2131.3209067016614,3487.7471399976125,1.0773884498456845,522.8904850671506,1017.6648763458861,0.9937823367000567
cms_pen_1,codes per person,2,0,4,0.13641783481077574,0.12195803618225598,7860924.891737792,169217.59134535794,457329.19213347987,694633.2323863611,120.10147970611546,863850.823731719,184810.60486538196,1048661.428597101,366.2221615449177,1507.5722781794695,0.997623495639333,504.6934594704355,1318.3967276763944,0.9801492922216694,163.5730666976278,1062.2559021274883,0.9894423396873584,1107.846717560508,1592.59355807661,0.9774183204622927,-10514.4678482412,-8049.735769929874,0.980014290260252,-253.57389231333346,1663.0439882128194,1.02983868596841,2131.3209067016614,3478.1426530900017,1.0776505214254282,522.8904850671506,1136.515765327995,0.9861236044437374
cms_pen_1,codes per person,3,0,4,0.13641783481077574,0.11557958866009521,7860924.891737792,247350.07618240025,484072.5447444039,700936.8740634248,180.60080463580377,948286.950245825,184810.60486538196,1133097.5551112068,366.2221615449177,1614.271973173163,0.9976424379468632,504.6934594704355,1461.7095299830576,0.981559070687004,163.5730666976278,1191.125250922006,0.9924691825631229,1107.846717560508,1587.947871677565,0.9724779997297985,-10514.4678482412,-7775.302397534441,0.984816511740708,-253.57389231333346,1919.4835612602474,1.0283909927933808,2131.3209067016614,3546.5976291619722,1.0775916566240245,522.8904850671506,1192.773978700276,0.9860484770358311
cms_pen_1,reach,0.02,0,4,0.13641783481077574,0.12353340748430519,7860924.891737792,29568.54805437128,404596.1320168758,682055.6777048394,20.021213134047578,711624.2257592105,184810.60486538196,896434.8306245926,366.2221615449177,1285.139214770966,0.999373046562557,504.6934594704355,1091.7691708641569,0.9834981346100091,163.5730666976278,827.8558340381737,0.991779869150282,1107.846717560508,1403.4461362310274,0.9899417670902619,-10514.4678482412,-8476.81119648302,0.9567389615882508,-253.57389231333346,1219.1971464184182,1.012240825067062,2131.3209067016614,3388.6804454158,1.0784716980406113,522.8904850671506,1012.1952040253088,0.995335623539188
cms_pen_1,reach,0.04,0,4,0.13641783481077574,0.12282767223444102,7860924.891737792,59272.18477845567,418064.57065006776,685307.739852427,40.13389640194642,744579.9246308827,184810.60486538196,929390.5294962646,366.2221615449177,1319.7466520366388,0.9983237750255788,504.6934594704355,1103.318615263311,0.9827860598262962,163.5730666976278,867.0807731037388,0.9924042793153348,1107.846717560508,1461.4957501167412,0.9916862664717714,-10514.4678482412,-8403.786502423534,0.9567456098147467,-253.57389231333346,1363.1741090487012,1.0151809445563826,2131.3209067016614,3449.6830069494827,1.0779223457213698,522.8904850671506,1029.2893092788934,0.9944389141205094
cms_pen_1,reach,0.05,0,4,0.13641783481077574,0.12308140823086955,7860924.891737792,73904.23555413929,426860.0332968823,687503.2264654889,50.04143080740599,761407.4620196283,184810.60486538196,946218.0668850102,366.2221615449177,1345.7113050377802,0.9986797188791511,504.6934594704355,1123.6349006947157,0.9831147511317964,163.5730666976278,903.6624162536264,0.9930428617875809,1107.846717560508,1466.0150308122993,0.9880112544263344,-10514.4678482412,-8370.448768231374,0.95896926204269,-253.57389231333346,1424.4865652911083,1.0171526979817256,2131.3209067016614,3486.41983795712,1.0782649501453618,522.8904850671506,1010.5067866816776,0.9938139079485702
cms_pen_1,reach,0.06,0,4,0.13641783481077574,0.1230710259967207,7860924.891737792,88940.69524040453,428210.2340186077,678712.1886031277,60.22279526286241,767652.8838435322,184810.60486538196,952463.4887089139,366.2221615449177,1344.8654154657456,0.9983944324543421,504.6934594704355,1129.9016305210325,0.9819016010353742,163.5730666976278,909.2657643492976,0.9940865381936252,1107.846717560508,1486.2294215896404,0.9864888080584462,-10514.4678482412,-8370.448768231372,0.9590001775218516,-253.57389231333346,1452.641361775564,1.0188613637616146,2131.3209067016614,3487.7471399976125,1.0773884498456845,522.8904850671506,1017.6648763458861,0.9937823367000567
cms_pen_1,reach,0.075,0,4,0.13641783481077574,0.12397587805615196,7860924.891737792,110973.92461543468,435008.95079656853,673649.7283721522,75.14175511634166,784623.6529875869,184810.60486538196,969434.2578529688,366.2221615449177,1378.65962680653,0.9967631490692024,504.6934594704355,1169.106412107605,0.9804615485965764,163.5730666976278,914.8541510588378,0.9944735616239947,1107.846717560508,1496.525026293526,0.9845446504142712,-10514.4678482412,-8366.511291053595,0.9655720763233483,-253.57389231333346,1480.2056179029753,1.0215658937879588,2131.3209067016614,3495.2716028842137,1.0775592564859817,522.8904850671506,1048.252536877631,0.987820223797681
cms_pen_1,reach,0.1,0,4,0.13641783481077574,0.12378296458167193,7860924.891737792,147949.75544945075,438929.25687050587,664829.2940385754,100.17852691098788,812779.0494880261,184810.60486538196,997589.6543534083,366.2221615449177,1445.9138044561137,0.9967224460341041,504.6934594704355,1228.6039393204737,0.9781802519395564,163.5730666976278,989.7576941589507,0.9942400628233932,1107.846717560508,1525.1996121812092,0.9775476985739046,-10514.4678482412,-8314.538749808997,0.977965023056268,-253.57389231333346,1487.1278187130054,1.0240285201583157,2131.3209067016614,3498.61567180971,1.0770074754051857,522.8904850671506,1097.5454864229387,0.9863098206655632
cms_pen_1,reach,0.25,0,4,0.13641783481077574,0.12029156815475806,7860924.891737792,368337.4105557748,497645.0962123044,722079.8541911425,250.00315351913056,1090417.2647469174,184810.60486538196,1275227.8696122994,366.2221615449177,1800.1466610857065,0.9934992107999566,504.6934594704355,1514.144085213546,0.9722145845259542,163.5730666976278,1291.8759292575885,0.9896769938100408,1107.846717560508,1898.6105262706192,0.9760595549214912,-10514.4678482412,-7833.87626847074,0.9824785875840597,-253.57389231333346,2186.6830205343977,1.039795573009857,2131.3209067016614,3857.4571908754124,1.0760348609210513,522.8904850671506,1245.0716167884173,0.9637386226215107
cms_pen_1,reach,0.5,0,4,0.13641783481077574,0.11425001061972107,7860924.891737792,654091.3528022442,655745.8212693649,745187.1171257141,500.0295947525938,1399278.4699279584,184810.60486538196,1584089.0747933402,366.2221615449177,2317.171241103632,0.9911845228369832,504.6934594704355,1785.9474698205026,0.959019718809367,163.5730666976278,1821.3825052588393,0.9882371739754978,1107.846717560508,2482.5648848130854,0.9739928537132886,-10514.4678482412,-6446.0518129003085,0.9968966181328971,-253.57389231333346,2986.9083538844034,1.0496202365780198,2131.3209067016614,5245.351227924501,1.1016323949967082,522.8904850671506,1356.896872984271,0.9371762647524795
cms_pen_1,reach,1.0,0,4,0.13641783481077574,0.10768952807866561,7860924.891737792,786004.3592630988,610249.1420858296,742923.1635669107,708.4973011385323,1528927.5228300095,184810.60486538196,1713738.1276953914,366.2221615449177,2654.524426227322,0.9909987619518071,504.6934594704355,2155.8491407246515,0.9683107895431106,163.5730666976278,2220.9194746144444,0.9952791471251292,1107.846717560508,2804.1323041438613,0.9790016093188219,-10514.4678482412,-6476.725120438043,0.9905573847632329,-253.57389231333346,3278.710517232594,1.0459489763985637,2131.3209067016614,5405.538341834813,1.0856374224981353,522.8904850671506,1640.2761453885219,0.925295229167249
cms_pen_1,tilt,0.0,0,4,0.13641783481077574,0.13655888657565696,7860924.891737792,88940.69524040453,0.0,0.0,60.22279526286241,88940.69524040453,184810.60486538196,273751.30010578653,366.2221615449177,484.30919129196116,1.0,504.6934594704355,579.3521012653162,1.0,163.5730666976278,300.9094605977626,1.0,1107.846717560508,1185.6280940806196,1.0,-10514.4678482412,-10245.862603233765,1.0,-253.57389231333346,97.67035589037974,1.0,2131.3209067016614,2320.4033619021407,1.0,522.8904850671506,550.579280219048,1.0
cms_pen_1,tilt,0.05,0,4,0.13641783481077574,0.13347353137980833,7860924.891737792,88940.69524040453,107049.45919754563,169673.13475648916,60.22279526286241,258613.8299968937,184810.60486538196,443424.4348622756,366.2221615449177,699.1828545495483,0.9995986197343889,504.6934594704355,715.1087815204588,0.9954755312517346,163.5730666976278,452.31861804763287,0.9985216773489581,1107.846717560508,1260.0121561593216,0.9966222998061398,-10514.4678482412,-9791.588920148508,0.9897503411296557,-253.57389231333346,441.1725823947446,1.0047152044253136,2131.3209067016614,2628.847602265755,1.01934655233802,522.8904850671506,666.8019274403741,0.9984456291773204
cms_pen_1,tilt,0.1,0,4,0.13641783481077574,0.1302074475031445,7860924.891737792,88940.69524040453,214100.98455994818,339349.54437929724,60.22279526286241,428290.2396197018,184810.60486538196,613100.8444850836,366.2221615449177,914.2333007666774,0.999197231721725,504.6934594704355,852.10778944288,0.9909509751765607,163.5730666976278,604.1797015424013,0.9970433261647655,1107.846717560508,1334.9035803655847,0.9932445344191857,-10514.4678482412,-9327.799000432855,0.9795004844303344,-253.57389231333346,781.4722429451845,1.0094304998589303,2131.3209067016614,2925.8073889239863,1.0386934780844337,522.8904850671506,783.3892612762877,0.9968912283536824
cms_pen_1,tilt,0.2,0,4,0.13641783481077574,0.1230710259967207,7860924.891737792,88940.69524040453,428210.2340186077,678712.1886031277,60.22279526286241,767652.8838435322,184810.60486538196,952463.4887089139,366.2221615449177,1344.8654154657456,0.9983944324543421,504.6934594704355,1129.9016305210325,0.9819016010353742,163.5730666976278,909.2657643492976,0.9940865381936252,1107.846717560508,1486.2294215896404,0.9864888080584462,-10514.4678482412,-8370.448768231372,0.9590001775218516,-253.57389231333346,1452.641361775564,1.0188613637616146,2131.3209067016614,3487.7471399976125,1.0773884498456845,522.8904850671506,1017.6648763458861,0.9937823367000567
cms_pen_1,tilt,0.3,0,4,0.13641783481077574,0.1150066266936487,7860924.891737792,88940.69524040453,642327.748854563,1018087.9334300436,60.22279526286241,1107028.6286704482,184810.60486538196,1291839.23353583,366.2221615449177,1776.2072857602582,0.9975916021960568,504.6934594704355,1412.8745176109305,0.9728518775562132,163.5730666976278,1216.184006259625,0.9911296360799704,1107.846717560508,1639.6481534690029,0.9797328209026805,-10514.4678482412,-7371.23498477531,0.9384990792287293,-253.57389231333346,2111.524580823526,1.028292591729133,2131.3209067016614,4010.741115384559,1.1160849153702446,522.8904850671506,1253.420009278073,0.9906733250321743
cms_pen_1,tilt,0.5,0,4,0.13641783481077574,0.09532406350674771,7860924.891737792,88940.69524040453,1070587.5765728604,1696878.7279276224,60.22279526286241,1785819.423168027,184810.60486538196,1970630.028033409,366.2221615449177,2641.0273235167197,0.9959858486996006,504.6934594704355,1994.9477686794007,0.9547513825030497,163.5730666976278,1835.5834446161482,0.9852154893986773,1107.846717560508,1952.9403974034587,0.9662200641456636,-10514.4678482412,-5235.730696895293,0.8974945083052568,-253.57389231333346,3393.758439698776,1.0471561399429998,2131.3209067016614,4955.037120802124,1.193482328055292,522.8904850671506,1729.4252465086518,0.9844549416258391
cms_pen_1,selection rule,smooth,0,4,0.13641783481077574,-0.4248244627645441,7860924.891737792,88940.69524040453,10099467.81965534,8664131.62618045,60.22279526286241,8753072.321420854,184810.60486538196,8937882.926286234,366.2221615449177,9740.356127423001,1.0743547209970077,504.6934594704355,7026.117238441054,0.7277042551183192,163.5730666976278,6145.56567988439,0.8032394675181692,1107.846717560508,6043.316552458859,0.8585731386324923,-10514.4678482412,11463.51100836129,1.981453424647946,-253.57389231333346,13868.941560978885,1.8166376630242318,2131.3209067016614,14422.012979309491,2.811568820966173,522.8904850671506,3196.842362031837,0.5193349977159576
cms_pen_1,plausibility,either,0,4,0.13641783481077574,0.1230710259967207,7860924.891737792,88940.69524040453,428210.2340186077,678712.1886031277,60.22279526286241,767652.8838435322,184810.60486538196,952463.4887089139,366.2221615449177,1344.8654154657456,0.9983944324543421,504.6934594704355,1129.9016305210325,0.9819016010353742,163.5730666976278,909.2657643492976,0.9940865381936252,1107.846717560508,1486.2294215896404,0.9864888080584462,-10514.4678482412,-8370.448768231372,0.9590001775218516,-253.57389231333346,1452.641361775564,1.0188613637616146,2131.3209067016614,3487.7471399976125,1.0773884498456845,522.8904850671506,1017.6648763458861,0.9937823367000567
cms_pen_1,plausibility,system,0,4,0.13641783481077574,0.12207191701587505,7860924.891737792,56216.64429613399,425814.20641600376,687360.4303214669,60.1429242153356,743577.0746176009,184810.60486538196,928387.6794829828,366.2221615449177,1357.1296239244018,0.9986952458685792,504.6934594704355,1126.9803994089373,0.983282978759031,163.5730666976278,885.0521134075556,0.9912711838988931,1107.846717560508,1481.4711598346853,0.9924241295412675,-10514.4678482412,-8271.148913581497,0.9625236593045972,-253.57389231333346,1305.7240273851141,1.0115909862339354,2131.3209067016614,3686.1504497233354,1.0829700872127026,522.8904850671506,1036.793815806899,0.9938963266172819
cms_pen_1,plausibility,use,0,4,0.13641783481077574,0.1237850919900294,7860924.891737792,88697.29331524277,427229.6790507702,675054.0571211809,60.05798494441391,763751.3504364237,184810.60486538196,948561.9553018055,366.2221615449177,1355.7126857731437,0.9984857719484559,504.6934594704355,1113.896589773584,0.9826381549139631,163.5730666976278,916.5454678456156,0.9942467580672878,1107.846717560508,1467.2077076644437,0.9842314156268459,-10514.4678482412,-8406.545818387032,0.9612485006398602,-253.57389231333346,1454.2055837365167,1.0192437061468114,2131.3209067016614,3490.03646116578,1.0771844363480514,522.8904850671506,1019.079745389505,0.9939523687716509
cms_pen_1,plausibility,any,0,4,0.13641783481077574,0.12113809970265321,7860924.891737792,88751.43464420717,427212.4184893119,690891.8849413976,60.09464467774148,779643.3195856048,184810.60486538196,964453.9244509868,366.2221615449177,1406.7002923906243,0.9989501085867756,504.6934594704355,1153.7382186499894,0.9829334298158373,163.5730666976278,946.6266183541786,0.9924008018138587,1107.846717560508,1467.0169730365822,0.9886555242597754,-10514.4678482412,-8323.730389637536,0.9570034829836088,-253.57389231333346,1475.0678356154283,1.0149654227307334,2131.3209067016614,3557.9705789294544,1.0789709618553098,522.8904850671506,1026.741597843629,0.9951598194558972
cms_pen_1,plan cost model,WLS,0,4,0.13641783481077574,0.13455129257837206,7860924.891737792,88940.69524040453,33550.36739895969,444230.350129706,60.22279526286241,533171.0453701105,184810.60486538196,717981.6502354924,366.2221615449177,990.5682385114997,1.0065472722419497,504.6934594704355,926.825105966516,1.0182294437701498,163.5730666976278,707.7195912363586,1.0144326521542493,1107.846717560508,1430.9043564174315,1.006323402714724,-10514.4678482412,-8720.96533648091,0.9276850322858388,-253.57389231333346,985.9512329602907,0.9898060507701665,2131.3209067016614,3101.231848323733,1.017112083402106,522.8904850671506,943.2122275713601,1.0390541082508642
cms_pen_1,share of added codes real,0.0,0,4,0.13641783481077574,,,88940.69524040453,,678712.1886031277,,767652.8838435323,,,,,,,,,,,,,,,,,,,,,,,,,,
cms_pen_1,share of added codes real,0.25,0,4,0.13641783481077574,,,3911.9174718846,,670990.0393721425,,674901.9568440272,,,,,,,,,,,,,,,,,,,,,,,,,,
cms_pen_1,share of added codes real,0.5,0,4,0.13641783481077574,,,-69406.49104513327,,667970.4246158473,,598563.933570714,,,,,,,,,,,,,,,,,,,,,,,,,,
cms_pen_1,share of added codes real,1.0,0,4,0.13641783481077574,,,-221387.15016330456,,655123.9450373235,,433736.794874019,,,,,,,,,,,,,,,,,,,,,,,,,,
cms_robust_adv,cost per code,0.0,0,4,0.13960939650960857,0.13245913982939628,7075274.125495015,177967.56960151624,274036.35648886237,592346.2548898772,60.0038375183477,770313.8244913934,-600840.161377394,169473.66311399933,-434.33119203091326,485.5185088722267,0.995578122369258,-34.76163116416612,557.3965316151124,0.9906097027424118,-535.5036677890922,209.19240344612973,0.9988167702913197,479.1680107414893,907.1927744535913,0.9937108855300848,-12229.544131273698,-10350.774302467224,0.9505832101423344,-1151.123260116728,544.945422297862,1.013471245621245,58.58594488265656,1166.4990931928542,1.0513680751388226,243.01664719759376,757.5422531093587,1.0209837926293668
cms_robust_adv,cost per code,250.0,0,4,0.13960939650960857,0.13245913982939628,7075274.125495015,162966.61022192932,274036.35648886237,592346.2548898772,60.0038375183477,755312.8651118065,-600840.161377394,154472.70373441238,-434.33119203091326,485.5185088722267,0.995578122369258,-34.76163116416612,557.3965316151124,0.9906097027424118,-535.5036677890922,209.19240344612973,0.9988167702913197,479.1680107414893,907.1927744535913,0.9937108855300848,-12229.544131273698,-10350.774302467224,0.9505832101423344,-1151.123260116728,544.945422297862,1.013471245621245,58.58594488265656,1166.4990931928542,1.0513680751388226,243.01664719759376,757.5422531093587,1.0209837926293668
cms_robust_adv,cost per code,500.0,0,4,0.13960939650960857,0.13245913982939628,7075274.125495015,147965.6508423424,274036.35648886237,592346.2548898772,60.0038375183477,740311.9057322195,-600840.161377394,139471.74435482547,-434.33119203091326,485.5185088722267,0.995578122369258,-34.76163116416612,557.3965316151124,0.9906097027424118,-535.5036677890922,209.19240344612973,0.9988167702913197,479.1680107414893,907.1927744535913,0.9937108855300848,-12229.544131273698,-10350.774302467224,0.9505832101423344,-1151.123260116728,544.945422297862,1.013471245621245,58.58594488265656,1166.4990931928542,1.0513680751388226,243.01664719759376,757.5422531093587,1.0209837926293668
cms_robust_adv,cost per code,1000.0,0,4,0.13960939650960857,0.13245913982939628,7075274.125495015,117963.73208316854,274036.35648886237,592346.2548898772,60.0038375183477,710309.9869730456,-600840.161377394,109469.82559565161,-434.33119203091326,485.5185088722267,0.995578122369258,-34.76163116416612,557.3965316151124,0.9906097027424118,-535.5036677890922,209.19240344612973,0.9988167702913197,479.1680107414893,907.1927744535913,0.9937108855300848,-12229.544131273698,-10350.774302467224,0.9505832101423344,-1151.123260116728,544.945422297862,1.013471245621245,58.58594488265656,1166.4990931928542,1.0513680751388226,243.01664719759376,757.5422531093587,1.0209837926293668
cms_robust_adv,cost per code,2000.0,0,4,0.13960939650960857,0.13245913982939628,7075274.125495015,57959.89456482083,274036.35648886237,592346.2548898772,60.0038375183477,650306.149454698,-600840.161377394,49465.98807730391,-434.33119203091326,485.5185088722267,0.995578122369258,-34.76163116416612,557.3965316151124,0.9906097027424118,-535.5036677890922,209.19240344612973,0.9988167702913197,479.1680107414893,907.1927744535913,0.9937108855300848,-12229.544131273698,-10350.774302467224,0.9505832101423344,-1151.123260116728,544.945422297862,1.013471245621245,58.58594488265656,1166.4990931928542,1.0513680751388226,243.01664719759376,757.5422531093587,1.0209837926293668
cms_robust_adv,cost per code,3000.0,0,4,0.13960939650960857,0.1317231173824408,7075274.125495015,0.0,243598.76173269146,588245.0926271611,0.0,588245.0926271611,-600840.161377394,-12595.068750233164,-434.33119203091326,330.71815825422647,0.9970860092858035,-34.76163116416612,423.4355310555311,0.9924266724950843,-535.5036677890922,66.4659363954583,0.9972124165838214,479.1680107414893,774.2888972086142,0.9936347086907424,-12229.544131273698,-10672.338827549816,0.9440848837370804,-1151.123260116728,125.06402039568476,1.005884004730603,58.58594488265656,1047.3166560316056,1.0534437876368097,243.01664719759376,645.8872669073244,1.0234941719684296
cms_robust_adv,codes per person,1,0,4,0.13960939650960857,0.13245913982939628,7075274.125495015,117963.73208316854,274036.35648886237,592346.2548898772,60.0038375183477,710309.9869730456,-600840.161377394,109469.82559565161,-434.33119203091326,485.5185088722267,0.995578122369258,-34.76163116416612,557.3965316151124,0.9906097027424118,-535.5036677890922,209.19240344612973,0.9988167702913197,479.1680107414893,907.1927744535913,0.9937108855300848,-12229.544131273698,-10350.774302467224,0.9505832101423344,-1151.123260116728,544.945422297862,1.013471245621245,58.58594488265656,1166.4990931928542,1.0513680751388226,243.01664719759376,757.5422531093587,1.0209837926293668
cms_robust_adv,codes per person,2,0,4,0.13960939650960857,0.13073524048690466,7075274.125495015,221418.8831093742,301851.81554431055,617186.5673970275,120.04294914305879,838605.4505064017,-600840.161377394,237765.28912900764,-434.33119203091326,636.3791732278988,0.9952340857266628,-34.76163116416612,693.3731637631547,0.990199968946784,-535.5036677890922,385.73448679949786,0.996112460158308,479.1680107414893,1004.2198399880006,0.9892551220164462,-12229.544131273698,-10220.772846129164,0.9494559054730517,-1151.123260116728,787.9587815985658,1.0113522020777244,58.58594488265656,1318.729842230772,1.0522550403212911,243.01664719759376,836.720719380099,1.020734508523464
cms_robust_adv,codes per person,3,0,4,0.13960939650960857,0.12470728605409487,7075274.125495015,298278.6469450945,335516.29453322943,642818.6527432026,180.19789623445124,941097.2996882972,-600840.161377394,340257.13831090304,-434.33119203091326,754.3297311888456,0.9962001983029669,-34.76163116416612,846.4647394950839,0.9901507615800572,-535.5036677890922,583.6516984546208,0.9958312201960341,479.1680107414893,1030.3734918470736,0.9841532356171752,-12229.544131273698,-9999.149748913851,0.9512739564591459,-1151.123260116728,1098.5734773673007,1.0165544674525113,58.58594488265656,1358.642874257006,1.0508832126222853,243.01664719759376,939.6433113550896,1.0239199764953422
cms_robust_adv,reach,0.02,0,4,0.13960939650960857,0.13176966252768663,7075274.125495015,39722.47646214124,262546.5524356887,591952.0911846168,20.2053714423028,631674.567646758,-600840.161377394,30834.406269363968,-434.33119203091326,388.8061047712052,0.9966674135271676,-34.76163116416612,464.33437367746706,0.9919953458082866,-535.5036677890922,102.94388013935854,0.997874097259976,479.1680107414893,819.4788576967031,0.9958555088461039,-12229.544131273698,-10641.325537346258,0.9411922366040516,-1151.123260116728,314.1801280782674,1.0094157414528628,58.58594488265656,1109.4845141901424,1.054705845932547,243.01664719759376,642.9789285575621,1.0208413075974223
cms_robust_adv,reach,0.04,0,4,0.13960939650960857,0.1321956953406399,7075274.125495015,78726.02353014062,267127.3960511233,592831.4745677498,40.04504978731672,671557.4980978904,-600840.161377394,70717.33672049623,-434.33119203091326,442.2528886433031,0.9955982312121685,-34.76163116416612,504.498952065724,0.9907182344718248,-535.5036677890922,164.8456333623199,0.9989225578304121,479.1680107414893,876.7304888647642,0.9934969256119094,-12229.544131273698,-10508.015306890133,0.9446865361303318,-1151.123260116728,450.98901460737846,1.0125720683213315,58.58594488265656,1126.6035981083248,1.051881912492625,243.01664719759376,742.8810774947667,1.0213907901088068
cms_robust_adv,reach,0.05,0,4,0.13960939650960857,0.1321732614855371,7075274.125495015,98620.2035026214,270788.4785458836,592284.5184462848,50.16449176790687,690904.7219489061,-600840.161377394,90064.56057151203,-434.33119203091326,464.87821231901967,0.996355359802799,-34.76163116416612,533.4549979107231,0.9905039119355231,-535.5036677890922,176.13402373378224,0.9994836772080942,479.1680107414893,877.7580641070199,0.9926977739880852,-12229.544131273698,-10433.647298247779,0.9490459201196045,-1151.123260116728,506.205866221785,1.013693592931593,58.58594488265656,1143.036129864235,1.0513374240108209,243.01664719759376,758.090865923925,1.0211186672322403
cms_robust_adv,reach,0.06,0,4,0.13960939650960857,0.13245913982939628,7075274.125495015,117963.73208316854,274036.35648886237,592346.2548898772,60.0038375183477,710309.9869730456,-600840.161377394,109469.82559565161,-434.33119203091326,485.5185088722267,0.995578122369258,-34.76163116416612,557.3965316151124,0.9906097027424118,-535.5036677890922,209.19240344612973,0.9988167702913197,479.1680107414893,907.1927744535913,0.9937108855300848,-12229.544131273698,-10350.774302467224,0.9505832101423344,-1151.123260116728,544.945422297862,1.013471245621245,58.58594488265656,1166.4990931928542,1.0513680751388226,243.01664719759376,757.5422531093587,1.0209837926293668
cms_robust_adv,reach,0.075,0,4,0.13960939650960857,0.13212061260383778,7075274.125495015,147492.06741318075,283707.6103517121,595196.6944512598,75.02382208513087,742688.7618644405,-600840.161377394,141848.60048704635,-434.33119203091326,516.6678067809177,0.9948344647985298,-34.76163116416612,590.5155877949555,0.9901153095230545,-535.5036677890922,248.4104779383896,0.9986173389438044,479.1680107414893,947.974798536775,0.9930932337257395,-12229.544131273698,-10278.06534101772,0.9506597238595323,-1151.123260116728,612.9383409326007,1.0152665084744357,58.58594488265656,1199.3420508424742,1.0513788755245361,243.01664719759376,782.4213287894485,1.0203579945082029
cms_robust_adv,reach,0.1,0,4,0.13960939650960857,0.13097975418036123,7075274.125495015,196993.5621921056,297601.3592630854,602141.5050565132,100.2034226045159,799135.0672486188,-600840.161377394,198294.9058712246,-434.33119203091326,586.3444264166566,0.9950206728896255,-34.76163116416612,634.3269279351766,0.9897113840244539,-535.5036677890922,310.37193085012126,0.997291725689033,479.1680107414893,1030.2595078322945,0.9908313377382468,-12229.544131273698,-10127.708407114409,0.9531503691475781,-1151.123260116728,740.6745312126366,1.0187339264400204,58.58594488265656,1291.5155914703414,1.0526320899875778,243.01664719759376,813.0637663133488,1.0225055127865144
cms_robust_adv,reach,0.25,0,4,0.13960939650960857,0.1295227436052443,7075274.125495015,490140.7746274289,359205.3125875098,601010.098196763,250.01442621946114,1091150.8728241918,-600840.161377394,490310.71144679777,-434.33119203091326,933.5794550625764,0.9933786573249427,-34.76163116416612,895.733352876208,0.9796756707164943,-535.5036677890922,694.7945072510686,0.9899597820192301,479.1680107414893,1284.7645932902105,0.981849671612161,-12229.544131273698,-9664.583214298498,0.9625921588642432,-1151.123260116728,1446.0017372303598,1.0385834608461186,58.58594488265656,1677.5737328550774,1.052421946992298,243.01664719759376,907.8475918294047,0.9935457567601285
cms_robust_adv,reach,0.5,0,4,0.13960939650960857,0.12498179757273198,7075274.125495015,906948.5658277238,560742.0225792443,675575.4771914977,500.02821493581234,1582524.0430192214,-600840.161377394,981683.8816418275,-434.33119203091326,1684.5991470729136,0.991427859488149,-34.76163116416612,1380.2833135200121,0.9685525304614198,-535.5036677890922,1267.4121043983837,0.9807681533617687,479.1680107414893,2034.8913343224779,0.9839855075268007,-12229.544131273698,-8061.057500297612,0.9823180322408362,-1151.123260116728,2431.1410465927643,1.0517508392919321,58.58594488265656,3497.529045401938,1.0845684608320225,243.01664719759376,1180.9122523009019,0.9445000488118188
cms_robust_adv,reach,1.0,0,4,0.13960939650960857,0.11925584520579491,7075274.125495015,1110837.0438040772,520048.0789426054,714185.1289082802,708.4973011385323,1825022.1727123575,-600840.161377394,1224182.0113349636,-434.33119203091326,2124.4825136232016,0.9893983022412989,-34.76163116416612,1950.4710347496218,0.9694937794659508,-535.5036677890922,1782.9392482777007,0.995252878958198,479.1680107414893,2381.1643332165086,0.9788336168135722,-12229.544131273698,-7844.43672533961,0.9776275031744195,-1151.123260116728,2826.4707556271355,1.0507916510651798,58.58594488265656,3671.1694463195236,1.0627318174689164,243.01664719759376,1476.4069562784016,0.9152260709827803
cms_robust_adv,tilt,0.0,0,4,0.13960939650960857,0.14157619910976682,7075274.125495015,117963.73208316854,0.0,0.0,60.0038375183477,117963.73208316854,-600840.161377394,-482876.42929422564,-434.33119203091326,-296.9033017142989,1.0,-34.76163116416612,90.22292185515093,1.0,-535.5036677890922,-376.7080757630844,1.0,479.1680107414893,607.0447091845746,1.0,-12229.544131273698,-11997.792809325994,1.0,-1151.123260116728,-749.4898729266599,1.0,58.58594488265656,193.14809360119816,1.0,243.01664719759376,322.74986378176965,1.0
cms_robust_adv,tilt,0.05,0,4,0.13960939650960857,0.13949479442780044,7075274.125495015,117963.73208316854,68508.00226342973,148084.21441108777,60.0038375183477,266047.94649425626,-600840.161377394,-334792.2148831379,-434.33119203091326,-101.95037081155257,0.9988945481299749,-34.76163116416612,206.1900010822916,0.9976524629285702,-535.5036677890922,-230.3653020786948,0.9997041972656511,479.1680107414893,681.7260441860291,0.9984277463258515,-12229.544131273698,-11601.49613422102,0.9876459985280897,-1151.123260116728,-422.6276311265798,1.0033677579768472,58.58594488265656,445.7378654643699,1.0128418150531844,243.01664719759376,433.1479652974944,1.0052458649332774
cms_robust_adv,tilt,0.1,0,4,0.13960939650960857,0.137287977799174,7075274.125495015,117963.73208316854,137016.72909171967,296169.9950131983,60.0038375183477,414133.7270963668,-600840.161377394,-186706.43428102744,-434.33119203091326,93.43660606466642,0.9977890845682998,-34.76163116416612,322.7053579504403,0.9953049010287581,-535.5036677890922,-83.93435081170796,0.9994083914027876,479.1680107414893,756.64374956456,0.9968554760229916,-12229.544131273698,-11195.155345239302,0.9752918663958904,-1151.123260116728,-97.94882317124693,1.0067355515722936,58.58594488265656,692.0052353236354,1.0256837659259463,243.01664719759376,542.4009752930143,1.0104917853486775
cms_robust_adv,tilt,0.2,0,4,0.13960939650960857,0.13245913982939628,7075274.125495015,117963.73208316854,274036.35648886237,592346.2548898772,60.0038375183477,710309.9869730456,-600840.161377394,109469.82559565161,-434.33119203091326,485.5185088722267,0.995578122369258,-34.76163116416612,557.3965316151124,0.9906097027424118,-535.5036677890922,209.19240344612973,0.9988167702913197,479.1680107414893,907.1927744535913,0.9937108855300848,-12229.544131273698,-10350.774302467224,0.9505832101423344,-1151.123260116728,544.945422297862,1.013471245621245,58.58594488265656,1166.4990931928542,1.0513680751388226,243.01664719759376,757.5422531093587,1.0209837926293668
cms_robust_adv,tilt,0.3,0,4,0.13960939650960857,0.1270010569510427,7075274.125495015,117963.73208316854,411058.8822833888,888528.7798288199,60.0038375183477,1006492.5119119885,-600840.161377394,405652.3505345942,-434.33119203091326,879.3540939570938,0.9933671134013906,-34.76163116416612,794.3280697987766,0.9859144051378091,-535.5036677890922,502.67282592471196,0.9982251366651984,479.1680107414893,1058.7008615682962,0.9905662285191683,-12229.544131273698,-9461.30623728148,0.9258740312227487,-1151.123260116728,1179.363860454546,1.020207082151375,58.58594488265656,1618.3719114937444,1.0770529276558667,243.01664719759376,968.3111783986607,1.0314760218491101
cms_robust_adv,tilt,0.5,0,4,0.13960939650960857,0.11373340331501858,7075274.125495015,117963.73208316854,685112.6294324625,1480912.6256886655,60.0038375183477,1598876.3577718341,-600840.161377394,998036.1963944399,-434.33119203091326,1672.333585042985,0.9889449551532428,-34.76163116416612,1275.0417957318482,0.9765235119612303,-535.5036677890922,1090.6972389192897,0.9970418318674086,479.1680107414893,1364.6311153385104,0.9842767149348645,-12229.544131273698,-7531.849276390294,0.8764541053191501,-1151.123260116728,2423.435052126881,1.0336791826732545,58.58594488265656,2460.4306043608212,1.128424262671415,243.01664719759376,1377.2545120672785,1.052461146133927
cms_robust_adv,selection rule,smooth,0,4,0.13960939650960857,-0.13514717649081498,7075274.125495015,117963.73208316854,5573819.719478795,5524093.76981804,60.0038375183477,5642057.501901208,-600840.161377394,5041217.340523814,-434.33119203091326,7307.160856797723,1.118842457563161,-34.76163116416612,5357.052221791983,0.9034626274663502,-535.5036677890922,4174.466087753534,0.9186875180294624,479.1680107414893,1857.4886801036635,0.8241850661755504,-12229.544131273698,8117.872721128225,1.5172698912325373,-1151.123260116728,8429.088697961868,1.5437531040118437,58.58594488265656,8998.264195190428,1.7687774127300318,243.01664719759376,2678.3293430165822,0.7493925950932826
cms_robust_adv,plausibility,either,0,4,0.13960939650960857,0.13245913982939628,7075274.125495015,117963.73208316854,274036.35648886237,592346.2548898772,60.0038375183477,710309.9869730456,-600840.161377394,109469.82559565161,-434.33119203091326,485.5185088722267,0.995578122369258,-34.76163116416612,557.3965316151124,0.9906097027424118,-535.5036677890922,209.19240344612973,0.9988167702913197,479.1680107414893,907.1927744535913,0.9937108855300848,-12229.544131273698,-10350.774302467224,0.9505832101423344,-1151.123260116728,544.945422297862,1.013471245621245,58.58594488265656,1166.4990931928542,1.0513680751388226,243.01664719759376,757.5422531093587,1.0209837926293668
cms_robust_adv,plausibility,system,0,4,0.13960939650960857,0.12944640317552014,7075274.125495015,105696.51514208286,295654.435628701,616383.3189672023,60.21901239294281,722079.8341092851,-600840.161377394,121239.67273189087,-434.33119203091326,502.1941051225252,0.9978599953329358,-34.76163116416612,539.1152241827895,0.9921647744190183,-535.5036677890922,202.5278335479745,0.9947214960672832,479.1680107414893,961.1112653892318,0.9926005705169602,-12229.544131273698,-10290.618905322122,0.9476125865766035,-1151.123260116728,418.9818212455877,1.0055611155826976,58.58594488265656,1518.7859327558838,1.0617371368798187,243.01664719759376,721.320719474344,1.0198325908683166
cms_robust_adv,plausibility,use,0,4,0.13960939650960857,0.13175239829145458,7075274.125495015,118053.66595128227,277634.68513894867,600188.7070333699,60.049583588893235,718242.3729846522,-600840.161377394,117402.21160725802,-434.33119203091326,477.877877276808,0.9951172860197801,-34.76163116416612,540.443259905044,0.9906861396807963,-535.5036677890922,222.30305736150214,0.9960804451043381,479.1680107414893,934.5548126601475,0.9943114465404856,-12229.544131273698,-10434.421338876034,0.9462142623859693,-1151.123260116728,504.5327605812149,1.0128295122815165,58.58594488265656,1179.011340936031,1.0513442702099964,243.01664719759376,762.8625269356424,1.022183256660611
cms_robust_adv,plausibility,any,0,4,0.13960939650960857,0.13068410334707892,7075274.125495015,117959.26624583873,278367.50403524266,607184.4246183351,60.00156591017805,725143.6908641738,-600840.161377394,124303.52948677953,-434.33119203091326,523.1056392575737,0.9955337914908563,-34.76163116416612,596.1662790227158,0.9920586742778786,-535.5036677890922,188.7584082792452,0.9966117882504248,479.1680107414893,966.9093855563244,0.9922270088392671,-12229.544131273698,-10588.831430246855,0.9406255307713928,-1151.123260116728,465.208031773584,1.0098248633226767,58.58594488265656,1144.2561440890183,1.0519135615913355,243.01664719759376,859.946839588249,1.0210716534870279
cms_robust_adv,plan cost model,WLS,0,4,0.13960939650960857,0.1420063587733985,7075274.125495015,117963.73208316854,-115113.33333476183,403037.1051912007,60.0038375183477,521000.8372743692,-600840.161377394,-79839.324103025,-434.33119203091326,187.44877845834165,1.011683088893454,-34.76163116416612,426.97810500001026,1.0292654004177015,-535.5036677890922,39.6451569146967,1.0147447956158349,479.1680107414893,787.7951846972915,1.014711648780607,-12229.544131273698,-10549.767563424297,0.9079777499335071,-1151.123260116728,53.715603748809464,0.9826557576337933,58.58594488265656,964.484899078817,0.9737705909016799,243.01664719759376,706.8618531856536,1.0832801190287957
cms_robust_adv,share of added codes real,0.0,0,4,0.13960939650960857,,,117963.73208316854,,592346.2548898772,,710309.9869730457,,,,,,,,,,,,,,,,,,,,,,,,,,
cms_robust_adv,share of added codes real,0.25,0,4,0.13960939650960857,,,50139.02801631732,,586798.3515840844,,636937.3796004017,,,,,,,,,,,,,,,,,,,,,,,,,,
cms_robust_adv,share of added codes real,0.5,0,4,0.13960939650960857,,,-30688.26975353213,,579948.874357269,,549260.6046037369,,,,,,,,,,,,,,,,,,,,,,,,,,
cms_robust_adv,share of added codes real,1.0,0,4,0.13960939650960857,,,-191235.82485778947,,563577.5741555105,,372341.7492977211,,,,,,,,,,,,,,,,,,,,,,,,,,
cms,cost per code,0.0,1,0,0.07060204652119162,0.054823656528906306,7694618.726369533,805489.4454217069,667717.4811468683,822197.2702035365,60.09338068748498,1627686.7156252433,-420680.066908159,1207006.6487170842,-891.3563293986114,851.031484180989,1.0110142580523478,-884.6333498212455,671.1184690956023,0.982827746121484,-706.9241128630979,353.9668531324219,0.9943720683715948,-689.6617711226636,21.979585915088308,0.9912240687456246,-20301.07812527503,-14696.56820379488,1.0163680543004283,-1962.6478705359482,1032.0412062517319,1.0411624684522034,215.9290380875103,3587.8568864104072,1.053845512246028,-18.623017782070747,459.0640923434529,1.0069549283705557
cms,cost per code,250.0,1,0,0.07060204652119162,0.054823656528906306,7694618.726369533,790466.1002498355,667717.4811468683,822197.2702035365,60.09338068748498,1612663.3704533721,-420680.066908159,1191983.3035452128,-891.3563293986114,851.031484180989,1.0110142580523478,-884.6333498212455,671.1184690956023,0.982827746121484,-706.9241128630979,353.9668531324219,0.9943720683715948,-689.6617711226636,21.979585915088308,0.9912240687456246,-20301.07812527503,-14696.56820379488,1.0163680543004283,-1962.6478705359482,1032.0412062517319,1.0411624684522034,215.9290380875103,3587.8568864104072,1.053845512246028,-18.623017782070747,459.0640923434529,1.0069549283705557
cms,cost per code,500.0,1,0,0.07060204652119162,0.054823656528906306,7694618.726369533,775442.7550779644,667717.4811468683,822197.2702035365,60.09338068748498,1597640.0252815008,-420680.066908159,1176959.9583733417,-891.3563293986114,851.031484180989,1.0110142580523478,-884.6333498212455,671.1184690956023,0.982827746121484,-706.9241128630979,353.9668531324219,0.9943720683715948,-689.6617711226636,21.979585915088308,0.9912240687456246,-20301.07812527503,-14696.56820379488,1.0163680543004283,-1962.6478705359482,1032.0412062517319,1.0411624684522034,215.9290380875103,3587.8568864104072,1.053845512246028,-18.623017782070747,459.0640923434529,1.0069549283705557
cms,cost per code,1000.0,1,0,0.07060204652119162,0.054823656528906306,7694618.726369533,745396.0647342219,667717.4811468683,822197.2702035365,60.09338068748498,1567593.3349377585,-420680.066908159,1146913.2680295992,-891.3563293986114,851.031484180989,1.0110142580523478,-884.6333498212455,671.1184690956023,0.982827746121484,-706.9241128630979,353.9668531324219,0.9943720683715948,-689.6617711226636,21.979585915088308,0.9912240687456246,-20301.07812527503,-14696.56820379488,1.0163680543004283,-1962.6478705359482,1032.0412062517319,1.0411624684522034,215.9290380875103,3587.8568864104072,1.053845512246028,-18.623017782070747,459.0640923434529,1.0069549283705557
cms,cost per code,2000.0,1,0,0.07060204652119162,0.054823656528906306,7694618.726369533,685302.6840467368,667717.4811468683,822197.2702035365,60.09338068748498,1507499.9542502733,-420680.066908159,1086819.8873421142,-891.3563293986114,851.031484180989,1.0110142580523478,-884.6333498212455,671.1184690956023,0.982827746121484,-706.9241128630979,353.9668531324219,0.9943720683715948,-689.6617711226636,21.979585915088308,0.9912240687456246,-20301.07812527503,-14696.56820379488,1.0163680543004283,-1962.6478705359482,1032.0412062517319,1.0411624684522034,215.9290380875103,3587.8568864104072,1.053845512246028,-18.623017782070747,459.0640923434529,1.0069549283705557
cms,cost per code,3000.0,1,0,0.07060204652119162,0.054823656528906306,7694618.726369533,625209.3033592519,667717.4811468683,822197.2702035365,60.09338068748498,1447406.5735627883,-420680.066908159,1026726.5066546293,-891.3563293986114,851.031484180989,1.0110142580523478,-884.6333498212455,671.1184690956023,0.982827746121484,-706.9241128630979,353.9668531324219,0.9943720683715948,-689.6617711226636,21.979585915088308,0.9912240687456246,-20301.07812527503,-14696.56820379488,1.0163680543004283,-1962.6478705359482,1032.0412062517319,1.0411624684522034,215.9290380875103,3587.8568864104072,1.053845512246028,-18.623017782070747,459.0640923434529,1.0069549283705557
cms,codes per person,1,1,0,0.07060204652119162,0.054823656528906306,7694618.726369533,745396.0647342219,667717.4811468683,822197.2702035365,60.09338068748498,1567593.3349377585,-420680.066908159,1146913.2680295992,-891.3563293986114,851.031484180989,1.0110142580523478,-884.6333498212455,671.1184690956023,0.982827746121484,-706.9241128630979,353.9668531324219,0.9943720683715948,-689.6617711226636,21.979585915088308,0.9912240687456246,-20301.07812527503,-14696.56820379488,1.0163680543004283,-1962.6478705359482,1032.0412062517319,1.0411624684522034,215.9290380875103,3587.8568864104072,1.053845512246028,-18.623017782070747,459.0640923434529,1.0069549283705557
cms,codes per person,2,1,0,0.07060204652119162,0.017555913250487554,7694618.726369533,1448191.8620062976,816321.9963807344,950656.9393355126,120.24128338593638,2398848.8013418103,-420680.066908159,1978168.7344336512,-891.3563293986114,1624.8305583321567,1.0096132051807476,-884.6333498212455,1701.4167515259167,0.9853505747907573,-706.9241128630979,893.527675521321,0.9920167442556845,-689.6617711226636,600.0992338950877,0.9883945026059717,-20301.07812527503,-14253.690662804776,1.0204098438449432,-1962.6478705359482,2585.001466835505,1.0516272402986375,215.9290380875103,4657.7463166566085,1.057350587082092,-18.623017782070747,1108.3009398917682,1.0050673575820988
cms,codes per person,3,1,0,0.07060204652119162,-0.0382943723518836,7694618.726369533,2057892.6104770123,917828.5277877492,1093762.1368481608,180.126278502731,3151654.747325173,-420680.066908159,2730974.6804170143,-891.3563293986114,2334.822337110495,1.0094136722154081,-884.6333498212455,2092.256292913978,0.9824940783808975,-706.9241128630979,1731.5657120218116,0.9943496366175519,-689.6617711226636,1006.8575266144658,0.987970437923706,-20301.07812527503,-13776.541987240349,1.0167624655066136,-1962.6478705359482,4380.421009899639,1.0518549952213088,215.9290380875103,3211.31559989783,1.0418481190384103,-18.623017782070747,1285.5911910315008,0.9991182262492047
cms,reach,0.02,1,0,0.07060204652119162,0.06355276286824885,7694618.726369533,248397.84327208728,523738.89578727254,743093.5137074041,20.025684148228173,991491.3569794914,-420680.066908159,570811.2900713325,-891.3563293986114,399.5914307126,1.0131505890130632,-884.6333498212455,137.92322803317072,0.9871340029524894,-706.9241128630979,31.82261251671812,0.9969757746458097,-689.6617711226636,-429.45883197497994,0.9963559254307816,-20301.07812527503,-15848.66595468321,1.0050530043107981,-1962.6478705359482,-16.4286069934887,1.032617280086417,215.9290380875103,2369.312298543623,1.0453761038279996,-18.623017782070747,309.62680682561853,1.0126830961889446
cms,reach,0.04,1,0,0.07060204652119162,0.05793953225098092,7694618.726369533,497362.1781256764,595809.5933216629,773243.4091538385,40.09703850572368,1270605.587279515,-420680.066908159,849925.5203713562,-891.3563293986114,621.1511630300275,1.012854721772317,-884.6333498212455,415.9576552591991,0.9863677418699901,-706.9241128630979,144.15407767477961,0.9966010595379187,-689.6617711226636,-178.2019785482451,0.9942895703379283,-20301.07812527503,-15421.254428066719,1.0097349641650832,-1962.6478705359482,574.2789238457035,1.0386611591891417,215.9290380875103,3044.4509555009495,1.0496357125700435,-18.623017782070747,391.00610358795706,1.0128902412992273
cms,reach,0.05,1,0,0.07060204652119162,0.057819209045124276,7694618.726369533,621295.8936083647,637099.249691392,804374.2127931514,50.088499819879075,1425670.1064015161,-420680.066908159,1004990.0394933573,-891.3563293986114,733.5655921048499,1.0124754784792822,-884.6333498212455,546.8329785107695,0.984483930014869,-706.9241128630979,243.93350920435077,0.9959522373309917,-689.6617711226636,-74.32759317650545,0.9942401277547002,-20301.07812527503,-14982.323116457443,1.0160683830099813,-1962.6478705359482,780.7847126108516,1.0399944538600807,215.9290380875103,3279.3369395027444,1.0514947035069024,-18.623017782070747,445.6989345749551,1.0086208851268046
cms,reach,0.06,1,0,0.07060204652119162,0.054823656528906306,7694618.726369533,745396.0647342219,667717.4811468683,822197.2702035365,60.09338068748498,1567593.3349377585,-420680.066908159,1146913.2680295992,-891.3563293986114,851.031484180989,1.0110142580523478,-884.6333498212455,671.1184690956023,0.982827746121484,-706.9241128630979,353.9668531324219,0.9943720683715948,-689.6617711226636,21.979585915088308,0.9912240687456246,-20301.07812527503,-14696.56820379488,1.0163680543004283,-1962.6478705359482,1032.0412062517319,1.0411624684522034,215.9290380875103,3587.8568864104072,1.053845512246028,-18.623017782070747,459.0640923434529,1.0069549283705557
cms,reach,0.075,1,0,0.07060204652119162,0.05108394322211329,7694618.726369533,931469.4854327759,715848.7110854569,842542.0428321894,75.09450751775304,1774011.5282649654,-420680.066908159,1353331.4613568066,-891.3563293986114,1119.231036570932,1.0098770805447956,-884.6333498212455,798.1930244289625,0.9804395684310839,-706.9241128630979,589.0713456721395,0.9972425130051054,-689.6617711226636,163.40603348073367,0.9897301575488375,-20301.07812527503,-14478.29221545799,1.0156061153229097,-1962.6478705359482,1293.6727640697545,1.0415165649979519,215.9290380875103,3937.1049962179536,1.0584979735688715,-18.623017782070747,579.3990921398597,1.0034812174217638
cms,reach,0.1,1,0,0.07060204652119162,0.046425570889985446,7694618.726369533,1242001.2340430857,792789.4166249421,868178.877333507,100.12938959946013,2110180.1113765924,-420680.066908159,1689500.044468434,-891.3563293986114,1448.5456839641483,1.0073246802056435,-884.6333498212455,1053.7891721512497,0.9748252686977287,-706.9241128630979,829.2916029056762,0.9932496412601822,-689.6617711226636,532.1609036050079,0.9928545674064322,-20301.07812527503,-14184.031694431078,1.018888423526931,-1962.6478705359482,1830.0944875570249,1.0443566666785493,215.9290380875103,4593.678570299722,1.0665943328241683,-18.623017782070747,576.2779909343819,0.9911883492337089
cms,reach,0.25,1,0,0.07060204652119162,0.02189983125832584,7694618.726369533,3102129.00123411,1236185.8430804121,1139983.0182129743,250.09176709205994,4242112.0194470845,-420680.066908159,3821431.952538926,-891.3563293986114,3150.6949950487615,0.9914158162242419,-884.6333498212455,2853.679698228178,0.9622648238791346,-706.9241128630979,2668.201129942573,0.9833162185515069,-689.6617711226636,2952.9347179823662,0.9774345133374305,-20301.07812527503,-11615.68132006094,1.0369220630643867,-1962.6478705359482,4916.083128741398,1.0669037600823026,215.9290380875103,7054.387616253239,1.0910674264995959,-18.623017782070747,1868.0313015385714,0.9269379238237873
cms,reach,0.5,1,0,0.07060204652119162,-0.02735849655126854,7694618.726369533,5975995.458631838,1919237.3602200337,1563780.1150546225,500.25956541141346,7539775.573686461,-420680.066908159,7119095.506778303,-891.3563293986114,6808.893746331776,0.9847542989188277,-884.6333498212455,5063.399324758548,0.9394871632098074,-706.9241128630979,6234.293942051373,0.9825208069791381,-689.6617711226636,5986.879367046652,0.9696441046445107,-20301.07812527503,-4204.412691240373,1.0708335773765574,-1962.6478705359482,10370.094971855897,1.1022578664066112,215.9290380875103,12453.360260511377,1.1305510615727108,-18.623017782070747,4071.574967965266,0.8976733452817395
cms,reach,1.0,1,0,0.07060204652119162,-0.0430930552332367,7694618.726369533,6855199.770236615,1653781.9666179537,1485483.6709515082,707.1644474272565,8340683.441188123,-420680.066908159,7920003.374279965,-891.3563293986114,7764.745816661766,0.9870168514181722,-884.6333498212455,6045.2825085391605,0.9461598772667015,-706.9241128630979,7104.588836610132,0.979253062423438,-689.6617711226636,7025.597246442617,0.967938100548799,-20301.07812527503,-3949.199374976032,1.048033714517253,-1962.6478705359482,11126.581438874775,1.0869813706987361,215.9290380875103,13078.638061661546,1.1128543483150988,-18.623017782070747,5006.597631057341,0.9042046062510104
cms,tilt,0.0,1,0,0.07060204652119162,0.05940757503540628,7694618.726369533,745396.0647342219,0.0,0.0,60.09338068748498,745396.0647342219,-420680.066908159,324715.997826063,-891.3563293986114,-263.9756282225221,1.0,-884.6333498212455,-338.69444413097085,1.0,-706.9241128630979,-262.9191259629629,1.0,-689.6617711226636,-283.7416618622868,1.0,-20301.07812527503,-18620.511427571957,1.0,-1962.6478705359482,-465.87728601065237,1.0,215.9290380875103,2106.612214691023,1.0,-18.623017782070747,189.0783915930423,1.0
cms,tilt,0.05,1,0,0.07060204652119162,0.0583625241933835,7694618.726369533,745396.0647342219,166927.3774894848,205546.86371001435,60.09338068748498,950942.9284442363,-420680.066908159,530262.8615360772,-891.3563293986114,17.06916378567811,1.0027535316411258,-884.6333498212455,-89.5096152629166,0.9957069877808191,-706.9241128630979,-109.35134528374658,0.9985930338894137,-689.6617711226636,-207.81642481988618,0.9978060433780995,-20301.07812527503,-17627.54388351278,1.004091964724786,-1962.6478705359482,-79.95910069009639,1.0102904942640083,215.9290380875103,2491.674905766143,1.0134612173600266,-18.623017782070747,256.92547172164194,1.0017387113357135
cms,tilt,0.1,1,0,0.07060204652119162,0.057254085201895566,7694618.726369533,745396.0647342219,333856.08349988295,411095.3633009216,60.09338068748498,1156491.4280351433,-420680.066908159,735811.3611269845,-891.3563293986114,296.57691951438125,1.005507085196718,-884.6333498212455,161.83525860355488,0.9914139413949444,-706.9241128630979,44.651011510055675,0.9971860565812395,-689.6617711226636,-131.55595786862511,0.9956120692952091,-20301.07812527503,-16642.628943207274,1.0081839620161934,-1962.6478705359482,298.1796556528938,1.0205810704267264,215.9290380875103,2866.645499915637,1.0269225418535204,-18.623017782070747,324.5379736405149,1.003477436509267
cms,tilt,0.2,1,0,0.07060204652119162,0.054823656528906306,7694618.726369533,745396.0647342219,667717.4811468683,822197.2702035365,60.09338068748498,1567593.3349377585,-420680.066908159,1146913.2680295992,-891.3563293986114,851.031484180989,1.0110142580523478,-884.6333498212455,671.1184690956023,0.982827746121484,-706.9241128630979,353.9668531324219,0.9943720683715948,-689.6617711226636,21.979585915088308,0.9912240687456246,-20301.07812527503,-14696.56820379488,1.0163680543004283,-1962.6478705359482,1032.0412062517319,1.0411624684522034,215.9290380875103,3587.8568864104072,1.053845512246028,-18.623017782070747,459.0640923434529,1.0069549283705557
cms,tilt,0.3,1,0,0.07060204652119162,0.05206185477154612,7694618.726369533,745396.0647342219,1001584.1930678363,1233305.7208640832,60.09338068748498,1978701.7855983053,-420680.066908159,1558021.7186901462,-891.3563293986114,1399.487033030587,1.0165215185689815,-884.6333498212455,1189.3868414094225,0.9742414141763551,-706.9241128630979,665.0433035827357,0.9915580353699959,-689.6617711226636,176.88300847666986,0.9868359983495786,-20301.07812527503,-12781.567377536863,1.0245522768558146,-1962.6478705359482,1737.462655938855,1.0617441940842522,215.9290380875103,4273.14678658608,1.0807689111877539,-18.623017782070747,592.6663634317895,1.0104324755851872
cms,tilt,0.5,1,0,0.07060204652119162,0.04524430237619481,7694618.726369533,745396.0647342219,1669333.5602392787,2055542.254083945,60.09338068748498,2800938.318818167,-420680.066908159,2380258.2519100076,-891.3563293986114,2478.7863589771373,1.0275363025936353,-884.6333498212455,2253.847291944306,0.95706834025804,-706.9241128630979,1292.5385029042284,0.9859298349866586,-689.6617711226636,490.8672674610409,0.9780596480114325,-20301.07812527503,-9041.817818554326,1.0409211127924836,-1962.6478705359482,3069.351546065039,1.1029086281993556,215.9290380875103,5546.187703112621,1.134616994759792,-18.623017782070747,857.1371698356294,1.017387736079767
cms,selection rule,smooth,1,0,0.07060204652119162,-2.282265674013444,7694618.726369533,745396.0647342219,30957468.041602515,27416190.00971567,60.09338068748498,28161586.074449893,-420680.066908159,27740906.007541735,-891.3563293986114,34533.87846130582,1.5397792999434343,-884.6333498212455,28346.15160889014,0.7639716213760125,-706.9241128630979,6893.918220419689,0.3135238514158268,-689.6617711226636,19106.79368518844,0.45155762857254483,-20301.07812527503,26411.55626566624,2.565104629824459,-1962.6478705359482,22832.9687149251,1.539588302462106,215.9290380875103,34124.80121920628,3.7040864405609253,-18.623017782070747,11410.70640544631,0.19360843921334314
cms,plausibility,either,1,0,0.07060204652119162,0.054823656528906306,7694618.726369533,745396.0647342219,667717.4811468683,822197.2702035365,60.09338068748498,1567593.3349377585,-420680.066908159,1146913.2680295992,-891.3563293986114,851.031484180989,1.0110142580523478,-884.6333498212455,671.1184690956023,0.982827746121484,-706.9241128630979,353.9668531324219,0.9943720683715948,-689.6617711226636,21.979585915088308,0.9912240687456246,-20301.07812527503,-14696.56820379488,1.0163680543004283,-1962.6478705359482,1032.0412062517319,1.0411624684522034,215.9290380875103,3587.8568864104072,1.053845512246028,-18.623017782070747,459.0640923434529,1.0069549283705557
cms,plausibility,system,1,0,0.07060204652119162,0.05689296774577335,7694618.726369533,700251.2856067829,656890.3063735702,817462.9171736864,60.03630116657807,1517714.2027804693,-420680.066908159,1097034.1358723103,-891.3563293986114,1095.0721979052687,1.0121408931882756,-884.6333498212455,451.4229546244901,0.983975846783408,-706.9241128630979,669.6116969097577,0.9981415346090509,-689.6617711226636,-139.50190506177904,0.9919759469745034,-20301.07812527503,-13847.435272268645,1.0184406745024153,-1962.6478705359482,1677.2105123225645,1.0481209579368411,215.9290380875103,3161.542117450653,1.0485346157679614,-18.623017782070747,556.1277345261809,1.0132380281144635
cms,plausibility,use,1,0,0.07060204652119162,0.05600771287238815,7694618.726369533,744440.38617098,659930.1015254394,811541.7406551758,60.01633445873111,1555982.126826156,-420680.066908159,1135302.059917997,-891.3563293986114,818.254531026155,1.010519113993431,-884.6333498212455,705.3160260699401,0.9836971170769376,-706.9241128630979,236.49454510861827,0.9940565046084326,-689.6617711226636,-13.525150877032992,0.9918306507919429,-20301.07812527503,-14943.415556149395,1.0152024026502067,-1962.6478705359482,974.7808770779694,1.0413710949709087,215.9290380875103,3566.705913215355,1.0544935579852814,-18.623017782070747,410.1655393481237,1.006589528213231
cms,plausibility,any,1,0,0.07060204652119162,0.052850416963760694,7694618.726369533,744348.4547474544,652129.45381114,825052.2528125551,60.00892300287236,1569400.7075600096,-420680.066908159,1148720.6406518505,-891.3563293986114,859.3174787043287,1.0121510814378234,-884.6333498212455,807.0609468999903,0.9852601646586918,-706.9241128630979,403.89958441640357,0.995791243936581,-689.6617711226636,-67.42349867802484,0.9930706593821724,-20301.07812527503,-15357.509020624668,1.0108756908654832,-1962.6478705359482,841.7455768881765,1.0412770686994892,215.9290380875103,3386.8535369216515,1.0512128646228032,-18.623017782070747,582.7778143324557,1.0093428944131266
cms,plan cost model,WLS,1,0,0.07060204652119162,0.06234544316713764,7694618.726369533,745396.0647342219,321252.8807522508,542103.3070277612,60.09338068748498,1287499.371761983,-420680.066908159,866819.3048538241,-891.3563293986114,561.6403842612236,1.0079372838537528,-884.6333498212455,418.7858398320071,1.0007549706727286,-706.9241128630979,307.18988899602317,1.0023766725669574,-689.6617711226636,-85.02155315458411,1.0015687315766078,-20301.07812527503,-14944.064472074266,0.9859752460187554,-1962.6478705359482,230.0379365208263,1.004983466486667,215.9290380875103,3155.639342032085,1.0207932676247857,-18.623017782070747,637.0043936911092,1.0207745407373594
cms,share of added codes real,0.0,1,0,0.07060204652119162,,,745396.0647342219,,822197.2702035365,,1567593.3349377583,,,,,,,,,,,,,,,,,,,,,,,,,,
cms,share of added codes real,0.25,1,0,0.07060204652119162,,,511586.66786372254,,785346.2628328545,,1296932.930696577,,,,,,,,,,,,,,,,,,,,,,,,,,
cms,share of added codes real,0.5,1,0,0.07060204652119162,,,237934.90733455578,,738975.3165353603,,976910.223869916,,,,,,,,,,,,,,,,,,,,,,,,,,
cms,share of added codes real,1.0,1,0,0.07060204652119162,,,-288068.27573123755,,649757.0864301865,,361688.810698949,,,,,,,,,,,,,,,,,,,,,,,,,,
cms_pen_1,cost per code,0.0,1,0,0.06633609595015766,0.0627731709626389,7713588.74013069,151713.7789115985,425133.8721902879,726717.3241070918,60.02241288957084,878431.1030186902,-401710.0531470009,476721.0498716894,-1217.9655948797226,-72.71270493348446,1.0006692822323104,-973.9869318142842,-134.25362878176398,0.9769691092713668,-991.9495743623684,-89.7762221489283,0.9857207983043644,-404.82349860788065,-57.84184871231099,1.0057718773114803,-23274.788962100094,-19446.64946953231,0.9586158392473174,-2113.845722351072,-595.6193185618162,1.0140014415953227,270.5454629194657,1514.0929140775393,1.0662063916283575,37.47026968075666,339.8826393887994,0.976532843158984
cms_pen_1,cost per code,250.0,1,0,0.06633609595015766,0.0627731709626389,7713588.74013069,136708.17568920576,425133.8721902879,726717.3241070918,60.02241288957084,863425.4997962975,-401710.0531470009,461715.4466492967,-1217.9655948797226,-72.71270493348446,1.0006692822323104,-973.9869318142842,-134.25362878176398,0.9769691092713668,-991.9495743623684,-89.7762221489283,0.9857207983043644,-404.82349860788065,-57.84184871231099,1.0057718773114803,-23274.788962100094,-19446.64946953231,0.9586158392473174,-2113.845722351072,-595.6193185618162,1.0140014415953227,270.5454629194657,1514.0929140775393,1.0662063916283575,37.47026968075666,339.8826393887994,0.976532843158984
cms_pen_1,cost per code,500.0,1,0,0.06633609595015766,0.0627731709626389,7713588.74013069,121702.57246681307,425133.8721902879,726717.3241070918,60.02241288957084,848419.8965739049,-401710.0531470009,446709.84342690394,-1217.9655948797226,-72.71270493348446,1.0006692822323104,-973.9869318142842,-134.25362878176398,0.9769691092713668,-991.9495743623684,-89.7762221489283,0.9857207983043644,-404.82349860788065,-57.84184871231099,1.0057718773114803,-23274.788962100094,-19446.64946953231,0.9586158392473174,-2113.845722351072,-595.6193185618162,1.0140014415953227,270.5454629194657,1514.0929140775393,1.0662063916283575,37.47026968075666,339.8826393887994,0.976532843158984
cms_pen_1,cost per code,1000.0,1,0,0.06633609595015766,0.0627731709626389,7713588.74013069,91691.36602202767,425133.8721902879,726717.3241070918,60.02241288957084,818408.6901291194,-401710.0531470009,416698.63698211854,-1217.9655948797226,-72.71270493348446,1.0006692822323104,-973.9869318142842,-134.25362878176398,0.9769691092713668,-991.9495743623684,-89.7762221489283,0.9857207983043644,-404.82349860788065,-57.84184871231099,1.0057718773114803,-23274.788962100094,-19446.64946953231,0.9586158392473174,-2113.845722351072,-595.6193185618162,1.0140014415953227,270.5454629194657,1514.0929140775393,1.0662063916283575,37.47026968075666,339.8826393887994,0.976532843158984
cms_pen_1,cost per code,2000.0,1,0,0.06633609595015766,0.06145265370717834,7713588.74013069,31688.015807756277,421499.1444980377,726473.1603371173,60.05854252615277,758161.1761448736,-401710.0531470009,356451.1229978727,-1217.9655948797226,-83.38235164846222,0.9989443800520805,-973.9869318142842,-135.19843342921288,0.9773455240367962,-991.9495743623684,-86.16522933791991,0.9860919427044821,-404.82349860788065,-63.76994710332755,1.0058662537908272,-23274.788962100094,-19447.176084055485,0.958705790845682,-2113.845722351072,-584.901772379983,1.0151784696324864,270.5454629194657,1516.012735590672,1.0665354209192806,37.47026968075666,345.07471485187534,0.977143653351063
cms_pen_1,cost per code,3000.0,1,0,0.06633609595015766,0.062036674114624546,7713588.74013069,0.0,399407.62946258445,712104.2313906858,0.0,712104.2313906858,-401710.0531470009,310394.1782436849,-1217.9655948797226,-192.59996114412934,1.0004517688979215,-973.9869318142842,-291.2206342318462,0.9767570460890783,-991.9495743623684,-127.51105947588354,0.9858290941610597,-404.82349860788065,-201.28303576703928,1.0055801314295554,-23274.788962100094,-19814.39028741237,0.9525552302503357,-2113.845722351072,-877.3935004721681,1.012802304047568,270.5454629194657,1392.3445840469228,1.0645652941875579,37.47026968075666,269.4741347961816,0.9822471254454758
cms_pen_1,codes per person,1,1,0,0.06633609595015766,0.0627731709626389,7713588.74013069,91691.36602202767,425133.8721902879,726717.3241070918,60.02241288957084,818408.6901291194,-401710.0531470009,416698.63698211854,-1217.9655948797226,-72.71270493348446,1.0006692822323104,-973.9869318142842,-134.25362878176398,0.9769691092713668,-991.9495743623684,-89.7762221489283,0.9857207983043644,-404.82349860788065,-57.84184871231099,1.0057718773114803,-23274.788962100094,-19446.64946953231,0.9586158392473174,-2113.845722351072,-595.6193185618162,1.0140014415953227,270.5454629194657,1514.0929140775393,1.0662063916283575,37.47026968075666,339.8826393887994,0.976532843158984
cms_pen_1,codes per person,2,1,0,0.06633609595015766,0.05979380593482697,7713588.74013069,173355.52117251683,443523.5339825598,755921.7996285846,120.09034803743182,929277.3208011014,-401710.0531470009,527567.2676541005,-1217.9655948797226,97.73615128824693,0.9979822850576108,-973.9869318142842,-8.266095153941825,0.9776542120218289,-991.9495743623684,175.11855424796204,0.9861603232099498,-404.82349860788065,133.24190156698768,1.0036926004467874,-23274.788962100094,-19218.208730892402,0.9539175610052444,-2113.845722351072,-203.32368157630836,1.0254677441093183,270.5454629194657,1641.4468900472796,1.0629729278058029,37.47026968075666,351.536244689305,0.9711744364959062
cms_pen_1,codes per person,3,1,0,0.06633609595015766,0.057386401588793046,7713588.74013069,251456.93455055341,472553.4451551451,778055.7346254755,180.14202110869365,1029512.6691760289,-401710.0531470009,627802.6160290281,-1217.9655948797226,208.76257251384683,0.9971243778514949,-973.9869318142842,126.01242611328706,0.9772966179517539,-991.9495743623684,332.74367872434664,0.9864914036595901,-404.82349860788065,200.4532964927779,1.0018280113091038,-23274.788962100094,-19351.35154692199,0.9517613796560165,-2113.845722351072,-40.13609765050256,1.0255214878974952,270.5454629194657,1684.5592693574022,1.0623441310112693,37.47026968075666,462.8032956325974,0.9738902899386908
cms_pen_1,reach,0.02,1,0,0.06633609595015766,0.061370564598232646,7713588.74013069,30628.15378128862,417868.9254261428,707043.029482842,20.04960523615854,737671.1832641307,-401710.0531470009,335961.1301171299,-1217.9655948797226,-162.05315979562582,1.001466368902028,-973.9869318142842,-258.9334251144411,0.9765168273977204,-991.9495743623684,-204.91562046083615,0.9848824042790613,-404.82349860788065,-162.7945628124775,1.0008716831314697,-23274.788962100094,-19708.88924468599,0.9538003250320761,-2113.845722351072,-715.0849400488328,1.0158461975142088,270.5454629194657,1475.613437621463,1.067103924162736,37.47026968075666,290.6489096131393,0.9807603453122813
cms_pen_1,reach,0.04,1,0,0.06633609595015766,0.0612401900578865,7713588.74013069,61334.64406885976,425104.68937473797,717359.4172518124,40.150490612731694,778694.0613206723,-401710.0531470009,376984.00817367143,-1217.9655948797226,-144.23921944073263,0.9999508575656865,-973.9869318142842,-185.37656881366343,0.9752723766966508,-991.9495743623684,-172.63119631674104,0.9849018973362522,-404.82349860788065,-124.01511247688627,1.0029311490329385,-23274.788962100094,-19584.980236225096,0.955968910447129,-2113.845722351072,-643.6828645151182,1.0169400658861554,270.5454629194657,1508.076268542328,1.067123568803944,37.47026968075666,306.9628416639134,0.9776330028053903
cms_pen_1,reach,0.05,1,0,0.06633609595015766,0.061585912072215754,7713588.74013069,76495.76328004681,428221.6743954922,723014.3054651662,50.075165057469,799510.0687452131,-401710.0531470009,397800.01559821214,-1217.9655948797226,-116.0152511801539,0.9995823408394459,-973.9869318142842,-159.66778175201244,0.9758092243500401,-991.9495743623684,-133.4339946728195,0.9854391233497337,-404.82349860788065,-92.64793166762566,1.0030582967561186,-23274.788962100094,-19479.462650245747,0.9592001535469612,-2113.845722351072,-633.8706557094945,1.0151044187005702,270.5454629194657,1512.0805309327625,1.0675862635918718,37.47026968075666,334.2100474795668,0.9786364370218678
cms_pen_1,reach,0.06,1,0,0.06633609595015766,0.0627731709626389,7713588.74013069,91691.36602202767,425133.8721902879,726717.3241070918,60.02241288957084,818408.6901291194,-401710.0531470009,416698.63698211854,-1217.9655948797226,-72.71270493348446,1.0006692822323104,-973.9869318142842,-134.25362878176398,0.9769691092713668,-991.9495743623684,-89.7762221489283,0.9857207983043644,-404.82349860788065,-57.84184871231099,1.0057718773114803,-23274.788962100094,-19446.64946953231,0.9586158392473174,-2113.845722351072,-595.6193185618162,1.0140014415953227,270.5454629194657,1514.0929140775393,1.0662063916283575,37.47026968075666,339.8826393887994,0.976532843158984
cms_pen_1,reach,0.075,1,0,0.06633609595015766,0.062255965591768825,7713588.74013069,114668.85159645046,421008.4824361822,735150.9519384638,75.06378686125798,849819.8035349144,-401710.0531470009,448109.75038791355,-1217.9655948797226,-45.44506298791675,0.998742357472353,-973.9869318142842,-92.87940908642398,0.9775795110782819,-991.9495743623684,-43.99147436747847,0.9864872706110097,-404.82349860788065,64.23032601354191,1.0055978876179523,-23274.788962100094,-19132.06029585499,0.956358180972079,-2113.845722351072,-492.53407109413956,1.0154906270626125,270.5454629194657,1597.6122238831674,1.0651948871808836,37.47026968075666,363.2080572822207,0.9778076575966185
cms_pen_1,reach,0.1,1,0,0.06633609595015766,0.06240909588003707,7713588.74013069,152860.20398650542,425987.2491476219,733654.8825008104,100.06436457559015,886515.0864873158,-401710.0531470009,484805.0333403148,-1217.9655948797226,22.104030411718195,0.997851717793348,-973.9869318142842,-53.46083135445242,0.9767545283978181,-991.9495743623684,41.50731173546351,0.9864905193583794,-404.82349860788065,120.40709477536875,1.0038704495144293,-23274.788962100094,-18990.50171549029,0.956290320569799,-2113.845722351072,-360.61438239942015,1.0181984958980972,270.5454629194657,1657.6930941227668,1.0651304298387667,37.47026968075666,380.0258367419036,0.9763207023069532
cms_pen_1,reach,0.25,1,0,0.06633609595015766,0.061663845012040475,7713588.74013069,380690.6660456609,482955.5260871152,765491.1324989016,250.0568352088487,1146181.7985445624,-401710.0531470009,744471.7453975617,-1217.9655948797226,323.0500035806696,0.990805439777103,-973.9869318142842,191.06478597603834,0.9689789317581949,-991.9495743623684,359.9457203638341,0.9798625378466511,-404.82349860788065,534.7132461480688,0.998234599454391,-23274.788962100094,-18310.14902934015,0.9590990287653928,-2113.845722351072,404.9638279067713,1.0363351085686026,270.5454629194657,2075.412939449415,1.0703678800954324,37.47026968075666,727.6213187205464,0.9554565535082151
cms_pen_1,reach,0.5,1,0,0.06633609595015766,0.05938084911542574,7713588.74013069,664677.4359124502,626729.3645509528,797472.894547949,500.02686286521754,1462150.3304603992,-401710.0531470009,1060440.2773133984,-1217.9655948797226,854.2229849168588,0.9909643242605476,-973.9869318142842,540.1586942618858,0.962787748290918,-991.9495743623684,757.7158858917192,0.9759614653486843,-404.82349860788065,974.3001148126918,0.9808784545405004,-23274.788962100094,-17290.182817157405,0.9747289973092044,-2113.845722351072,1175.6672082533983,1.0473152047586427,270.5454629194657,3326.716943208572,1.0905474804962652,37.47026968075666,937.6116132675804,0.9381883376506535
cms_pen_1,reach,1.0,1,0,0.06633609595015766,0.05806074856260479,7713588.74013069,784586.7543463376,602431.1752736624,836100.2570881867,708.1662713163834,1620687.0114345243,-401710.0531470009,1218976.9582875234,-1217.9655948797226,1272.3350357259658,0.9924482701409089,-973.9869318142842,942.5633102734619,0.9625294248055825,-991.9495743623684,1218.6238313146553,0.9763015039711148,-404.82349860788065,1334.0017199341737,0.981967381892761,-23274.788962100094,-17240.04771388281,0.969096634673831,-2113.845722351072,1404.8798951787014,1.038499187022264,270.5454629194657,3509.383515472822,1.080958055381278,37.47026968075666,1565.5124885325677,0.9333878653352401
cms_pen_1,tilt,0.0,1,0,0.06633609595015766,0.06789315964241682,7713588.74013069,91691.36602202767,0.0,0.0,60.02241288957084,91691.36602202767,-401710.0531470009,-310018.6871249732,-1217.9655948797226,-1079.0666544745611,1.0,-973.9869318142842,-855.7540898153748,1.0,-991.9495743623684,-850.6980904553803,1.0,-404.82349860788065,-280.2120749504213,1.0,-23274.788962100094,-23090.654868502126,1.0,-2113.845722351072,-1863.5673099712487,1.0,270.5454629194657,384.76954671545997,1.0,37.47026968075666,105.64457683400141,1.0
cms_pen_1,tilt,0.05,1,0,0.06633609595015766,0.06672129292120366,7713588.74013069,91691.36602202767,106282.88594774874,181678.33599425774,60.02241288957084,273369.70201628545,-401710.0531470009,-128340.35113071534,-1217.9655948797226,-827.3532788141433,1.000167319641686,-973.9869318142842,-678.5136435154712,0.9942423088520909,-991.9495743623684,-662.513210791761,0.9964302191273934,-404.82349860788065,-224.37951543474293,1.0014429614249272,-23274.788962100094,-22208.22977250349,0.9896540164756574,-2113.845722351072,-1543.2649650868266,1.003500341227842,270.5454629194657,680.8896127568576,1.0165515072562816,37.47026968075666,163.16702416381932,0.9941332429213375
cms_pen_1,tilt,0.1,1,0,0.06633609595015766,0.06548090222208969,7713588.74013069,91691.36602202767,212566.15996062823,363357.33534110297,60.02241288957084,455048.70136313065,-401710.0531470009,53338.64821612974,-1217.9655948797226,-575.7231895523412,1.0003346398942976,-973.9869318142842,-499.2077706230696,0.9884845966814255,-991.9495743623684,-472.9744176311911,0.9928604252206326,-404.82349860788065,-168.70741773273815,1.0028859281184637,-23274.788962100094,-21307.156440826104,0.9793079951755673,-2113.845722351072,-1225.1882091294453,1.0070006952362964,270.5454629194657,967.5223355028363,1.0331030749462145,37.47026968075666,221.37263917694733,0.9882664644216922
cms_pen_1,tilt,0.2,1,0,0.06633609595015766,0.0627731709626389,7713588.74013069,91691.36602202767,425133.8721902879,726717.3241070918,60.02241288957084,818408.6901291194,-401710.0531470009,416698.63698211854,-1217.9655948797226,-72.71270493348446,1.0006692822323104,-973.9869318142842,-134.25362878176398,0.9769691092713668,-991.9495743623684,-89.7762221489283,0.9857207983043644,-404.82349860788065,-57.84184871231099,1.0057718773114803,-23274.788962100094,-19446.64946953231,0.9586158392473174,-2113.845722351072,-595.6193185618162,1.0140014415953227,270.5454629194657,1514.0929140775393,1.0662063916283575,37.47026968075666,339.8826393887994,0.976532843158984
cms_pen_1,tilt,0.3,1,0,0.06633609595015766,0.05972133806265045,7713588.74013069,91691.36602202767,637703.1367059815,1090079.966327033,60.02241288957084,1181771.3323490608,-401710.0531470009,780061.2792020598,-1217.9655948797226,429.96512969091907,1.001003927014065,-973.9869318142842,239.40928506967057,0.965453537768902,-991.9495743623684,299.01638192893495,0.9785811192506239,-404.82349860788065,52.390110804905454,1.008657847579281,-23274.788962100094,-17504.03624489185,0.9379235322135946,-2113.845722351072,25.32049516107297,1.0210022390776392,270.5454629194657,2027.7495664710284,1.099309950049077,37.47026968075666,461.2761085397787,0.9647991362109373
cms_pen_1,tilt,0.5,1,0,0.06633609595015766,0.05233083476754519,7713588.74013069,91691.36602202767,1062846.322663485,1816813.211245031,60.02241288957084,1908504.5772670587,-401710.0531470009,1506794.524120058,-1217.9655948797226,1434.3241680090457,1.001673223908907,-973.9869318142842,1014.1387963088114,0.9424221424830714,-991.9495743623684,1093.8821213851384,0.9643016047284422,-404.82349860788065,270.97480477151606,1.0144298513401577,-23274.788962100094,-13349.74665595872,0.8965384648231093,-2113.845722351072,1242.0129347333132,1.0350039874143822,270.5454629194657,2967.537888274252,1.1655177921168378,37.47026968075666,713.1448975343959,0.941331465255073
cms_pen_1,selection rule,smooth,1,0,0.06633609595015766,-0.07079765977498198,7713588.74013069,91691.36602202767,7534281.730171953,6769818.507760526,60.02241288957084,6861509.873782554,-401710.0531470009,6459799.820635552,-1217.9655948797226,7315.267813908864,1.0782239916028749,-973.9869318142842,6134.482773425299,0.7593852922898015,-991.9495743623684,5149.141544310765,0.8701810762756742,-404.82349860788065,2317.105900798391,0.9993461111014211,-23274.788962100094,12781.184449824988,1.3798038062678362,-2113.845722351072,5951.217865550117,1.5891399194706328,270.5454629194657,10437.137960267677,2.228833265177948,37.47026968075666,3291.4269729169164,0.6316289118310816
cms_pen_1,plausibility,either,1,0,0.06633609595015766,0.0627731709626389,7713588.74013069,91691.36602202767,425133.8721902879,726717.3241070918,60.02241288957084,818408.6901291194,-401710.0531470009,416698.63698211854,-1217.9655948797226,-72.71270493348446,1.0006692822323104,-973.9869318142842,-134.25362878176398,0.9769691092713668,-991.9495743623684,-89.7762221489283,0.9857207983043644,-404.82349860788065,-57.84184871231099,1.0057718773114803,-23274.788962100094,-19446.64946953231,0.9586158392473174,-2113.845722351072,-595.6193185618162,1.0140014415953227,270.5454629194657,1514.0929140775393,1.0662063916283575,37.47026968075666,339.8826393887994,0.976532843158984
cms_pen_1,plausibility,system,1,0,0.06633609595015766,0.06129814555849289,7713588.74013069,55595.951733102986,430922.51112300804,734803.851382343,60.38237439839407,790399.803115446,-401710.0531470009,388689.7499684451,-1217.9655948797226,-97.33579846267804,1.0000256004256254,-973.9869318142842,-197.39887176705392,0.9756566693680608,-991.9495743623684,-53.46692506919554,0.9849521865913196,-404.82349860788065,-110.19740312972604,1.0022912211511303,-23274.788962100094,-19480.669443864717,0.9595056621867574,-2113.845722351072,-681.6982112230125,1.014579721960581,270.5454629194657,1727.4321047377266,1.0706069707315988,37.47026968075666,317.5907305966527,0.9807598480143408
cms_pen_1,plausibility,use,1,0,0.06633609595015766,0.0627536998988063,7713588.74013069,91940.21520380309,425028.9643952343,724736.4537097391,60.185312942037804,816676.6689135422,-401710.0531470009,414966.61576654145,-1217.9655948797226,-78.00328950235549,1.0001415023324334,-973.9869318142842,-140.16849083794241,0.9764362623439443,-991.9495743623684,-90.49215651629306,0.9859208011297591,-404.82349860788065,-53.95429605641903,1.0063204480101098,-23274.788962100094,-19448.55965335067,0.958633872545093,-2113.845722351072,-596.1953426818623,1.0145102690745533,270.5454629194657,1511.7750401251062,1.0662149078234107,37.47026968075666,339.88263938879936,0.9765512135080096
cms_pen_1,plausibility,any,1,0,0.06633609595015766,0.06053781823300264,7713588.74013069,91704.50347012503,435276.5743222212,730216.032131079,60.03101284143354,821920.5356012039,-401710.0531470009,420210.4824542032,-1217.9655948797226,-56.06520187105841,1.0009932068081697,-973.9869318142842,-132.549909924126,0.9756449040246871,-991.9495743623684,-128.77693414849608,0.9840025589329193,-404.82349860788065,-18.77130781748093,1.0041287329893647,-23274.788962100094,-19588.12351930066,0.9543758470548849,-2113.845722351072,-548.6031906169482,1.017241396563996,270.5454629194657,1547.4334307059455,1.0671461558541457,37.47026968075666,406.6919654662482,0.9809771560056078
cms_pen_1,plan cost model,WLS,1,0,0.06633609595015766,0.07085763150372171,7713588.74013069,91691.36602202767,-8327.113450797067,450470.3876526678,60.02241288957084,542161.7536746955,-401710.0531470009,140451.70052769454,-1217.9655948797226,-328.40882222437347,1.0029252838833125,-973.9869318142842,-323.7439389536874,1.0005374679622954,-991.9495743623684,-314.3026154511529,1.0020645003188366,-404.82349860788065,-231.39149780895818,1.0152113043389341,-23274.788962100094,-19535.425066891123,0.9196942497057137,-2113.845722351072,-1357.1119963174008,0.9841161065071209,270.5454629194657,1120.7322119432158,1.008775952438205,37.47026968075666,513.3196200428582,1.0299870316320925
cms_pen_1,share of added codes real,0.0,1,0,0.06633609595015766,,,91691.36602202767,,726717.3241070918,,818408.6901291194,,,,,,,,,,,,,,,,,,,,,,,,,,
cms_pen_1,share of added codes real,0.25,1,0,0.06633609595015766,,,12570.495879778147,,717848.3843600041,,730418.8802397823,,,,,,,,,,,,,,,,,,,,,,,,,,
cms_pen_1,share of added codes real,0.5,1,0,0.06633609595015766,,,-61721.336945419534,,711461.4025503668,,649740.0656049473,,,,,,,,,,,,,,,,,,,,,,,,,,
cms_pen_1,share of added codes real,1.0,1,0,0.06633609595015766,,,-223309.28350885736,,696104.4010891917,,472795.1175803343,,,,,,,,,,,,,,,,,,,,,,,,,,
cms_robust_adv,cost per code,0.0,1,0,0.06709155763623464,0.06411382460484072,6976099.881643926,216732.9639140134,321111.93471505237,686412.7055937697,60.12454929458253,903145.669507783,-1139198.9116337653,-236053.2421259821,-1894.0987576125715,-719.6757255063817,1.0017560533664909,-1473.7671444896966,-694.6798789438543,0.9880262552310993,-1542.1161586367066,-607.7286015662429,0.9905068536508365,-1069.1418423010275,-529.2252379334404,1.004776283212706,-24435.332917705375,-20572.623213246818,0.9508602105299742,-2898.103397833325,-1112.8371302551363,1.0191125979382047,-1486.8453072146126,-60.61644893087412,1.048773120378105,-330.7334088585282,174.4561067623333,1.0026524589723755
cms_robust_adv,cost per code,250.0,1,0,0.06709155763623464,0.06411382460484072,6976099.881643926,201701.8265903678,321111.93471505237,686412.7055937697,60.12454929458253,888114.5321841375,-1139198.9116337653,-251084.3794496277,-1894.0987576125715,-719.6757255063817,1.0017560533664909,-1473.7671444896966,-694.6798789438543,0.9880262552310993,-1542.1161586367066,-607.7286015662429,0.9905068536508365,-1069.1418423010275,-529.2252379334404,1.004776283212706,-24435.332917705375,-20572.623213246818,0.9508602105299742,-2898.103397833325,-1112.8371302551363,1.0191125979382047,-1486.8453072146126,-60.61644893087412,1.048773120378105,-330.7334088585282,174.4561067623333,1.0026524589723755
cms_robust_adv,cost per code,500.0,1,0,0.06709155763623464,0.06411382460484072,6976099.881643926,186670.68926672215,321111.93471505237,686412.7055937697,60.12454929458253,873083.3948604919,-1139198.9116337653,-266115.51677327335,-1894.0987576125715,-719.6757255063817,1.0017560533664909,-1473.7671444896966,-694.6798789438543,0.9880262552310993,-1542.1161586367066,-607.7286015662429,0.9905068536508365,-1069.1418423010275,-529.2252379334404,1.004776283212706,-24435.332917705375,-20572.623213246818,0.9508602105299742,-2898.103397833325,-1112.8371302551363,1.0191125979382047,-1486.8453072146126,-60.61644893087412,1.048773120378105,-330.7334088585282,174.4561067623333,1.0026524589723755
cms_robust_adv,cost per code,1000.0,1,0,0.06709155763623464,0.06411382460484072,6976099.881643926,156608.41461943087,321111.93471505237,686412.7055937697,60.12454929458253,843021.1202132006,-1139198.9116337653,-296177.7914205646,-1894.0987576125715,-719.6757255063817,1.0017560533664909,-1473.7671444896966,-694.6798789438543,0.9880262552310993,-1542.1161586367066,-607.7286015662429,0.9905068536508365,-1069.1418423010275,-529.2252379334404,1.004776283212706,-24435.332917705375,-20572.623213246818,0.9508602105299742,-2898.103397833325,-1112.8371302551363,1.0191125979382047,-1486.8453072146126,-60.61644893087412,1.048773120378105,-330.7334088585282,174.4561067623333,1.0026524589723755
cms_robust_adv,cost per code,2000.0,1,0,0.06709155763623464,0.06411382460484072,6976099.881643926,96483.86532484836,321111.93471505237,686412.7055937697,60.12454929458253,782896.5709186181,-1139198.9116337653,-356302.34071514715,-1894.0987576125715,-719.6757255063817,1.0017560533664909,-1473.7671444896966,-694.6798789438543,0.9880262552310993,-1542.1161586367066,-607.7286015662429,0.9905068536508365,-1069.1418423010275,-529.2252379334404,1.004776283212706,-24435.332917705375,-20572.623213246818,0.9508602105299742,-2898.103397833325,-1112.8371302551363,1.0191125979382047,-1486.8453072146126,-60.61644893087412,1.048773120378105,-330.7334088585282,174.4561067623333,1.0026524589723755
cms_robust_adv,cost per code,3000.0,1,0,0.06709155763623464,0.06411382460484072,6976099.881643926,36359.316030265836,321111.93471505237,686412.7055937697,60.12454929458253,722772.0216240356,-1139198.9116337653,-416426.89000972966,-1894.0987576125715,-719.6757255063817,1.0017560533664909,-1473.7671444896966,-694.6798789438543,0.9880262552310993,-1542.1161586367066,-607.7286015662429,0.9905068536508365,-1069.1418423010275,-529.2252379334404,1.004776283212706,-24435.332917705375,-20572.623213246818,0.9508602105299742,-2898.103397833325,-1112.8371302551363,1.0191125979382047,-1486.8453072146126,-60.61644893087412,1.048773120378105,-330.7334088585282,174.4561067623333,1.0026524589723755
cms_robust_adv,codes per person,1,1,0,0.06709155763623464,0.06411382460484072,6976099.881643926,156608.41461943087,321111.93471505237,686412.7055937697,60.12454929458253,843021.1202132006,-1139198.9116337653,-296177.7914205646,-1894.0987576125715,-719.6757255063817,1.0017560533664909,-1473.7671444896966,-694.6798789438543,0.9880262552310993,-1542.1161586367066,-607.7286015662429,0.9905068536508365,-1069.1418423010275,-529.2252379334404,1.004776283212706,-24435.332917705375,-20572.623213246818,0.9508602105299742,-2898.103397833325,-1112.8371302551363,1.0191125979382047,-1486.8453072146126,-60.61644893087412,1.048773120378105,-330.7334088585282,174.4561067623333,1.0026524589723755
cms_robust_adv,codes per person,2,1,0,0.06709155763623464,0.06457609462866198,6976099.881643926,253922.19263837757,348258.20889918995,722434.2297000932,120.1567705039756,976356.4223384708,-1139198.9116337653,-162842.4892952945,-1894.0987576125715,-623.4000924517627,0.9981025288187264,-1473.7671444896966,-445.2909790795863,0.9860978923345212,-1542.1161586367066,-364.3493002481546,0.9930756797676988,-1069.1418423010275,-248.01399434401765,1.0129122943990396,-24435.332917705375,-20507.402786147257,0.9484481792099274,-2898.103397833325,-1635.8003235533224,1.0054850693318906,-1486.8453072146126,-44.547115994797345,1.0457297241372006,-330.7334088585282,276.8047354733558,0.9996262647414943
cms_robust_adv,codes per person,3,1,0,0.06709155763623464,0.065673554326106,6976099.881643926,346919.8009165428,363747.099409219,755838.3356525108,180.36465744579448,1102758.1365690536,-1139198.9116337653,-36440.77506471183,-1894.0987576125715,-469.8781439204974,0.9988826216764506,-1473.7671444896966,-220.84595019217304,0.9860216361126363,-1542.1161586367066,-152.35232449914056,0.9944658254384893,-1069.1418423010275,65.56571245694774,1.0103455777324792,-24435.332917705375,-20507.7464543314,0.9428110224032732,-2898.103397833325,-1635.6580443853732,1.0043898450878395,-1486.8453072146126,17.564063406606074,1.0397728638073103,-330.7334088585282,363.34551519785117,0.9996609304207565
cms_robust_adv,reach,0.02,1,0,0.06709155763623464,0.06330647358009212,6976099.881643926,52144.427327713325,285943.32043166936,666026.0455923721,20.019104330514605,718170.4729200854,-1139198.9116337653,-421028.4387136799,-1894.0987576125715,-886.7497462293567,1.0031807346590709,-1473.7671444896966,-770.9355317900871,0.9885154218267689,-1542.1161586367066,-820.6766654748337,0.9912897166819018,-1069.1418423010275,-853.882985793586,1.0067323034591622,-24435.332917705375,-20840.63517039602,0.9452241302330099,-2898.103397833325,-1455.108384384066,1.0127739790441912,-1486.8453072146126,-234.12829430020517,1.0456457817375937,-330.7334088585282,-72.66768886847744,1.0091720771796922
cms_robust_adv,reach,0.04,1,0,0.06709155763623464,0.06408069414558215,6976099.881643926,104325.79976469582,303470.16295774427,671455.0594165071,40.052392496864904,775780.859181203,-1139198.9116337653,-363418.0524525625,-1894.0987576125715,-792.9746060226303,1.0016132993686566,-1473.7671444896966,-734.1939367278931,0.9885059707090981,-1542.1161586367066,-609.544064490004,0.9940713491912528,-1069.1418423010275,-787.3524507071818,1.0092522511054325,-24435.332917705375,-20635.99662337733,0.9464612458443434,-2898.103397833325,-1247.3149828269197,1.0169085396679893,-1486.8453072146126,-154.63174365213246,1.0473622321390448,-330.7334088585282,-40.08431856457035,1.0097044517868392
cms_robust_adv,reach,0.05,1,0,0.06709155763623464,0.06412521733432397,6976099.881643926,130438.00735675421,310048.32472047425,667952.5274960139,50.077298989751995,798390.5348527682,-1139198.9116337653,-340808.3767809972,-1894.0987576125715,-749.8111444864437,1.0023702550518183,-1473.7671444896966,-721.0411672479555,0.9885788027936643,-1542.1161586367066,-617.7761557735795,0.995141101382621,-1069.1418423010275,-757.8279046745051,1.0091840051502687,-24435.332917705375,-20633.199750912347,0.9484398574956684,-2898.103397833325,-1163.5071694349438,1.017297239597477,-1486.8453072146126,-81.08705036269114,1.0487110970849018,-330.7334088585282,-7.849593675902404,1.0101826303151693
cms_robust_adv,reach,0.06,1,0,0.06709155763623464,0.06411382460484072,6976099.881643926,156608.41461943087,321111.93471505237,686412.7055937697,60.12454929458253,843021.1202132006,-1139198.9116337653,-296177.7914205646,-1894.0987576125715,-719.6757255063817,1.0017560533664909,-1473.7671444896966,-694.6798789438543,0.9880262552310993,-1542.1161586367066,-607.7286015662429,0.9905068536508365,-1069.1418423010275,-529.2252379334404,1.004776283212706,-24435.332917705375,-20572.623213246818,0.9508602105299742,-2898.103397833325,-1112.8371302551363,1.0191125979382047,-1486.8453072146126,-60.61644893087412,1.048773120378105,-330.7334088585282,174.4561067623333,1.0026524589723755
cms_robust_adv,reach,0.075,1,0,0.06709155763623464,0.06569545865993065,6976099.881643926,195377.85733814727,330654.78086600616,699357.5176808859,75.0087767834402,894735.3750190331,-1139198.9116337653,-244463.53661473235,-1894.0987576125715,-683.7150899027162,0.9986878507787438,-1473.7671444896966,-625.7613933927428,0.9852691561371015,-1542.1161586367066,-515.3902112681783,0.991521049150489,-1069.1418423010275,-439.52216171437686,1.0072542086317664,-24435.332917705375,-20552.064596762717,0.9503913436086312,-2898.103397833325,-1011.5802428149716,1.0224972518992796,-1486.8453072146126,-32.06919442203413,1.0490882547888585,-330.7334088585282,187.04230342996507,0.9968290909055187
cms_robust_adv,reach,0.1,1,0,0.06709155763623464,0.06551258315477104,6976099.881643926,260502.1167422459,333566.002661841,718443.2193783034,100.01105239123568,978945.3361205492,-1139198.9116337653,-160253.575513216,-1894.0987576125715,-581.4483167819044,0.9993988577700518,-1473.7671444896966,-561.2579164182337,0.9817253767768879,-1542.1161586367066,-411.6390329427211,0.9967348421292684,-1069.1418423010275,-333.9740002249344,1.0089799520839802,-24435.332917705375,-20245.31037865874,0.952117135974053,-2898.103397833325,-866.0620458145064,1.0249661655710076,-1486.8453072146126,49.811155940545135,1.0466825554919648,-330.7334088585282,278.70136045178566,0.9986045911458198
cms_robust_adv,reach,0.25,1,0,0.06709155763623464,0.06452323366581103,6976099.881643926,648697.8365221515,422901.2650694575,731334.6512998564,250.01507886188276,1380032.4878220079,-1139198.9116337653,240833.57618824267,-1894.0987576125715,-156.89463507564793,0.9941258945508245,-1473.7671444896966,-101.30725625692456,0.9708556111661237,-1542.1161586367066,-79.33031785646284,0.9851029563649928,-1069.1418423010275,14.780167921247973,1.0001645772393708,-24435.332917705375,-19180.911917957805,0.9621678000529287,-2898.103397833325,76.14533341446496,1.0448725001523576,-1486.8453072146126,573.6790144580846,1.0504396107437086,-330.7334088585282,497.429464154245,0.967884892955092
cms_robust_adv,reach,0.5,1,0,0.06709155763623464,0.06280431118341445,6976099.881643926,1128301.1792122466,597727.7344121583,783134.1220864038,500.0312047825188,1911435.3012986502,-1139198.9116337653,772236.3896648851,-1894.0987576125715,550.2945004261356,0.9876620030301674,-1473.7671444896966,363.14423887022,0.9621840082260195,-1542.1161586367066,492.31853787675453,0.9790559221316605,-1069.1418423010275,603.5390300449387,0.9871199356262494,-24435.332917705375,-17725.634078767027,0.9740818950986596,-2898.103397833325,1427.2520436179846,1.0637331396119938,-1486.8453072146126,2238.5606983835182,1.0764913560359826,-330.7334088585282,802.0896296142641,0.9445205915418445
cms_robust_adv,reach,1.0,1,0,0.06709155763623464,0.06023804544682898,6976099.881643926,1325213.2531843917,576618.2343059148,834544.8591298101,708.1662713163834,2159758.112314202,-1139198.9116337653,1020559.2006804365,-1894.0987576125715,998.495359032201,0.988769969152071,-1473.7671444896966,825.7159566205708,0.9628213618067178,-1542.1161586367066,1048.7645038547664,0.9740526715490948,-1069.1418423010275,1204.8928326135403,0.9825473252209325,-24435.332917705375,-17546.589216794306,0.9690687988651221,-2898.103397833325,1550.3613462818537,1.052651139202859,-1486.8453072146126,2498.1148742058854,1.0629400897935155,-330.7334088585282,1468.0798438415225,0.9254377969023998
cms_robust_adv,tilt,0.0,1,0,0.06709155763623464,0.06799464200130712,6976099.881643926,156608.41461943087,0.0,0.0,60.12454929458253,156608.41461943087,-1139198.9116337653,-982590.4970143344,-1894.0987576125715,-1709.0292518289464,1.0,-1473.7671444896966,-1363.5257871008462,1.0,-1542.1161586367066,-1372.176330186102,1.0,-1069.1418423010275,-910.4754847043444,1.0,-24435.332917705375,-23976.76939484713,1.0,-2898.103397833325,-2410.494611392186,1.0,-1486.8453072146126,-1105.7720540195676,1.0,-330.7334088585282,-252.28420757822147,1.0
cms_robust_adv,tilt,0.05,1,0,0.06709155763623464,0.06712601902032145,6976099.881643926,156608.41461943087,80276.40610457152,171599.80415701433,60.12454929458253,328208.2187764452,-1139198.9116337653,-810990.69285732,-1894.0987576125715,-1461.370123454658,1.000439004714399,-1473.7671444896966,-1197.8236953122973,0.9970066226329654,-1542.1161586367066,-1182.432062859903,0.9976267600510963,-1069.1418423010275,-814.8237778598664,1.0011940473380223,-24435.332917705375,-23157.504074803564,0.9877152940488201,-2898.103397833325,-2081.4584896041733,1.0047780555872587,-1486.8453072146126,-835.0456409513504,1.0121930404795894,-330.7334088585282,-145.38913557571138,1.0006631017119656
cms_robust_adv,tilt,0.1,1,0,0.06709155763623464,0.0661934207182695,6976099.881643926,156608.41461943087,160553.86391149147,343201.85644552705,60.12454929458253,499810.27106495795,-1139198.9116337653,-639388.6405688073,-1894.0987576125715,-1213.9250110595221,1.0008780151802052,-1473.7671444896966,-1031.1214204878368,0.9940132060496508,-1542.1161586367066,-991.7803793805025,0.9952534890103415,-1069.1418423010275,-719.3987034858338,1.0023881103192755,-24435.332917705375,-22317.591734115784,0.9754304271555309,-2898.103397833325,-1755.5326609644346,1.0095561737718923,-1486.8453072146126,-570.7605997214498,1.0243862407003772,-330.7334088585282,-38.63424277109958,1.0013262121112363
cms_robust_adv,tilt,0.2,1,0,0.06709155763623464,0.06411382460484072,6976099.881643926,156608.41461943087,321111.93471505237,686412.7055937697,60.12454929458253,843021.1202132006,-1139198.9116337653,-296177.7914205646,-1894.0987576125715,-719.6757255063817,1.0017560533664909,-1473.7671444896966,-694.6798789438543,0.9880262552310993,-1542.1161586367066,-607.7286015662429,0.9905068536508365,-1069.1418423010275,-529.2252379334404,1.004776283212706,-24435.332917705375,-20572.623213246818,0.9508602105299742,-2898.103397833325,-1112.8371302551363,1.0191125979382047,-1486.8453072146126,-60.61644893087412,1.048773120378105,-330.7334088585282,174.4561067623333,1.0026524589723755
cms_robust_adv,tilt,0.3,1,0,0.06709155763623464,0.061703897820943654,6976099.881643926,156608.41461943087,481674.21257603227,1029632.5477981794,60.12454929458253,1186240.9624176105,-1139198.9116337653,47042.050783845145,-1894.0987576125715,-226.27918255105104,1.002634114559761,-1473.7671444896966,-354.12716360551394,0.9820391475381804,-1542.1161586367066,-219.9680403267723,0.9857600939165966,-1069.1418423010275,-339.94869751427416,1.007164518682751,-24435.332917705375,-18735.033275475278,0.9262893500980267,-2898.103397833325,-482.06661973117707,1.028669272508779,-1486.8453072146126,426.3547676420685,1.0731606390582984,-330.7334088585282,386.9890368542718,1.003978740584784
cms_robust_adv,tilt,0.5,1,0,0.06709155763623464,0.0556111787483109,6976099.881643926,156608.41461943087,802811.3901316766,1716099.2127893874,60.12454929458253,1872707.6274088183,-1139198.9116337653,733508.715775053,-1894.0987576125715,757.964487930858,1.0043903059708728,-1473.7671444896966,339.6169381174808,0.9700644615045751,-1542.1161586367066,566.896421956167,0.9762662013043574,-1069.1418423010275,35.93887007070009,1.0119411773625222,-24435.332917705375,-14750.838090775158,0.8771456977137392,-2898.103397833325,745.0027471957218,1.047783372902081,-1486.8453072146126,1336.8196620887047,1.121937593526544,-330.7334088585282,810.3913647519086,1.0066314080688705
cms_robust_adv,selection rule,smooth,1,0,0.06709155763623464,0.04089490808381335,6976099.881643926,156608.41461943087,5664246.987139178,5272592.416066792,60.12454929458253,5429200.830686223,-1139198.9116337653,4290001.919052457,-1894.0987576125715,5379.323610660754,1.1091729248378055,-1473.7671444896966,5618.4453045261835,0.8601327274701368,-1542.1161586367066,3842.5050508449276,0.9459816566806806,-1069.1418423010275,-1843.4362025095809,0.9650101308541168,-24435.332917705375,7713.103700091116,1.061341623035237,-2898.103397833325,4340.64640233205,1.6815275206214846,-1486.8453072146126,6396.27938765295,1.6755796018165277,-330.7334088585282,3345.9636917270286,0.7929310342535525
cms_robust_adv,plausibility,either,1,0,0.06709155763623464,0.06411382460484072,6976099.881643926,156608.41461943087,321111.93471505237,686412.7055937697,60.12454929458253,843021.1202132006,-1139198.9116337653,-296177.7914205646,-1894.0987576125715,-719.6757255063817,1.0017560533664909,-1473.7671444896966,-694.6798789438543,0.9880262552310993,-1542.1161586367066,-607.7286015662429,0.9905068536508365,-1069.1418423010275,-529.2252379334404,1.004776283212706,-24435.332917705375,-20572.623213246818,0.9508602105299742,-2898.103397833325,-1112.8371302551363,1.0191125979382047,-1486.8453072146126,-60.61644893087412,1.048773120378105,-330.7334088585282,174.4561067623333,1.0026524589723755
cms_robust_adv,plausibility,system,1,0,0.06709155763623464,0.06195447226240447,6976099.881643926,137234.59362403213,328757.05960474414,680531.8842604813,60.28040319340372,817766.4778845134,-1139198.9116337653,-321432.4337492517,-1894.0987576125715,-718.7517127769781,1.004345043569463,-1473.7671444896966,-697.7653581899781,0.9892448218869649,-1542.1161586367066,-646.7172464934395,0.9925233331544556,-1069.1418423010275,-719.9774042525108,1.0074451565169447,-24435.332917705375,-20358.22507164172,0.9592205183288763,-2898.103397833325,-1332.753164171495,1.0123162781098696,-1486.8453072146126,215.6443963753104,1.0524646308035523,-330.7334088585282,-38.92934232411196,1.0088976946791952
cms_robust_adv,plausibility,use,1,0,0.06709155763623464,0.06380602363631704,6976099.881643926,156286.7207477317,321572.49049780745,675765.7249638728,60.00104571979861,832052.4457116044,-1139198.9116337653,-307146.4659221607,-1894.0987576125715,-712.9106414751151,1.0013820799914401,-1473.7671444896966,-696.9313395204883,0.9868074101651666,-1542.1161586367066,-612.1920870487165,0.991899377508376,-1069.1418423010275,-740.3297423280884,1.0080685643714138,-24435.332917705375,-20575.88516762062,0.9508394773032482,-2898.103397833325,-1083.4772589236559,1.0196464364472226,-1486.8453072146126,-56.92631499415976,1.0488684033621474,-330.7334088585282,3.4229099882204976,1.0038328164593686
cms_robust_adv,plausibility,any,1,0,0.06709155763623464,0.06301156000355379,6976099.881643926,156392.80151430072,321032.343755731,683459.7729542125,60.041771872951266,839852.5744685131,-1139198.9116337653,-299346.3371652521,-1894.0987576125715,-685.0988756402452,1.0023732645789907,-1473.7671444896966,-681.2356915194518,0.9880986935256677,-1542.1161586367066,-545.6667787296193,0.9943426508441846,-1069.1418423010275,-716.9079441386732,1.0096205860765204,-24435.332917705375,-20660.701063179004,0.9499372872690622,-2898.103397833325,-1114.6850407073414,1.0177790176061383,-1486.8453072146126,5.035084771379368,1.0497921835446629,-330.7334088585282,17.38376913754804,1.0105358948039527
cms_robust_adv,plan cost model,WLS,1,0,0.06709155763623464,0.07184818658504055,6976099.881643926,156608.41461943087,-94495.72457594959,427982.7409569339,60.12454929458253,584591.1555763647,-1139198.9116337653,-554607.7560574006,-1894.0987576125715,-974.3777079656631,1.003676753396589,-1473.7671444896966,-838.3345540535682,1.0089644200300152,-1542.1161586367066,-760.8683121257637,1.0127091008607136,-1069.1418423010275,-812.9272350665454,1.0206976784354949,-24435.332917705375,-20983.272463201014,0.8972739461819245,-2898.103397833325,-1968.0311657721304,0.987597140268475,-1486.8453072146126,-420.46744778428456,0.9807505313439301,-330.7334088585282,149.12534919160598,1.0540125629969623
cms_robust_adv,share of added codes real,0.0,1,0,0.06709155763623464,,,156608.41461943087,,686412.7055937697,,843021.1202132006,,,,,,,,,,,,,,,,,,,,,,,,,,
cms_robust_adv,share of added codes real,0.25,1,0,0.06709155763623464,,,71355.86842432123,,678043.6644130342,,749399.5328373555,,,,,,,,,,,,,,,,,,,,,,,,,,
cms_robust_adv,share of added codes real,0.5,1,0,0.06709155763623464,,,-14192.724624534963,,670391.2494870883,,656198.5248625533,,,,,,,,,,,,,,,,,,,,,,,,,,
cms_robust_adv,share of added codes real,1.0,1,0,0.06709155763623464,,,-158928.25191527943,,654702.9410377891,,495774.6891225097,,,,,,,,,,,,,,,,,,,,,,,,,,
cms,cost per code,0.0,1,1,0.1064457218232,0.07510796401283926,7784206.242532153,777451.9731244263,635348.4874243743,694519.4477123788,60.05513732052763,1471971.4208368051,-392496.81367480493,1079474.6071620001,477.4338049954766,1874.2726459854907,0.9961628017622277,483.6243362836185,1390.2496809336367,0.985862296118979,-436.1320362005884,548.9827930574095,0.9790551511060636,-11.946157096784775,725.1850082490834,0.9654722406134773,-3644.3908829326892,-562.7830700504265,1.0355234163218987,258.95187356461145,3235.2910016508185,1.0469680305269575,-1031.6271763529485,1494.906483944539,1.0375468169773336,930.5548158702634,1243.590921162881,1.0000436688451622
cms,cost per code,250.0,1,1,0.1064457218232,0.07510796401283926,7784206.242532153,762438.1887942944,635348.4874243743,694519.4477123788,60.05513732052763,1456957.6365066734,-392496.81367480493,1064460.8228318682,477.4338049954766,1874.2726459854907,0.9961628017622277,483.6243362836185,1390.2496809336367,0.985862296118979,-436.1320362005884,548.9827930574095,0.9790551511060636,-11.946157096784775,725.1850082490834,0.9654722406134773,-3644.3908829326892,-562.7830700504265,1.0355234163218987,258.95187356461145,3235.2910016508185,1.0469680305269575,-1031.6271763529485,1494.906483944539,1.0375468169773336,930.5548158702634,1243.590921162881,1.0000436688451622
cms,cost per code,500.0,1,1,0.1064457218232,0.07510796401283926,7784206.242532153,747424.4044641625,635348.4874243743,694519.4477123788,60.05513732052763,1441943.8521765412,-392496.81367480493,1049447.0385017365,477.4338049954766,1874.2726459854907,0.9961628017622277,483.6243362836185,1390.2496809336367,0.985862296118979,-436.1320362005884,548.9827930574095,0.9790551511060636,-11.946157096784775,725.1850082490834,0.9654722406134773,-3644.3908829326892,-562.7830700504265,1.0355234163218987,258.95187356461145,3235.2910016508185,1.0469680305269575,-1031.6271763529485,1494.906483944539,1.0375468169773336,930.5548158702634,1243.590921162881,1.0000436688451622
cms,cost per code,1000.0,1,1,0.1064457218232,0.07571428803900404,7784206.242532153,716842.8028227814,634122.1381637107,707039.4901044316,60.00875779234945,1423882.292927213,-392496.81367480493,1031385.4792524083,477.4338049954766,1854.6610968873204,0.9959035369134523,483.6243362836185,1390.0834943324032,0.9847597970824186,-436.1320362005884,594.7640255228813,0.9806778369542241,-11.946157096784775,1200.6277934956054,0.9733992673375337,-3644.3908829326892,-572.155549618576,1.035969280271533,258.95187356461145,3200.6201170496142,1.0466991908480487,-1031.6271763529485,1480.0407372159027,1.037077186042015,930.5548158702634,1185.34894454477,0.9978320674046305
cms,cost per code,2000.0,1,1,0.1064457218232,0.07571428803900404,7784206.242532153,656834.0450304319,634122.1381637107,707039.4901044316,60.00875779234945,1363873.5351348638,-392496.81367480493,971376.7214600588,477.4338049954766,1854.6610968873204,0.9959035369134523,483.6243362836185,1390.0834943324032,0.9847597970824186,-436.1320362005884,594.7640255228813,0.9806778369542241,-11.946157096784775,1200.6277934956054,0.9733992673375337,-3644.3908829326892,-572.155549618576,1.035969280271533,258.95187356461145,3200.6201170496142,1.0466991908480487,-1031.6271763529485,1480.0407372159027,1.037077186042015,930.5548158702634,1185.34894454477,0.9978320674046305
cms,cost per code,3000.0,1,1,0.1064457218232,0.07630535606503364,7784206.242532153,597356.1780154839,637110.3633467949,690902.1334328275,60.06213705887266,1288258.3114483114,-392496.81367480493,895761.4977735066,477.4338049954766,1868.0576397682619,0.9945521462479057,483.6243362836185,1406.3553909498307,0.9850634571102752,-436.1320362005884,586.996134535114,0.9800744647891392,-11.946157096784775,1046.8902579867924,0.968563391225833,-3644.3908829326892,-637.8864426682261,1.0355104706504723,258.95187356461145,3258.659119856119,1.0489702253049857,-1031.6271763529485,1409.340984524207,1.0355529131783952,930.5548158702634,1253.209347020225,0.99924548614953
cms,codes per person,1,1,1,0.1064457218232,0.07571428803900404,7784206.242532153,716842.8028227814,634122.1381637107,707039.4901044316,60.00875779234945,1423882.292927213,-392496.81367480493,1031385.4792524083,477.4338049954766,1854.6610968873204,0.9959035369134523,483.6243362836185,1390.0834943324032,0.9847597970824186,-436.1320362005884,594.7640255228813,0.9806778369542241,-11.946157096784775,1200.6277934956054,0.9733992673375337,-3644.3908829326892,-572.155549618576,1.035969280271533,258.95187356461145,3200.6201170496142,1.0466991908480487,-1031.6271763529485,1480.0407372159027,1.037077186042015,930.5548158702634,1185.34894454477,0.9978320674046305
cms,codes per person,2,1,1,0.1064457218232,0.024021797815009016,7784206.242532153,1360214.2277236455,774474.0458778515,830981.150203684,120.0177823582494,2191195.3779273294,-392496.81367480493,1798698.5642525249,477.4338049954766,2290.506990161457,0.9916014960155913,483.6243362836185,1926.2809087485427,0.9845581523489391,-436.1320362005884,1166.5858950029742,0.981104562914959,-11.946157096784775,2358.5719524285305,0.9649009327073507,-3644.3908829326892,385.3733668373258,1.0372374648596119,258.95187356461145,4399.90813069976,1.0491031074580752,-1031.6271763529485,2458.194106767162,1.0390686690104625,930.5548158702634,1541.2294707058418,0.997560436561145
cms,codes per person,3,1,1,0.1064457218232,-0.06163112940612403,7784206.242532153,1979545.7509261512,914619.8225081553,953355.9332475327,180.0710957683792,2932901.684173684,-392496.81367480493,2540404.8704988784,477.4338049954766,3035.852408879796,0.9925200122006134,483.6243362836185,2428.2459979740797,0.985704209255261,-436.1320362005884,2053.687385374439,0.9838445856891307,-11.946157096784775,3237.9058954426037,0.9664516498610173,-3644.3908829326892,796.8496911354027,1.0339771542531022,258.95187356461145,5402.192219654546,1.0458195414742777,-1031.6271763529485,3665.9621324345267,1.0401635999677308,930.5548158702634,1858.4983050710862,0.9992677557741666
cms,reach,0.02,1,1,0.1064457218232,0.08878864973499745,7784206.242532153,239169.0635048562,505045.95048548665,625824.6780281944,20.02145846588646,864993.7415330505,-392496.81367480493,472496.9278582459,477.4338049954766,1403.1232286455909,1.0009770428362335,483.6243362836185,1044.688557708924,0.9925560095635647,-436.1320362005884,173.96332899257254,0.9840089001210994,-11.946157096784775,387.15133276495646,0.976040579553704,-3644.3908829326892,-857.3176716085471,1.0348873143738264,258.95187356461145,2184.9541540622376,1.0359422535672969,-1031.6271763529485,713.0534237977058,1.0322217162942993,930.5548158702634,1088.8313789328781,1.016807649635014
cms,reach,0.04,1,1,0.1064457218232,0.08147340756894306,7784206.242532153,477829.14449397783,580696.5732941963,664509.0792187811,40.000308694113315,1142338.2237127589,-392496.81367480493,749841.4100379541,477.4338049954766,1646.422976242559,0.9990617157827977,483.6243362836185,1170.8757745655794,0.9882178477766657,-436.1320362005884,355.19671499289484,0.9845586193652768,-11.946157096784775,560.4050351646538,0.9692718699643108,-3644.3908829326892,-703.8286789693284,1.0374302663738166,258.95187356461145,2837.5596417372763,1.0424001205805595,-1031.6271763529485,1227.1674489645404,1.0373319860828623,930.5548158702634,1132.187002915436,1.0115916144536687
cms,reach,0.05,1,1,0.1064457218232,0.07713734718811871,7784206.242532153,597868.2408469254,607461.8976672486,688967.0360395428,50.0490907008392,1286835.276886468,-392496.81367480493,894338.4632116633,477.4338049954766,1756.988690395022,0.9971043747874493,483.6243362836185,1261.893039799952,0.9867342964309117,-436.1320362005884,461.8032956367068,0.9833285210795879,-11.946157096784775,930.6093728285533,0.9691792637199096,-3644.3908829326892,-685.3312050426512,1.0359306680668203,258.95187356461145,3089.028086768504,1.0458080056410999,-1031.6271763529485,1392.0319675458193,1.0367280674788726,930.5548158702634,1145.4639725748075,1.0094357220068717
cms,reach,0.06,1,1,0.1064457218232,0.07571428803900404,7784206.242532153,716842.8028227814,634122.1381637107,707039.4901044316,60.00875779234945,1423882.292927213,-392496.81367480493,1031385.4792524083,477.4338049954766,1854.6610968873204,0.9959035369134523,483.6243362836185,1390.0834943324032,0.9847597970824186,-436.1320362005884,594.7640255228813,0.9806778369542241,-11.946157096784775,1200.6277934956054,0.9733992673375337,-3644.3908829326892,-572.155549618576,1.035969280271533,258.95187356461145,3200.6201170496142,1.0466991908480487,-1031.6271763529485,1480.0407372159027,1.037077186042015,930.5548158702634,1185.34894454477,0.9978320674046305
cms,reach,0.075,1,1,0.1064457218232,0.0710110738362455,7784206.242532153,896439.0551483722,673154.082404975,733185.7674604213,75.04322275981656,1629624.8226087934,-392496.81367480493,1237128.0089339889,477.4338049954766,2042.1386345899307,0.9937457610430157,483.6243362836185,1528.9000008371015,0.9829098985574958,-436.1320362005884,891.5207891790203,0.9847565952697005,-11.946157096784775,1573.988591479178,0.9677507571534201,-3644.3908829326892,-291.41234472729633,1.0374762731257807,258.95187356461145,3563.601276025514,1.049743641416819,-1031.6271763529485,1737.611544973981,1.0405354423547335,930.5548158702634,1228.8234000373907,0.9956819658242715
cms,reach,0.1,1,1,0.1064457218232,0.062011225542271786,7784206.242532153,1194787.020397284,737033.7557913784,773816.5449180866,100.01869955049081,1968603.5653153704,-392496.81367480493,1576106.7516405657,477.4338049954766,2369.354095689773,0.9931854530296348,483.6243362836185,1804.086225475563,0.9788345868986084,-436.1320362005884,1233.3251135486046,0.9804326314685741,-11.946157096784775,1718.066102752843,0.9642501335109274,-3644.3908829326892,20.365572109446486,1.0415905101389895,258.95187356461145,3991.7540080636377,1.051932302188179,-1031.6271763529485,1970.9181210314107,1.0422151031257993,930.5548158702634,1446.7414872051488,0.9934837666869373
cms,reach,0.25,1,1,0.1064457218232,0.040616875840326916,7784206.242532153,2986687.726973348,1161209.3779542448,950073.5894752834,250.0233240866271,3936761.316448631,-392496.81367480493,3544264.502773827,477.4338049954766,4119.590366514824,0.98920941257702,483.6243362836185,3492.769858023446,0.9617317943515861,-436.1320362005884,3117.06014436585,0.9751105577102794,-11.946157096784775,3393.4269206343247,0.9573254483337388,-3644.3908829326892,2866.469600616631,1.0604069134624414,258.95187356461145,6748.320922931708,1.0928405566389636,-1031.6271763529485,4127.25853598217,1.0615298266632769,930.5548158702634,2146.159823385638,0.9376886813695485
cms,reach,0.5,1,1,0.1064457218232,-0.034001085209723225,7784206.242532153,5775606.422923474,1898267.0060986176,1291198.2877182434,500.40727825985124,7066804.710641717,-392496.81367480493,6674307.896966911,477.4338049954766,7563.740001183352,0.9844727226435048,483.6243362836185,5583.834239333797,0.9305415940535667,-436.1320362005884,6070.929495512822,0.9704424470633346,-11.946157096784775,6340.580330105562,0.954260264169983,-3644.3908829326892,9671.042318740234,1.1066707199879726,258.95187356461145,11893.996382550056,1.1177693232709804,-1031.6271763529485,10606.307092281053,1.1186719761213078,930.5548158702634,3798.5633568033572,0.880585543201166
cms,reach,1.0,1,1,0.1064457218232,-0.0591694741465294,7784206.242532153,6842274.050829857,1566487.3429160626,1210170.6815018328,712.4510550670213,8052444.732331689,-392496.81367480493,7659947.918656886,477.4338049954766,8745.628762636285,0.9833614256173981,483.6243362836185,6972.300832720241,0.9368640915352762,-436.1320362005884,7266.913084892718,0.9680746322424786,-11.946157096784775,7440.850473382972,0.9551615645592231,-3644.3908829326892,10080.40354551808,1.0664554066858696,258.95187356461145,12944.313249274075,1.1109282035339285,-1031.6271763529485,11265.991089253816,1.0975685457449447,930.5548158702634,4985.208557612428,0.8893285889643571
cms,tilt,0.0,1,1,0.1064457218232,0.09034740968380994,7784206.242532153,716842.8028227814,0.0,0.0,60.00875779234945,716842.8028227814,-392496.81367480493,324345.98914797645,477.4338049954766,1070.6169482421865,1.0,483.6243362836185,859.3628571158649,1.0,-436.1320362005884,52.18066506947797,1.0,-11.946157096784775,741.9939763554939,1.0,-3644.3908829326892,-2692.6073394856544,1.0,258.95187356461145,1773.328381569791,1.0,-1031.6271763529485,253.31184909806913,1.0,930.5548158702634,1055.554734361281,1.0
cms,tilt,0.05,1,1,0.1064457218232,0.08669503252081356,7784206.242532153,716842.8028227814,158526.29118969414,176755.14123427725,60.00875779234945,893597.9440570588,-392496.81367480493,501101.1303822539,477.4338049954766,1266.0199182411452,0.9989759116406398,483.6243362836185,990.5171376601623,0.9961900512533772,-436.1320362005884,185.84763998478184,0.995169588536556,-11.946157096784775,854.3465898115297,0.9933499948383433,-3644.3908829326892,-2148.335446693366,1.0089920793724705,258.95187356461145,2142.494832431604,1.0116744852153223,-1031.6271763529485,568.4355746084372,1.0092690484013247,930.5548158702634,1087.9496309903614,0.9994580313582989
cms,tilt,0.1,1,1,0.1064457218232,0.08303873136154705,7784206.242532153,716842.8028227814,317055.4112297299,353513.4366068225,60.00875779234945,1070356.2394296038,-392496.81367480493,677859.4257547989,477.4338049954766,1461.8274271021276,0.9979518050067548,483.6243362836185,1122.680841470952,0.9923800345194526,-436.1320362005884,320.8209651727832,0.9903390908759837,-11.946157096784775,968.2156817747181,0.9866998710094979,-3644.3908829326892,-1613.6694455778577,1.017984319205686,258.95187356461145,2503.2446587671625,1.0233491787580535,-1031.6271763529485,877.8293013681543,1.018538262205817,930.5548158702634,1120.3802587761095,0.9989160530453426
cms,tilt,0.2,1,1,0.1064457218232,0.07571428803900404,7784206.242532153,716842.8028227814,634122.1381637107,707039.4901044316,60.00875779234945,1423882.292927213,-392496.81367480493,1031385.4792524083,477.4338049954766,1854.6610968873204,0.9959035369134523,483.6243362836185,1390.0834943324032,0.9847597970824186,-436.1320362005884,594.7640255228813,0.9806778369542241,-11.946157096784775,1200.6277934956054,0.9733992673375337,-3644.3908829326892,-572.155549618576,1.035969280271533,258.95187356461145,3200.6201170496142,1.0466991908480487,-1031.6271763529485,1480.0407372159027,1.037077186042015,930.5548158702634,1185.34894454477,0.9978320674046305
cms,tilt,0.3,1,1,0.1064457218232,0.06837394113570772,7784206.242532153,716842.8028227814,951200.1814077367,1060578.1611682847,60.00875779234945,1777420.9639910662,-392496.81367480493,1384924.150316261,477.4338049954766,2249.128080893035,0.9938551957161785,483.6243362836185,1661.6666025644015,0.9771392876743383,-436.1320362005884,874.1684200158403,0.9710162382162614,-11.946157096784775,1439.4879308268673,0.960098188958695,-3644.3908829326892,433.84828602139174,1.0539548832319034,258.95187356461145,3867.583389066169,1.0700500363145984,-1031.6271763529485,2061.120251709985,1.0556167715440143,930.5548158702634,1250.4612664300041,0.9967480430757913
cms,tilt,0.5,1,1,0.1064457218232,0.053644977819718775,7784206.242532153,716842.8028227814,1585390.2192493316,1767693.3586967925,60.00875779234945,2484536.161519574,-392496.81367480493,2092039.347844769,477.4338049954766,3043.0029074083322,0.9897582939940628,483.6243362836185,2217.772545322539,0.9618974528867956,-436.1320362005884,1450.0277634011172,0.951692006217885,-11.946157096784775,1937.6562728259355,0.933494607978735,-3644.3908829326892,2346.350491308344,1.0899280149736772,258.95187356461145,5117.898409546967,1.1167542275558286,-1031.6271763529485,3164.181867729899,1.092697927687115,930.5548158702634,1381.1187281207146,0.9945798783454495
cms,selection rule,smooth,1,1,0.1064457218232,-1.1133895518817813,7784206.242532153,716842.8028227814,48487283.11948684,47532081.81718595,60.00875779234945,48248924.62000873,-392496.81367480493,47856427.80633394,477.4338049954766,21655.10440251672,0.23914798476625854,483.6243362836185,16189.193110636259,0.044869405196321814,-436.1320362005884,24994.246211142916,0.08516159950280926,-11.946157096784775,14572.63930992163,0.047880966978032305,-3644.3908829326892,16287.067348039911,1.0325791207521435,258.95187356461145,-37648.532247876916,0.5436681807685022,-1031.6271763529485,49743.84430470508,5.556969388318795,930.5548158702634,3962.8463998300767,0.020138658527057148
cms,plausibility,either,1,1,0.1064457218232,0.07571428803900404,7784206.242532153,716842.8028227814,634122.1381637107,707039.4901044316,60.00875779234945,1423882.292927213,-392496.81367480493,1031385.4792524083,477.4338049954766,1854.6610968873204,0.9959035369134523,483.6243362836185,1390.0834943324032,0.9847597970824186,-436.1320362005884,594.7640255228813,0.9806778369542241,-11.946157096784775,1200.6277934956054,0.9733992673375337,-3644.3908829326892,-572.155549618576,1.035969280271533,258.95187356461145,3200.6201170496142,1.0466991908480487,-1031.6271763529485,1480.0407372159027,1.037077186042015,930.5548158702634,1185.34894454477,0.9978320674046305
cms,plausibility,system,1,1,0.1064457218232,0.07124801908123368,7784206.242532153,710601.4529213753,650288.3647389758,696552.8660276792,60.30777720749429,1407154.3189490547,-392496.81367480493,1014657.5052742496,477.4338049954766,2032.7984970912041,0.9994166287846754,483.6243362836185,1324.1300951957005,0.9868865091711527,-436.1320362005884,773.0362489556392,0.9867558433286647,-11.946157096784775,622.946269965048,0.9693093129993636,-3644.3908829326892,679.005880632107,1.0495559138760993,258.95187356461145,3221.890617480658,1.0394558536448597,-1031.6271763529485,2379.0954390102384,1.0425446999939616,930.5548158702634,1315.546952023125,1.0137000840202899
cms,plausibility,use,1,1,0.1064457218232,0.07480471212415296,7784206.242532153,717163.823527577,635750.8179973471,701212.8056039358,60.03563126257827,1418376.629131513,-392496.81367480493,1025879.8154567081,477.4338049954766,1841.9814727858143,0.9958997213101263,483.6243362836185,1379.2781614749067,0.985410017085002,-436.1320362005884,671.1017576716176,0.9831850022412543,-11.946157096784775,886.196549653899,0.9664523937067517,-3644.3908829326892,-552.1619061660414,1.0388041363652938,258.95187356461145,3322.0950628599503,1.0484099805020692,-1031.6271763529485,1489.9782904559381,1.038326379546311,930.5548158702634,1254.7810577704363,1.0037900906045576
cms,plausibility,any,1,1,0.1064457218232,0.07141243363631955,7784206.242532153,716789.6911514844,628775.2394279436,710397.6702879686,60.0043116775161,1427187.361439453,-392496.81367480493,1034690.5477646483,477.4338049954766,2070.2030824978847,1.0009233357088219,483.6243362836185,1613.1693165136621,0.9903441933575095,-436.1320362005884,687.4469827568514,0.9846694307618395,-11.946157096784775,678.3275145531416,0.9633135375611794,-3644.3908829326892,-487.8421448579094,1.0383452825933777,258.95187356461145,3190.789259076008,1.0437545760263471,-1031.6271763529485,1527.1700144980955,1.036879374716097,930.5548158702634,1242.8945741513796,1.0100393153684395
cms,plan cost model,WLS,1,1,0.1064457218232,0.08791638769320098,7784206.242532153,716842.8028227814,260686.88246585373,511554.5037355907,60.00875779234945,1228397.306558372,-392496.81367480493,835900.4928835671,477.4338049954766,1558.152459878401,1.0169623379350767,483.6243362836185,1120.290596421825,1.011821613994611,-436.1320362005884,512.3507585827182,1.0022008324858223,-11.946157096784775,780.6395378613654,0.9912351177731357,-3644.3908829326892,-1222.0324145062925,0.9778846028476923,258.95187356461145,2831.38556129654,1.0076005053316501,-1031.6271763529485,1361.7131033260498,1.020010052000501,930.5548158702634,1067.1123505055782,1.0426058689077269
cms,share of added codes real,0.0,1,1,0.1064457218232,,,716842.8028227814,,707039.4901044316,,1423882.292927213,,,,,,,,,,,,,,,,,,,,,,,,,,
cms,share of added codes real,0.25,1,1,0.1064457218232,,,491949.262528321,,670005.3581545561,,1161954.620682877,,,,,,,,,,,,,,,,,,,,,,,,,,
cms,share of added codes real,0.5,1,1,0.1064457218232,,,306694.8804947285,,637146.2991212378,,943841.1796159663,,,,,,,,,,,,,,,,,,,,,,,,,,
cms,share of added codes real,1.0,1,1,0.1064457218232,,,-99998.04797628985,,568928.8182131747,,468930.7702368848,,,,,,,,,,,,,,,,,,,,,,,,,,
cms_pen_1,cost per code,0.0,1,1,0.10962264439191971,0.09578344207279554,7797427.517166904,151852.05638869526,406238.89680655656,589107.3598722037,60.21560781634628,740959.4162608989,-379275.5390400545,361683.87722084444,1.3606814245662466,797.9095595747741,0.9861977722496319,532.5967094667054,1131.7481000547139,0.9799305854502824,-604.0907997392052,-9.147320373226053,0.9827325836061731,411.94717584982857,826.8378769147512,0.9859968783102543,-6291.118405737863,-3819.3130846120425,0.9984535617523408,-442.1952039917207,1159.9785543289363,1.0292411875869372,-937.8911781246727,222.58129380453929,1.0620278736949977,1005.3145208655112,1186.115325933036,0.9915636061997409
cms_pen_1,cost per code,250.0,1,1,0.10962264439191971,0.09578344207279554,7797427.517166904,136798.15443460867,406238.89680655656,589107.3598722037,60.21560781634628,725905.5143068122,-379275.5390400545,346629.9752667579,1.3606814245662466,797.9095595747741,0.9861977722496319,532.5967094667054,1131.7481000547139,0.9799305854502824,-604.0907997392052,-9.147320373226053,0.9827325836061731,411.94717584982857,826.8378769147512,0.9859968783102543,-6291.118405737863,-3819.3130846120425,0.9984535617523408,-442.1952039917207,1159.9785543289363,1.0292411875869372,-937.8911781246727,222.58129380453929,1.0620278736949977,1005.3145208655112,1186.115325933036,0.9915636061997409
cms_pen_1,cost per code,500.0,1,1,0.10962264439191971,0.09578344207279554,7797427.517166904,121744.2524805221,406238.89680655656,589107.3598722037,60.21560781634628,710851.6123527257,-379275.5390400545,331576.0733126713,1.3606814245662466,797.9095595747741,0.9861977722496319,532.5967094667054,1131.7481000547139,0.9799305854502824,-604.0907997392052,-9.147320373226053,0.9827325836061731,411.94717584982857,826.8378769147512,0.9859968783102543,-6291.118405737863,-3819.3130846120425,0.9984535617523408,-442.1952039917207,1159.9785543289363,1.0292411875869372,-937.8911781246727,222.58129380453929,1.0620278736949977,1005.3145208655112,1186.115325933036,0.9915636061997409
cms_pen_1,cost per code,1000.0,1,1,0.10962264439191971,0.09578344207279554,7797427.517166904,91636.44857234896,406238.89680655656,589107.3598722037,60.21560781634628,680743.8084445526,-379275.5390400545,301468.26940449816,1.3606814245662466,797.9095595747741,0.9861977722496319,532.5967094667054,1131.7481000547139,0.9799305854502824,-604.0907997392052,-9.147320373226053,0.9827325836061731,411.94717584982857,826.8378769147512,0.9859968783102543,-6291.118405737863,-3819.3130846120425,0.9984535617523408,-442.1952039917207,1159.9785543289363,1.0292411875869372,-937.8911781246727,222.58129380453929,1.0620278736949977,1005.3145208655112,1186.115325933036,0.9915636061997409
cms_pen_1,cost per code,2000.0,1,1,0.10962264439191971,0.09626924753781252,7797427.517166904,31405.309241814182,405807.1004443565,580733.8947248193,60.18584287229422,612139.2039666335,-379275.5390400545,232863.6649265789,1.3606814245662466,798.60525532311,0.9861974399150852,532.5967094667054,1129.944784712447,0.9793749619465082,-604.0907997392052,-8.338634672529942,0.9824682301907972,411.94717584982857,833.5096878672696,0.9878280166310611,-6291.118405737863,-3945.4522346687554,0.9893777607250815,-442.1952039917207,1150.0820267420365,1.0271037726981118,-937.8911781246727,220.52647245599493,1.062655138775068,1005.3145208655112,1181.6388163842491,0.9933404245980144
cms_pen_1,cost per code,3000.0,1,1,0.10962264439191971,0.09721012381052263,7797427.517166904,0.0,361535.3013934894,571897.9946857332,0.0,571897.9946857332,-379275.5390400545,192622.45564567886,1.3606814245662466,678.6146662408876,0.9895589303710697,532.5967094667054,979.4965447274407,0.985592862104171,-604.0907997392052,-105.89143095393742,0.9826462457751404,411.94717584982857,656.8148562682517,0.9815631518346101,-6291.118405737863,-4248.3083671499035,0.9841781783878253,-442.1952039917207,810.9500795931932,1.017327998128188,-937.8911781246727,24.736766206936707,1.057530994708699,1005.3145208655112,1157.0654814099416,1.0057523993191408
cms_pen_1,codes per person,1,1,1,0.10962264439191971,0.09578344207279554,7797427.517166904,91636.44857234896,406238.89680655656,589107.3598722037,60.21560781634628,680743.8084445526,-379275.5390400545,301468.26940449816,1.3606814245662466,797.9095595747741,0.9861977722496319,532.5967094667054,1131.7481000547139,0.9799305854502824,-604.0907997392052,-9.147320373226053,0.9827325836061731,411.94717584982857,826.8378769147512,0.9859968783102543,-6291.118405737863,-3819.3130846120425,0.9984535617523408,-442.1952039917207,1159.9785543289363,1.0292411875869372,-937.8911781246727,222.58129380453929,1.0620278736949977,1005.3145208655112,1186.115325933036,0.9915636061997409
cms_pen_1,codes per person,2,1,1,0.10962264439191971,0.09439098284200331,7797427.517166904,174073.4232054092,425117.5515071921,603994.449387624,120.08805460444239,778067.8725930332,-379275.5390400545,398792.33355297864,1.3606814245662466,917.6453110961924,0.9854531048526797,532.5967094667054,1257.0659650665748,0.9776215827730467,-604.0907997392052,190.9875020603948,0.9829825324522706,411.94717584982857,993.4238404662478,0.9885270557424557,-6291.118405737863,-3787.2587215552867,0.9951739659151899,-442.1952039917207,1320.9612046262664,1.0323685896172115,-937.8911781246727,199.86931165945583,1.057794387335289,1005.3145208655112,1267.2938265151265,0.9887316584147904
cms_pen_1,codes per person,3,1,1,0.10962264439191971,0.09051151783252331,7797427.517166904,254294.3495901113,453480.35982828285,603568.2547745827,180.01273979944864,857862.604364694,-379275.5390400545,478587.0653246393,1.3606814245662466,1008.7150438221734,0.9831277602979049,532.5967094667054,1357.0768488389992,0.9750790031914758,-604.0907997392052,295.1565200358317,0.9819642477043069,411.94717584982857,1164.3503705003234,0.9855032397305789,-6291.118405737863,-3743.141671633005,0.9920145008765918,-442.1952039917207,1534.3525448574055,1.0379660896037581,-937.8911781246727,234.3350283336566,1.0556100927782561,1005.3145208655112,1300.3737752761372,0.986014045334289
cms_pen_1,reach,0.02,1,1,0.10962264439191971,0.09696012225241601,7797427.517166904,30629.144067587327,381633.1071630783,574546.69860628,20.126844237836757,605175.8426738674,-379275.5390400545,225900.3036338127,1.3606814245662466,712.9065092845208,0.9877919723363624,532.5967094667054,1045.5136751454363,0.9838291518386824,-604.0907997392052,-129.4180342958491,0.9817544380972938,411.94717584982857,733.3170126398194,0.9828084201223161,-6291.118405737863,-4144.498613809955,0.9861539428848838,-442.1952039917207,962.161949359478,1.0215331317332799,-937.8911781246727,117.58592245617476,1.0582458669631265,1005.3145208655112,1154.4554070669446,1.0027458339871436
cms_pen_1,reach,0.04,1,1,0.10962264439191971,0.09601838583703748,7797427.517166904,61152.656914883635,393623.99731967074,582492.0696956514,40.18427670521209,643644.726610535,-379275.5390400545,264369.1875704806,1.3606814245662466,754.2166918063388,0.9857686176519803,532.5967094667054,1082.8936353434576,0.9809282410790844,-604.0907997392052,-60.02463188326981,0.9823645834306195,411.94717584982857,764.3440572434855,0.9827723198313839,-6291.118405737863,-4091.381686482744,0.9883531798535015,-442.1952039917207,1042.8982746093166,1.0226725315179992,-937.8911781246727,173.28753016045792,1.060226711179092,1005.3145208655112,1169.9425795696397,0.9989305658244394
cms_pen_1,reach,0.05,1,1,0.10962264439191971,0.09589091084813195,7797427.517166904,76219.0683745663,402582.8669015846,586305.0092978281,50.084628997233494,662524.0776723943,-379275.5390400545,283248.5386323398,1.3606814245662466,779.6203158504578,0.9859878792750573,532.5967094667054,1103.5912256001213,0.9795755076259404,-604.0907997392052,-35.94773082669608,0.9825896474382751,411.94717584982857,822.7158341833368,0.988840218261078,-6291.118405737863,-3936.2459166366443,0.9964461052038177,-442.1952039917207,1091.6988800068975,1.027165310110807,-937.8911781246727,199.55358425008464,1.0613895287204202,1005.3145208655112,1175.794091009214,0.994252324671121
cms_pen_1,reach,0.06,1,1,0.10962264439191971,0.09578344207279554,7797427.517166904,91636.44857234896,406238.89680655656,589107.3598722037,60.21560781634628,680743.8084445526,-379275.5390400545,301468.26940449816,1.3606814245662466,797.9095595747741,0.9861977722496319,532.5967094667054,1131.7481000547139,0.9799305854502824,-604.0907997392052,-9.147320373226053,0.9827325836061731,411.94717584982857,826.8378769147512,0.9859968783102543,-6291.118405737863,-3819.3130846120425,0.9984535617523408,-442.1952039917207,1159.9785543289363,1.0292411875869372,-937.8911781246727,222.58129380453929,1.0620278736949977,1005.3145208655112,1186.115325933036,0.9915636061997409
cms_pen_1,reach,0.075,1,1,0.10962264439191971,0.09637414937800437,7797427.517166904,114170.41838899987,414851.66127255186,592484.9532638564,75.02299843617737,706655.3716528562,-379275.5390400545,327379.83261280163,1.3606814245662466,832.1471643018672,0.9866650640772855,532.5967094667054,1159.6548540470703,0.9781148498874735,-604.0907997392052,16.556090986235372,0.9813032468364437,411.94717584982857,870.8464525082003,0.9860039401666795,-6291.118405737863,-3780.612425050162,0.9984934851113995,-442.1952039917207,1221.4858799683502,1.0309419790708472,-937.8911781246727,249.9308028031458,1.063624548691858,1005.3145208655112,1196.9328412411853,0.9874964943124755
cms_pen_1,reach,0.1,1,1,0.10962264439191971,0.09624081056763556,7797427.517166904,152207.51837918695,412754.82158195955,592299.3818236999,100.01771539830315,744506.9002028869,-379275.5390400545,365231.3611628324,1.3606814245662466,906.8254874611132,0.9887409599923996,532.5967094667054,1230.4346884946644,0.9779963426841074,-604.0907997392052,86.78493850418096,0.9836679700854619,411.94717584982857,943.5977621719246,0.9843004921048812,-6291.118405737863,-3697.1879309496317,1.0026827617648597,-442.1952039917207,1272.50173232938,1.0326060894877114,-937.8911781246727,243.67753331699694,1.060768465365535,1005.3145208655112,1234.516379452209,0.9846968792549409
cms_pen_1,reach,0.25,1,1,0.10962264439191971,0.09608312588810664,7797427.517166904,378833.2607251332,476538.817761504,587137.5660852016,250.07125239623278,965970.8268103347,-379275.5390400545,586695.2877702801,1.3606814245662466,1261.4981461871157,0.9837226202270533,532.5967094667054,1489.6238276799447,0.965825601949072,-604.0907997392052,380.8829593280888,0.9719218078276579,411.94717584982857,1203.482666683751,0.9699911019155697,-6291.118405737863,-3222.4043908566255,1.0054757902004892,-442.1952039917207,1933.1609013640534,1.0441522411800657,-937.8911781246727,578.9852864539387,1.0635923991869085,1005.3145208655112,1320.7950465861231,0.9589012300565837
cms_pen_1,reach,0.5,1,1,0.10962264439191971,0.09425569936688816,7797427.517166904,681995.3005622587,612644.554179718,617931.0667838998,500.0180154957098,1299926.3673461585,-379275.5390400545,920650.8283061038,1.3606814245662466,1819.12212882696,0.9840947582251902,532.5967094667054,1836.6300016205328,0.9580208202436602,-604.0907997392052,909.4733355730447,0.96251985795271,411.94717584982857,1723.1737491018798,0.9791395986022999,-6291.118405737863,-2204.3010382933085,1.0106574282756633,-442.1952039917207,2703.3445621243477,1.0474834944868538,-937.8911781246727,1941.0768491606896,1.0804292653069814,1005.3145208655112,1498.3665732465543,0.9345978771991562
cms_pen_1,reach,1.0,1,1,0.10962264439191971,0.08993351159060825,7797427.517166904,837338.5620788458,602632.8486608838,674959.0720502288,713.0702652351927,1512297.6341290746,-379275.5390400545,1133022.0950890204,1.3606814245662466,2218.9892775841518,0.9890648193725644,532.5967094667054,2297.612552112803,0.9624997984585506,-604.0907997392052,1260.1998762912121,0.9676911130009623,411.94717584982857,2132.86364026255,0.9811493145385743,-6291.118405737863,-2169.1426942059543,1.0014154451567032,-442.1952039917207,3050.6508828392566,1.0495146174870664,-937.8911781246727,2171.036849205363,1.0735712815899645,1005.3145208655112,1955.9501475407542,0.9189599050884192
cms_pen_1,tilt,0.0,1,1,0.10962264439191971,0.1092667600936128,7797427.517166904,91636.44857234896,0.0,0.0,60.21560781634628,91636.44857234896,-379275.5390400545,-287639.0904677056,1.3606814245662466,120.48533885670021,1.0,532.5967094667054,646.2830514494784,1.0,-604.0907997392052,-471.52533012591664,1.0,411.94717584982857,550.3164267079499,1.0,-6291.118405737863,-6009.6923417190865,1.0,-442.1952039917207,-122.43431366937509,1.0,-937.8911781246727,-764.5701354263346,1.0,1005.3145208655112,1053.5698569372878,1.0
cms_pen_1,tilt,0.05,1,1,0.10962264439191971,0.10591211148615565,7797427.517166904,91636.44857234896,101558.91901520456,147275.6723268968,60.21560781634628,238912.12089924578,-379275.5390400545,-140363.4181408087,1.3606814245662466,288.08087238015526,0.9965494704191348,532.5967094667054,765.8123368076609,0.9949826861411847,-604.0907997392052,-357.4352403595069,0.9956831801264526,411.94717584982857,618.7176637886145,0.9964992473324727,-6291.118405737863,-5462.737227337486,0.9996133935032057,-442.1952039917207,205.14641262447492,1.007310238939193,-937.8911781246727,-506.4788122918129,1.0155068454813063,1005.3145208655112,1086.4958558701408,0.9978909182713025
cms_pen_1,tilt,0.1,1,1,0.10962264439191971,0.10254673807351555,7797427.517166904,91636.44857234896,203118.3748185297,294552.1230771151,60.21560781634628,386188.57164946414,-379275.5390400545,6913.032609409469,1.3606814245662466,456.8419248120943,0.9930989226005481,532.5967094667054,886.5538533061201,0.9899653457634338,-604.0907997392052,-242.3509486305095,0.9913663374364197,411.94717584982857,687.601554606607,0.9929984761617706,-6291.118405737863,-4915.355978620492,0.9992267849630083,-442.1952039917207,528.0084604386293,1.014620516516543,-937.8911781246727,-256.14977300035684,1.0310137729238085,1005.3145208655112,1119.5615055164926,0.995781825395086
cms_pen_1,tilt,0.2,1,1,0.10962264439191971,0.09578344207279554,7797427.517166904,91636.44857234896,406238.89680655656,589107.3598722037,60.21560781634628,680743.8084445526,-379275.5390400545,301468.26940449816,1.3606814245662466,797.9095595747741,0.9861977722496319,532.5967094667054,1131.7481000547139,0.9799305854502824,-604.0907997392052,-9.147320373226053,0.9827325836061731,411.94717584982857,826.8378769147512,0.9859968783102543,-6291.118405737863,-3819.3130846120425,0.9984535617523408,-442.1952039917207,1159.9785543289363,1.0292411875869372,-937.8911781246727,222.58129380453929,1.0620278736949977,1005.3145208655112,1186.115325933036,0.9915636061997409
cms_pen_1,tilt,0.3,1,1,0.10962264439191971,0.08897611540826422,7797427.517166904,91636.44857234896,609361.5659981304,883665.7104346389,60.21560781634628,975302.1590069878,-379275.5390400545,596026.6199669332,1.3606814245662466,1143.7879163947061,0.9792965489460945,532.5967094667054,1382.0186894084002,0.9698957190588645,-604.0907997392052,228.19275780728762,0.9740987385078133,411.94717584982857,968.0672890112772,0.9789952064442786,-6291.118405737863,-2721.559664779111,0.997680330367868,-442.1952039917207,1774.251890507817,1.0438620132136338,-937.8911781246727,674.1498561665281,1.0930423023187674,1005.3145208655112,1253.2385324876768,0.9873453424132584
cms_pen_1,tilt,0.5,1,1,0.10962264439191971,0.07522628471230464,7797427.517166904,91636.44857234896,1015613.3461281012,1472791.7530590459,60.21560781634628,1564428.201631395,-379275.5390400545,1185152.6625913407,1.3606814245662466,1850.3897491450653,0.9654938834765284,532.5967094667054,1898.4328109527878,0.9498256680344994,-604.0907997392052,715.7304351188392,0.956830774500964,411.94717584982857,1256.6790482649694,0.9649916406642524,-6291.118405737863,-520.9052055377083,0.996133843076987,-442.1952039917207,2952.6006204641217,1.0731041281457356,-937.8911781246727,1504.5499442178702,1.1550721431448396,1005.3145208655112,1389.2225837433539,0.9789086810640504
cms_pen_1,selection rule,smooth,1,1,0.10962264439191971,0.09260290908343727,7797427.517166904,91636.44857234896,9332392.40280727,4623404.977141996,60.21560781634628,4715041.425714345,-379275.5390400545,4335765.88667429,1.3606814245662466,3222.9158113454923,1.1456266785655302,532.5967094667054,4716.636287470276,0.7044537007655856,-604.0907997392052,9319.351690103156,0.9003699776876797,411.94717584982857,2252.2701525522184,0.5879413652030542,-6291.118405737863,3999.2127307061965,1.6509293676470487,-442.1952039917207,1624.7052993929826,1.7631738634054395,-937.8911781246727,5340.557094329213,2.5007269072778393,1005.3145208655112,2523.155279588553,0.5490538033861597
cms_pen_1,plausibility,either,1,1,0.10962264439191971,0.09578344207279554,7797427.517166904,91636.44857234896,406238.89680655656,589107.3598722037,60.21560781634628,680743.8084445526,-379275.5390400545,301468.26940449816,1.3606814245662466,797.9095595747741,0.9861977722496319,532.5967094667054,1131.7481000547139,0.9799305854502824,-604.0907997392052,-9.147320373226053,0.9827325836061731,411.94717584982857,826.8378769147512,0.9859968783102543,-6291.118405737863,-3819.3130846120425,0.9984535617523408,-442.1952039917207,1159.9785543289363,1.0292411875869372,-937.8911781246727,222.58129380453929,1.0620278736949977,1005.3145208655112,1186.115325933036,0.9915636061997409
cms_pen_1,plausibility,system,1,1,0.10962264439191971,0.0964793035508753,7797427.517166904,63506.54725792156,399278.4874706539,567471.3786296858,60.028119942349576,630977.9258876074,-379275.5390400545,251702.38684755276,1.3606814245662466,807.776375378983,0.9875273170072386,532.5967094667054,1091.4706385300199,0.9818724825810266,-604.0907997392052,-34.947476692260416,0.9810513186819524,411.94717584982857,836.2546163009131,0.9871989484620108,-6291.118405737863,-3998.5522737532992,0.993789018106259,-442.1952039917207,982.0752577620647,1.018586845127031,-937.8911781246727,242.72441108129968,1.059999856489997,1005.3145208655112,1195.8568286953184,0.9999463623004857
cms_pen_1,plausibility,use,1,1,0.10962264439191971,0.09633681991836485,7797427.517166904,91341.17152803314,407738.45486602205,586363.3992665703,60.021577089766424,677704.5707946034,-379275.5390400545,298429.03175454884,1.3606814245662466,799.9121154638893,0.9864684022709692,532.5967094667054,1117.2510507487013,0.979448534791054,-604.0907997392052,-37.63421612896341,0.9814774516047337,411.94717584982857,863.1452346951279,0.9853086418805198,-6291.118405737863,-3827.107362590939,0.9972458627381284,-442.1952039917207,1190.7244348884053,1.029713667550339,-937.8911781246727,197.8646386247107,1.0621014716774488,1005.3145208655112,1180.7475793232463,0.9909894709060203
cms_pen_1,plausibility,any,1,1,0.10962264439191971,0.09560347697362759,7797427.517166904,91551.55088407743,405018.8054429902,588865.004815006,60.15982034333613,680416.5556990835,-379275.5390400545,301141.01665902894,1.3606814245662466,814.5969366945525,0.9859737021979629,532.5967094667054,1122.7485298257234,0.9803456837517283,-604.0907997392052,-9.873695340297736,0.9823940691391602,411.94717584982857,863.1525154834704,0.9911751459870716,-6291.118405737863,-4086.69451583214,0.986215381226275,-442.1952039917207,1072.1786820629943,1.0238751821705432,-937.8911781246727,205.86555280825613,1.0615251990858068,1005.3145208655112,1215.4441329298481,0.997992260144645
cms_pen_1,plan cost model,WLS,1,1,0.10962264439191971,0.1077719079106293,7797427.517166904,91636.44857234896,-22349.819421529428,484295.0390420138,60.21560781634628,575931.4876143627,-379275.5390400545,196655.94857430816,1.3606814245662466,518.521578626713,1.0045616893808624,532.5967094667054,920.9076280568714,1.0206252440592352,-604.0907997392052,-56.64300679022609,1.0008410496966313,411.94717584982857,572.5427859956885,1.0109007872503672,-6291.118405737863,-4174.598622326404,0.9278110385828314,-442.1952039917207,742.9374963776407,0.9780362351637081,-937.8911781246727,313.41802417041845,1.0166346164075455,1005.3145208655112,1115.243514178809,1.051475450308969
cms_pen_1,share of added codes real,0.0,1,1,0.10962264439191971,,,91636.44857234896,,589107.3598722037,,680743.8084445526,,,,,,,,,,,,,,,,,,,,,,,,,,
cms_pen_1,share of added codes real,0.25,1,1,0.10962264439191971,,,4695.824625929318,,579939.0023984924,,584634.8270244218,,,,,,,,,,,,,,,,,,,,,,,,,,
cms_pen_1,share of added codes real,0.5,1,1,0.10962264439191971,,,-76589.3297432333,,570215.2870260745,,493625.9572828412,,,,,,,,,,,,,,,,,,,,,,,,,,
cms_pen_1,share of added codes real,1.0,1,1,0.10962264439191971,,,-232080.63931618922,,559073.038752483,,326992.39943629375,,,,,,,,,,,,,,,,,,,,,,,,,,
cms_robust_adv,cost per code,0.0,1,1,0.10729657770873269,0.09927228735885707,7008925.434461545,181962.84815656167,307158.4887307146,519196.88567070017,60.076050876918856,701159.7338272618,-1167777.6217454127,-466617.8879181509,-752.1013390736371,26.224039512280495,0.9905717171567663,-20.852860059638957,487.0978305945598,0.9845932310940788,-1231.1960104642403,-649.6724553760263,0.9794152004709271,-134.28479522747074,294.8372068471648,1.0025570797436625,-7843.546469179612,-5618.9101876352925,0.9757246237998339,-1340.1401197744913,206.97867156138975,1.0268322307969098,-2774.794630488849,-1666.3546692985267,1.0435217255040654,566.4467425973147,712.2584046800464,1.000535770284513
cms_robust_adv,cost per code,250.0,1,1,0.10729657770873269,0.09927228735885707,7008925.434461545,166943.83543733193,307158.4887307146,519196.88567070017,60.076050876918856,686140.7211080322,-1167777.6217454127,-481636.9006373806,-752.1013390736371,26.224039512280495,0.9905717171567663,-20.852860059638957,487.0978305945598,0.9845932310940788,-1231.1960104642403,-649.6724553760263,0.9794152004709271,-134.28479522747074,294.8372068471648,1.0025570797436625,-7843.546469179612,-5618.9101876352925,0.9757246237998339,-1340.1401197744913,206.97867156138975,1.0268322307969098,-2774.794630488849,-1666.3546692985267,1.0435217255040654,566.4467425973147,712.2584046800464,1.000535770284513
cms_robust_adv,cost per code,500.0,1,1,0.10729657770873269,0.09927228735885707,7008925.434461545,151924.82271810225,307158.4887307146,519196.88567070017,60.076050876918856,671121.7083888024,-1167777.6217454127,-496655.9133566104,-752.1013390736371,26.224039512280495,0.9905717171567663,-20.852860059638957,487.0978305945598,0.9845932310940788,-1231.1960104642403,-649.6724553760263,0.9794152004709271,-134.28479522747074,294.8372068471648,1.0025570797436625,-7843.546469179612,-5618.9101876352925,0.9757246237998339,-1340.1401197744913,206.97867156138975,1.0268322307969098,-2774.794630488849,-1666.3546692985267,1.0435217255040654,566.4467425973147,712.2584046800464,1.000535770284513
cms_robust_adv,cost per code,1000.0,1,1,0.10729657770873269,0.09927228735885707,7008925.434461545,121886.79727964281,307158.4887307146,519196.88567070017,60.076050876918856,641083.682950343,-1167777.6217454127,-526693.9387950698,-752.1013390736371,26.224039512280495,0.9905717171567663,-20.852860059638957,487.0978305945598,0.9845932310940788,-1231.1960104642403,-649.6724553760263,0.9794152004709271,-134.28479522747074,294.8372068471648,1.0025570797436625,-7843.546469179612,-5618.9101876352925,0.9757246237998339,-1340.1401197744913,206.97867156138975,1.0268322307969098,-2774.794630488849,-1666.3546692985267,1.0435217255040654,566.4467425973147,712.2584046800464,1.000535770284513
cms_robust_adv,cost per code,2000.0,1,1,0.10729657770873269,0.09915812899048981,7008925.434461545,61781.41114705933,305660.73806993716,503079.26514921675,60.04753890425456,564860.676296276,-1167777.6217454127,-602916.9454491368,-752.1013390736371,40.88387174960235,0.9914243423607357,-20.852860059638957,504.85660601950934,0.9842119317695912,-1231.1960104642403,-677.1685345645886,0.9786126823099951,-134.28479522747074,197.33239657382853,1.001916681130761,-7843.546469179612,-5747.67633808484,0.9778192548566954,-1340.1401197744913,163.8479689067045,1.0269181638336404,-2774.794630488849,-1703.9832593069589,1.0451196145974488,566.4467425973147,710.0759869418547,0.9997356585609036
cms_robust_adv,cost per code,3000.0,1,1,0.10729657770873269,0.09985886651910003,7008925.434461545,1738.2506053897785,306698.3567343091,526716.2344674995,60.19917054767625,528454.4850728892,-1167777.6217454127,-639323.1366725237,-752.1013390736371,121.43548149778073,0.9917416356998507,-20.852860059638957,483.7321352407813,0.9840163912452388,-1231.1960104642403,-646.7274121479235,0.9794297396511344,-134.28479522747074,257.5283602330108,1.0001262277283014,-7843.546469179612,-5749.3824418300055,0.977842744157864,-1340.1401197744913,186.37254649129787,1.0273339152861523,-2774.794630488849,-1598.7737205392145,1.0440894153867817,566.4467425973147,691.2345515893248,0.9991439463597592
cms_robust_adv,codes per person,1,1,1,0.10729657770873269,0.09927228735885707,7008925.434461545,121886.79727964281,307158.4887307146,519196.88567070017,60.076050876918856,641083.682950343,-1167777.6217454127,-526693.9387950698,-752.1013390736371,26.224039512280495,0.9905717171567663,-20.852860059638957,487.0978305945598,0.9845932310940788,-1231.1960104642403,-649.6724553760263,0.9794152004709271,-134.28479522747074,294.8372068471648,1.0025570797436625,-7843.546469179612,-5618.9101876352925,0.9757246237998339,-1340.1401197744913,206.97867156138975,1.0268322307969098,-2774.794630488849,-1666.3546692985267,1.0435217255040654,566.4467425973147,712.2584046800464,1.000535770284513
cms_robust_adv,codes per person,2,1,1,0.10729657770873269,0.0983900627093155,7008925.434461545,239304.09155598583,333528.026063075,565324.6207422285,120.35363629045015,804628.7122982143,-1167777.6217454127,-363148.9094471985,-752.1013390736371,212.19170259867425,0.9866837671961926,-20.852860059638957,691.588872829767,0.9836386771949887,-1231.1960104642403,-528.6769149492541,0.9801745393944731,-134.28479522747074,411.8508006343737,0.9988102819191614,-7843.546469179612,-5703.008737103696,0.9799101157811855,-1340.1401197744913,420.8228534499266,1.027291510055609,-2774.794630488849,-1634.919130609498,1.0398813477461701,566.4467425973147,732.4013521075161,0.993957701680691
cms_robust_adv,codes per person,3,1,1,0.10729657770873269,0.09221911586426224,7008925.434461545,335876.92110302456,364006.7180934175,594802.5977685625,180.037051611533,930679.5188715871,-1167777.6217454127,-237098.10287382573,-752.1013390736371,413.43334089091337,0.9870423294303812,-20.852860059638957,833.4995085388163,0.9850157919771175,-1231.1960104642403,-398.71289350005134,0.9806319869579762,-134.28479522747074,481.4586555412451,0.9942462477273787,-7843.546469179612,-5708.021398442356,0.9764500738363425,-1340.1401197744913,743.9748686682643,1.0276223752166673,-2774.794630488849,-1527.2557487086992,1.0392628831409672,566.4467425973147,750.5245580344343,0.9920877214634964
cms_robust_adv,reach,0.02,1,1,0.10729657770873269,0.09776699210646522,7008925.434461545,40767.80705078532,277249.8984615475,504093.82728841074,20.093799371102538,544861.634339196,-1167777.6217454127,-622915.9874062168,-752.1013390736371,-61.97705240423582,0.9914783137961936,-20.852860059638957,416.86452016793635,0.9887348780610058,-1231.1960104642403,-788.477231413307,0.9798087586582789,-134.28479522747074,70.52913909852656,0.9973144919927314,-7843.546469179612,-5853.0111658211945,0.9752236895491763,-1340.1401197744913,-36.80836813750488,1.019460053905827,-2774.794630488849,-1885.5548093493367,1.041534662466362,566.4467425973147,710.9524695428871,1.0048100918148426
cms_robust_adv,reach,0.04,1,1,0.10729657770873269,0.09869500409015242,7008925.434461545,81232.68338598058,289524.9688175386,510046.8996900769,40.03828904264661,591279.5830760575,-1167777.6217454127,-576498.0386693553,-752.1013390736371,-23.536069883058353,0.9913923869871923,-20.852860059638957,448.49461255467287,0.9875701247712397,-1231.1960104642403,-746.4621608791317,0.9799606418955349,-134.28479522747074,190.74710815028547,0.9977425561747452,-7843.546469179612,-5665.992632444442,0.9756587620337929,-1340.1401197744913,99.47690873846248,1.0224217067503063,-2774.794630488849,-1783.4588415689434,1.0423596059510576,566.4467425973147,716.7009361233622,1.0055378997478028
cms_robust_adv,reach,0.05,1,1,0.10729657770873269,0.09932122188729509,7008925.434461545,101746.6461521556,300839.7419223818,514770.88401213125,50.14929284563014,616517.530164287,-1167777.6217454127,-551260.0915811257,-752.1013390736371,-3.7083740675050167,0.991021248090231,-20.852860059638957,461.7341033464536,0.9863987798947311,-1231.1960104642403,-678.7426261018512,0.9785101207344082,-134.28479522747074,250.34488124965128,1.0026111100284412,-7843.546469179612,-5631.053009434242,0.9757176095983251,-1340.1401197744913,155.16099403910363,1.0256796727300943,-2774.794630488849,-1733.6340430845485,1.042754847796651,566.4467425973147,712.5634855030371,1.0019876129101557
cms_robust_adv,reach,0.06,1,1,0.10729657770873269,0.09927228735885707,7008925.434461545,121886.79727964281,307158.4887307146,519196.88567070017,60.076050876918856,641083.682950343,-1167777.6217454127,-526693.9387950698,-752.1013390736371,26.224039512280495,0.9905717171567663,-20.852860059638957,487.0978305945598,0.9845932310940788,-1231.1960104642403,-649.6724553760263,0.9794152004709271,-134.28479522747074,294.8372068471648,1.0025570797436625,-7843.546469179612,-5618.9101876352925,0.9757246237998339,-1340.1401197744913,206.97867156138975,1.0268322307969098,-2774.794630488849,-1666.3546692985267,1.0435217255040654,566.4467425973147,712.2584046800464,1.000535770284513
cms_robust_adv,reach,0.075,1,1,0.10729657770873269,0.09969529765181195,7008925.434461545,152329.4345792241,316259.1162159515,514495.56377929746,75.08073939163371,666824.9983585216,-1167777.6217454127,-500952.62338689127,-752.1013390736371,81.83915824794467,0.9905774731401552,-20.852860059638957,526.259634137397,0.983364840143317,-1231.1960104642403,-629.70940181188,0.9778369671954982,-134.28479522747074,324.82411575370537,1.002086981229659,-7843.546469179612,-5602.229782865407,0.977827251031036,-1340.1401197744913,264.9885621283322,1.0278925054234676,-2774.794630488849,-1631.5650792596516,1.044837016664592,566.4467425973147,708.3116333831317,0.9977512650692986
cms_robust_adv,reach,0.1,1,1,0.10729657770873269,0.09939681989442717,7008925.434461545,204529.45516768805,318091.17236853275,525516.2561100569,100.80929377684713,730045.711277745,-1167777.6217454127,-437731.91046766785,-752.1013390736371,160.74271316575243,0.9888212913167639,-20.852860059638957,602.5542096578333,0.9835313744384739,-1231.1960104642403,-546.4060037381781,0.978349941834718,-134.28479522747074,408.33599293235847,0.9986948746517574,-7843.546469179612,-5606.625533145513,0.9738044906792889,-1340.1401197744913,431.35337658377455,1.031096796123811,-2774.794630488849,-1598.4537776673972,1.0422127376953432,566.4467425973147,789.2119882863205,0.9990067991955304
cms_robust_adv,reach,0.25,1,1,0.10729657770873269,0.10018724657287215,7008925.434461545,507276.5174213046,381264.6680035477,505457.6382468932,250.0284735462355,1012734.1556681978,-1167777.6217454127,-155043.466077215,-752.1013390736371,500.1648150730955,0.981177382910531,-20.852860059638957,934.727668205249,0.9703240050347346,-1231.1960104642403,-156.13162430060035,0.9722082518097748,-134.28479522747074,819.2143116922915,0.9901134167132183,-7843.546469179612,-4769.023057290209,0.9783975655977344,-1340.1401197744913,1066.93078834965,1.0476383245187946,-2774.794630488849,-1127.170546850539,1.0415878161291523,566.4467425973147,866.6887957955842,0.9643991543963614
cms_robust_adv,reach,0.5,1,1,0.10729657770873269,0.09698221715613897,7008925.434461545,968273.4769663928,561286.7714956965,585872.0615455415,500.0533016254108,1554145.5385119342,-1167777.6217454127,386367.9167665216,-752.1013390736371,1276.2196496677122,0.981870691746936,-20.852860059638957,1418.3537806857285,0.9642379807643954,-1231.1960104642403,500.5253518934857,0.9677927164949249,-134.28479522747074,1409.9927912198705,0.9822667886444256,-7843.546469179612,-3067.509129895035,1.0000759541074222,-1340.1401197744913,2308.209910273985,1.0589035007601797,-2774.794630488849,561.0860881533164,1.0655326661709734,566.4467425973147,1206.6249136398337,0.9496537909988783
cms_robust_adv,reach,1.0,1,1,0.10729657770873269,0.09314239681788627,7008925.434461545,1192606.8884426286,537679.5165149949,638063.7241438219,713.0702652351927,1830670.6125864505,-1167777.6217454127,662892.9908410377,-752.1013390736371,1732.8933066061577,0.9873278744407161,-20.852860059638957,1997.5458948585467,0.9666040184073036,-1231.1960104642403,978.1357129335736,0.9691887535459064,-134.28479522747074,1897.3375416584288,0.9864892552834352,-7843.546469179612,-3175.5950545033074,0.9820333262968662,-1340.1401197744913,2631.7980670780257,1.0554472654352316,-2774.794630488849,781.3320972144293,1.0593780324159596,566.4467425973147,1688.9178791934257,0.9207738832165889
cms_robust_adv,tilt,0.0,1,1,0.10729657770873269,0.11043497476054276,7008925.434461545,121886.79727964281,0.0,0.0,60.076050876918856,121886.79727964281,-1167777.6217454127,-1045890.8244657702,-752.1013390736371,-608.6433058256708,1.0,-20.852860059638957,66.74323167416904,1.0,-1231.1960104642403,-1112.5603190184984,1.0,-134.28479522747074,73.12261235287298,1.0,-7843.546469179612,-7482.873453856985,1.0,-1340.1401197744913,-983.5318472830947,1.0,-2774.794630488849,-2452.3159040916007,1.0,566.4467425973147,605.565856853642,1.0
cms_robust_adv,tilt,0.05,1,1,0.10729657770873269,0.1076653210628522,7008925.434461545,121886.79727964281,76788.95103706807,129798.08696519096,60.076050876918856,251684.88424483378,-1167777.6217454127,-916092.7375005791,-752.1013390736371,-451.0528221645029,0.9976429498901219,-20.852860059638957,170.61196743884113,0.9961483414375261,-1231.1960104642403,-998.6351807650016,0.9948538450958077,-134.28479522747074,128.6570096024964,1.0006392643486606,-7843.546469179612,-7025.422539601727,0.9939312089919962,-1340.1401197744913,-679.9572534933756,1.0067079990704264,-2774.794630488849,-2249.482683836944,1.010880336280435,566.4467425973147,632.2494771933253,1.0001339414004626
cms_robust_adv,tilt,0.1,1,1,0.10729657770873269,0.10488173627164077,7008925.434461545,121886.79727964281,153578.34950193577,259596.93022763095,60.076050876918856,381483.7275072738,-1167777.6217454127,-786293.894238139,-752.1013390736371,-292.7149977199408,0.9952858860463704,-20.852860059638957,275.2876608283067,0.9922966604325119,-1231.1960104642403,-883.5246217139163,0.9897076602064061,-134.28479522747074,184.12081815806923,1.0012785324221358,-7843.546469179612,-6562.348342485756,0.9878623826228399,-1340.1401197744913,-380.3997652726164,1.0134160372264924,-2774.794630488849,-2050.968105062131,1.021760735957555,566.4467425973147,658.926106779949,1.0002678835813643
cms_robust_adv,tilt,0.2,1,1,0.10729657770873269,0.09927228735885707,7008925.434461545,121886.79727964281,307158.4887307146,519196.88567070017,60.076050876918856,641083.682950343,-1167777.6217454127,-526693.9387950698,-752.1013390736371,26.224039512280495,0.9905717171567663,-20.852860059638957,487.0978305945598,0.9845932310940788,-1231.1960104642403,-649.6724553760263,0.9794152004709271,-134.28479522747074,294.8372068471648,1.0025570797436625,-7843.546469179612,-5618.9101876352925,0.9757246237998339,-1340.1401197744913,206.97867156138975,1.0268322307969098,-2774.794630488849,-1666.3546692985267,1.0435217255040654,566.4467425973147,712.2584046800464,1.000535770284513
cms_robust_adv,tilt,0.3,1,1,0.10729657770873269,0.09360564293695106,7008925.434461545,121886.79727964281,460740.41771761916,778799.8663820897,60.076050876918856,900686.6636617325,-1167777.6217454127,-267090.95808368037,-752.1013390736371,348.2170493272639,0.9858574933302279,-20.852860059638957,702.2510570625064,0.9768897119831313,-1231.1960104642403,-410.8502747967802,0.969122620791466,-134.28479522747074,405.2728503319811,1.0038356419648395,-7843.546469179612,-4651.692705560672,0.9635867235285086,-1340.1401197744913,779.2127276694382,1.040248580713985,-2774.794630488849,-1297.4503514700177,1.0652829686439642,566.4467425973147,765.5627725116032,1.0008036601095
cms_robust_adv,tilt,0.5,1,1,0.10729657770873269,0.08209672066544815,7008925.434461545,121886.79727964281,767909.645090947,1298014.9038213633,60.076050876918856,1419901.7011010062,-1167777.6217454127,252124.07935559328,-752.1013390736371,1001.5421413021733,0.9764288808625048,-20.852860059638957,1142.9083431594818,0.9614824044374157,-1231.1960104642403,82.35165117519732,0.9485371015922109,-134.28479522747074,625.3061622241744,1.0063928111071883,-7843.546469179612,-2642.2306325131885,0.9393104986310113,-1340.1401197744913,1880.5316171964005,1.0670817495990403,-2774.794630488849,-603.0704063675801,1.1088062157216576,566.4467425973147,872.0878056848469,1.0013394491252077
cms_robust_adv,selection rule,smooth,1,1,0.10729657770873269,0.06293468724190421,7008925.434461545,121886.79727964281,5505920.645863039,3728000.24078658,60.076050876918856,3849887.038066223,-1167777.6217454127,2682109.41632081,-752.1013390736371,3479.1705353695934,1.0969664434444983,-20.852860059638957,2493.477907674487,0.8110456535045842,-1231.1960104642403,4189.000798375341,0.9322134346097315,-134.28479522747074,1307.9545899528264,0.7607515433062844,-7843.546469179612,5361.453834217047,1.3940964771764828,-1340.1401197744913,4116.75148943599,1.645997369153098,-2774.794630488849,2543.9504476579477,1.694071119832305,566.4467425973147,1974.948045366035,0.7261232604067317
cms_robust_adv,plausibility,either,1,1,0.10729657770873269,0.09927228735885707,7008925.434461545,121886.79727964281,307158.4887307146,519196.88567070017,60.076050876918856,641083.682950343,-1167777.6217454127,-526693.9387950698,-752.1013390736371,26.224039512280495,0.9905717171567663,-20.852860059638957,487.0978305945598,0.9845932310940788,-1231.1960104642403,-649.6724553760263,0.9794152004709271,-134.28479522747074,294.8372068471648,1.0025570797436625,-7843.546469179612,-5618.9101876352925,0.9757246237998339,-1340.1401197744913,206.97867156138975,1.0268322307969098,-2774.794630488849,-1666.3546692985267,1.0435217255040654,566.4467425973147,712.2584046800464,1.000535770284513
cms_robust_adv,plausibility,system,1,1,0.10729657770873269,0.09909687008343471,7008925.434461545,111035.56392908431,316455.924834778,551193.992011065,60.05256523411336,662229.5559401492,-1167777.6217454127,-505548.06580526347,-752.1013390736371,103.64885810314968,0.9913173927060014,-20.852860059638957,506.87960795829787,0.9863982383399991,-1231.1960104642403,-580.7676204080627,0.9793078532044392,-134.28479522747074,132.7190320220281,0.9983115025793476,-7843.546469179612,-5330.9325818391,0.9762482929905015,-1340.1401197744913,181.37361783869866,1.0189715307831322,-2774.794630488849,-1456.628453510247,1.0455032752760474,566.4467425973147,763.6710781599229,1.0015302336766507
cms_robust_adv,plausibility,use,1,1,0.10729657770873269,0.09963620610244239,7008925.434461545,121810.77731054391,308309.8993855684,503103.37347649405,60.038581851288725,624914.150787038,-1167777.6217454127,-542863.4709583748,-752.1013390736371,30.181594237757878,0.9917503492932571,-20.852860059638957,493.3812450940323,0.9844625445634437,-1231.1960104642403,-653.3316981161913,0.9791590262377091,-134.28479522747074,251.90721408815838,1.0020767767087804,-7843.546469179612,-5664.076432161024,0.9779005571129614,-1340.1401197744913,159.98196410185898,1.0273265416797916,-2774.794630488849,-1702.0595106020014,1.0449405636953855,566.4467425973147,703.7909304970206,1.000611110251282
cms_robust_adv,plausibility,any,1,1,0.10729657770873269,0.09792129002224681,7008925.434461545,121814.84700456954,303074.7027897538,551278.2128597267,60.04058773831498,673093.0598642963,-1167777.6217454127,-494684.5618811165,-752.1013390736371,116.59074831548347,0.990393329246184,-20.852860059638957,499.66173963672145,0.9875432799553295,-1231.1960104642403,-619.0529605239849,0.9792389197967077,-134.28479522747074,260.90484624742754,0.9998768517543403,-7843.546469179612,-5740.741617438606,0.9760797747760954,-1340.1401197744913,213.87439773049508,1.0242465515971344,-2774.794630488849,-1564.2139602878779,1.044697578379918,566.4467425973147,752.4703615159708,1.0027523745661433
cms_robust_adv,plan cost model,WLS,1,1,0.10729657770873269,0.11149808441228592,7008925.434461545,121886.79727964281,-114762.81310376312,445388.03361263603,60.076050876918856,567274.8308922789,-1167777.6217454127,-600502.7908531341,-752.1013390736371,-249.881418564459,1.0097147356765803,-20.852860059638957,315.59743370020146,1.0282679976273381,-1231.1960104642403,-700.846597656001,1.0047145845982586,-134.28479522747074,50.34189230771448,1.0221687789258915,-7843.546469179612,-5936.4042056654025,0.9070977803356634,-1340.1401197744913,-217.20586332396562,0.9741008018993518,-2774.794630488849,-1499.8241948473758,0.9905351735377433,566.4467425973147,651.7059751780819,1.0810703856432817
cms_robust_adv,share of added codes real,0.0,1,1,0.10729657770873269,,,121886.79727964281,,519196.88567070017,,641083.682950343,,,,,,,,,,,,,,,,,,,,,,,,,,
cms_robust_adv,share of added codes real,0.25,1,1,0.10729657770873269,,,-120105.51764254502,,497004.2442942161,,376898.7266516711,,,,,,,,,,,,,,,,,,,,,,,,,,
cms_robust_adv,share of added codes real,0.5,1,1,0.10729657770873269,,,-328562.51482718036,,476841.929452428,,148279.41462524765,,,,,,,,,,,,,,,,,,,,,,,,,,
cms_robust_adv,share of added codes real,1.0,1,1,0.10729657770873269,,,-695870.04882536,,446102.9131431043,,-249767.13568225573,,,,,,,,,,,,,,,,,,,,,,,,,,
cms,cost per code,0.0,1,2,0.1354121216558447,0.09329238142476193,7779459.773285799,857130.3645765802,647063.0434662091,762970.8536356882,60.06064998643916,1620101.2182122685,190491.4042474111,1810592.6224596791,584.5276819583784,2183.764880025544,0.9975972895704989,953.62680531664,2100.4460013013354,0.980337967005517,1191.9916592957431,2382.622229795643,0.993365924682364,1466.0517607807744,2397.0206648424914,0.9922524589796105,-10741.375500214488,-6172.374274500825,0.9834416006540123,401.46931528347994,3113.481976931763,1.043243748171803,316.3772033523491,3622.0996764668703,1.0531362681505108,1580.175024427885,1991.1521763113049,1.0076877626115217
cms,cost per code,250.0,1,2,0.1354121216558447,0.09329238142476193,7779459.773285799,842115.2020799705,647063.0434662091,762970.8536356882,60.06064998643916,1605086.0557156587,190491.4042474111,1795577.4599630693,584.5276819583784,2183.764880025544,0.9975972895704989,953.62680531664,2100.4460013013354,0.980337967005517,1191.9916592957431,2382.622229795643,0.993365924682364,1466.0517607807744,2397.0206648424914,0.9922524589796105,-10741.375500214488,-6172.374274500825,0.9834416006540123,401.46931528347994,3113.481976931763,1.043243748171803,316.3772033523491,3622.0996764668703,1.0531362681505108,1580.175024427885,1991.1521763113049,1.0076877626115217
cms,cost per code,500.0,1,2,0.1354121216558447,0.09329238142476193,7779459.773285799,827100.0395833607,647063.0434662091,762970.8536356882,60.06064998643916,1590070.893219049,190491.4042474111,1780562.2974664597,584.5276819583784,2183.764880025544,0.9975972895704989,953.62680531664,2100.4460013013354,0.980337967005517,1191.9916592957431,2382.622229795643,0.993365924682364,1466.0517607807744,2397.0206648424914,0.9922524589796105,-10741.375500214488,-6172.374274500825,0.9834416006540123,401.46931528347994,3113.481976931763,1.043243748171803,316.3772033523491,3622.0996764668703,1.0531362681505108,1580.175024427885,1991.1521763113049,1.0076877626115217
cms,cost per code,1000.0,1,2,0.1354121216558447,0.09329238142476193,7779459.773285799,797069.7145901411,647063.0434662091,762970.8536356882,60.06064998643916,1560040.5682258292,190491.4042474111,1750531.97247324,584.5276819583784,2183.764880025544,0.9975972895704989,953.62680531664,2100.4460013013354,0.980337967005517,1191.9916592957431,2382.622229795643,0.993365924682364,1466.0517607807744,2397.0206648424914,0.9922524589796105,-10741.375500214488,-6172.374274500825,0.9834416006540123,401.46931528347994,3113.481976931763,1.043243748171803,316.3772033523491,3622.0996764668703,1.0531362681505108,1580.175024427885,1991.1521763113049,1.0076877626115217
cms,cost per code,2000.0,1,2,0.1354121216558447,0.09329238142476193,7779459.773285799,737009.0646037019,647063.0434662091,762970.8536356882,60.06064998643916,1499979.9182393902,190491.4042474111,1690471.3224868008,584.5276819583784,2183.764880025544,0.9975972895704989,953.62680531664,2100.4460013013354,0.980337967005517,1191.9916592957431,2382.622229795643,0.993365924682364,1466.0517607807744,2397.0206648424914,0.9922524589796105,-10741.375500214488,-6172.374274500825,0.9834416006540123,401.46931528347994,3113.481976931763,1.043243748171803,316.3772033523491,3622.0996764668703,1.0531362681505108,1580.175024427885,1991.1521763113049,1.0076877626115217
cms,cost per code,3000.0,1,2,0.1354121216558447,0.09329238142476193,7779459.773285799,676948.4146172628,647063.0434662091,762970.8536356882,60.06064998643916,1439919.268252951,190491.4042474111,1630410.6725003617,584.5276819583784,2183.764880025544,0.9975972895704989,953.62680531664,2100.4460013013354,0.980337967005517,1191.9916592957431,2382.622229795643,0.993365924682364,1466.0517607807744,2397.0206648424914,0.9922524589796105,-10741.375500214488,-6172.374274500825,0.9834416006540123,401.46931528347994,3113.481976931763,1.043243748171803,316.3772033523491,3622.0996764668703,1.0531362681505108,1580.175024427885,1991.1521763113049,1.0076877626115217
cms,codes per person,1,1,2,0.1354121216558447,0.09329238142476193,7779459.773285799,797069.7145901411,647063.0434662091,762970.8536356882,60.06064998643916,1560040.5682258292,190491.4042474111,1750531.97247324,584.5276819583784,2183.764880025544,0.9975972895704989,953.62680531664,2100.4460013013354,0.980337967005517,1191.9916592957431,2382.622229795643,0.993365924682364,1466.0517607807744,2397.0206648424914,0.9922524589796105,-10741.375500214488,-6172.374274500825,0.9834416006540123,401.46931528347994,3113.481976931763,1.043243748171803,316.3772033523491,3622.0996764668703,1.0531362681505108,1580.175024427885,1991.1521763113049,1.0076877626115217
cms,codes per person,2,1,2,0.1354121216558447,0.003856710369800731,7779459.773285799,1531514.3230271155,784417.2185592226,916337.3874140905,120.01714794639817,2447851.710441206,190491.4042474111,2638343.114688617,584.5276819583784,2720.659785481688,0.9976631991400403,953.62680531664,2963.6994774266464,0.9828408966108312,1191.9916592957431,2804.7070311479497,0.9886284337237725,1466.0517607807744,3460.8114462425788,0.9935899097167782,-10741.375500214488,-6133.085388376496,0.9784996594800218,401.46931528347994,5007.591176285499,1.0473204517839838,316.3772033523491,2901.516220021061,1.042871014534582,1580.175024427885,2499.617237213019,1.0094978519537467
cms,codes per person,3,1,2,0.1354121216558447,-0.11500137069718663,7779459.773285799,2164352.6664148425,928649.369051519,1050114.5326113421,180.21458800677317,3214467.199026185,190491.4042474111,3404958.603273596,584.5276819583784,3390.5793756194985,0.9979909650985349,953.62680531664,3599.118822485513,0.9823742429777532,1191.9916592957431,3412.3349243721796,0.9914939231318631,1466.0517607807744,3852.604425855175,0.9927624326932839,-10741.375500214488,-4706.187327230017,0.984707366789471,401.46931528347994,6527.593270589216,1.0447934854260528,316.3772033523491,3509.191358028781,1.0428713918326342,1580.175024427885,2495.010859561584,1.006710729007245
cms,reach,0.02,1,2,0.1354121216558447,0.11562721268405773,7779459.773285799,265931.6750612706,502724.2212519625,676876.6336400682,20.038434485464517,942808.3087013388,190491.4042474111,1133299.71294875,584.5276819583784,1696.541728293932,1.001763640017509,953.62680531664,1582.2215608750755,0.9848799705821196,1191.9916592957431,2011.7389385566075,0.9972397282769873,1466.0517607807744,1938.0329600495595,0.9887776357597194,-10741.375500214488,-7269.769810244816,0.9769922361468912,401.46931528347994,2182.6492624245634,1.0342695664253494,316.3772033523491,2274.291040935525,1.0438534256081429,1580.175024427885,1877.6483905941232,1.013430686415826
cms,reach,0.04,1,2,0.1354121216558447,0.10225608807213593,7779459.773285799,530922.7860804559,573747.3848530727,722703.1320682917,40.005995762867734,1253625.9181487476,190491.4042474111,1444117.3223961587,584.5276819583784,1986.7814002946418,0.9992409667018569,953.62680531664,1869.5143859300144,0.9847993609639653,1191.9916592957431,2257.939078694351,0.9960653298789747,1466.0517607807744,2259.6772899413722,0.9913157689162865,-10741.375500214488,-6740.774833935892,0.9797091171272513,401.46931528347994,2709.176756342102,1.039289848968259,316.3772033523491,2932.50627910686,1.0478228682967627,1580.175024427885,1900.0965305754019,1.0115164078034382
cms,reach,0.05,1,2,0.1354121216558447,0.09483160544252689,7779459.773285799,665113.9715985673,608713.9169672764,750222.6123233974,50.11754520094031,1415336.5839219647,190491.4042474111,1605827.988169376,584.5276819583784,2091.457075768129,0.9981798332424255,953.62680531664,2059.4848738709616,0.9835108403045576,1191.9916592957431,2327.8436471558166,0.9939989695551452,1466.0517607807744,2275.432155203812,0.9918777722334242,-10741.375500214488,-6644.376641706077,0.9801204277740522,401.46931528347994,2969.5886631369185,1.0419606779956971,316.3772033523491,3176.2379083138967,1.0505708355437682,1580.175024427885,1910.6281175794118,1.010881041297172
cms,reach,0.06,1,2,0.1354121216558447,0.09329238142476193,7779459.773285799,797069.7145901411,647063.0434662091,762970.8536356882,60.06064998643916,1560040.5682258292,190491.4042474111,1750531.97247324,584.5276819583784,2183.764880025544,0.9975972895704989,953.62680531664,2100.4460013013354,0.980337967005517,1191.9916592957431,2382.622229795643,0.993365924682364,1466.0517607807744,2397.0206648424914,0.9922524589796105,-10741.375500214488,-6172.374274500825,0.9834416006540123,401.46931528347994,3113.481976931763,1.043243748171803,316.3772033523491,3622.0996764668703,1.0531362681505108,1580.175024427885,1991.1521763113049,1.0076877626115217
cms,reach,0.075,1,2,0.1354121216558447,0.0886741442007063,7779459.773285799,997297.7384379379,695455.9103314129,793942.047792566,75.1481950752432,1791239.7862305038,190491.4042474111,1981731.1904779149,584.5276819583784,2343.0430749553725,0.9987233821525862,953.62680531664,2231.29101569513,0.9813764473351212,1191.9916592957431,2667.9491032219803,0.9937320362743751,1466.0517607807744,2430.8498678557635,0.9871665861722629,-10741.375500214488,-5888.96946758885,0.9865944440200655,401.46931528347994,3505.4653233197864,1.0479454346155275,316.3772033523491,3926.7711154932317,1.0557612278379824,1580.175024427885,2243.146215981627,1.0104399031420543
cms,reach,0.1,1,2,0.1354121216558447,0.07808828974849646,7779459.773285799,1327768.7959083023,766193.9212566735,844363.1392810999,100.04978918935669,2172131.935189402,190491.4042474111,2362623.339436813,584.5276819583784,2626.4188995648615,0.9982207590098978,953.62680531664,2564.0206276651184,0.9776628411227782,1191.9916592957431,3086.043132573612,0.995237835992153,1466.0517607807744,2911.831325920695,0.9903185560413664,-10741.375500214488,-5804.883960219477,0.9832836856143728,401.46931528347994,4182.304807340311,1.0476488129501798,316.3772033523491,4322.026055367315,1.055890785677325,1580.175024427885,2376.586593853529,1.0062761982956498
cms,reach,0.25,1,2,0.1354121216558447,0.00011647226063349336,7779459.773285799,3318723.246402555,1234185.8635018189,1107023.0153207225,250.07182139210636,4425746.261723277,190491.4042474111,4616237.665970688,584.5276819583784,4533.907041312546,0.988191272731687,953.62680531664,4542.515569904236,0.9639582354623066,1191.9916592957431,5145.731083054673,0.9774888392252873,1466.0517607807744,5185.769857678015,0.9804170102328431,-10741.375500214488,-2704.0924634192975,1.0055955913456802,401.46931528347994,7545.179505329183,1.0855328467387464,316.3772033523491,7126.528401333926,1.0784333339154422,1580.175024427885,3221.4913753374426,0.9406353731801504
cms,reach,0.5,1,2,0.1354121216558447,-0.1324317728307367,7779459.773285799,6432398.4031140385,1980766.0474060886,1552917.847073077,500.167156368928,7985316.250187116,190491.4042474111,8175807.654434527,584.5276819583784,8140.59651181529,0.9728694321524434,953.62680531664,7170.277856822102,0.9430227180627156,1191.9916592957431,8765.40398134532,0.9778916788090996,1466.0517607807744,8305.430947764356,0.9566497518054384,-10741.375500214488,4539.605808271664,1.0474547457039491,401.46931528347994,13033.895209839427,1.1129602132934595,316.3772033523491,13321.131056081753,1.1240349824784908,1580.175024427885,4936.234309659206,0.8719525220748716
cms,reach,1.0,1,2,0.1354121216558447,-0.16770755361646383,7779459.773285799,7478817.93103836,1672410.9228345663,1427093.0741061026,706.845157765295,8905911.005144462,190491.4042474111,9096402.409391876,584.5276819583784,9276.897476433649,0.9699937761523554,953.62680531664,8352.390170762083,0.9466486144141324,1191.9916592957431,9759.372736419029,0.975847841846108,1466.0517607807744,9521.98221786776,0.968185214392269,-10741.375500214488,4975.340862096109,1.0134020037252345,401.46931528347994,14075.823515708702,1.1061400298882977,316.3772033523491,13962.945055715345,1.1079010096997368,1580.175024427885,5836.788029676254,0.8773670896110516
cms,tilt,0.0,1,2,0.1354121216558447,0.11074227928239244,7779459.773285799,797069.7145901411,0.0,0.0,60.06064998643916,797069.7145901411,190491.4042474111,987561.1188375521,584.5276819583784,1359.6178288255353,1.0,953.62680531664,1566.3604786130757,1.0,1191.9916592957431,1777.9808848938515,1.0,1466.0517607807744,1922.963565717795,1.0,-10741.375500214488,-8824.053833164196,1.0,401.46931528347994,1922.06723269627,1.0,316.3772033523491,2446.396213958874,1.0,1580.175024427885,1685.355717934422,1.0
cms,tilt,0.05,1,2,0.1354121216558447,0.10664090312894137,7779459.773285799,797069.7145901411,161761.88078029957,190738.13828637282,60.06064998643916,987807.852876514,190491.4042474111,1178299.2571239248,584.5276819583784,1565.2781474427813,0.9993993368003765,953.62680531664,1697.8999858657055,0.995084609653931,1191.9916592957431,1928.3842512425288,0.9983415209515439,1466.0517607807744,2040.785026830886,0.9980631612027058,-10741.375500214488,-8169.416601985523,0.9958604994552467,401.46931528347994,2229.470537273862,1.0108106777336388,316.3772033523491,2751.8748768266673,1.0132837484082369,1580.175024427885,1762.2429382509576,1.0019218945535362
cms,tilt,0.1,1,2,0.1354121216558447,0.1023724426526108,7779459.773285799,797069.7145901411,323526.3482434027,381479.3266056718,60.06064998643916,1178549.041195813,190491.4042474111,1369040.445443224,584.5276819583784,1771.189122977377,0.9987986639957387,953.62680531664,1830.7476027537557,0.9901691407074175,1191.9916592957431,2079.290576603468,0.9966830153828766,1466.0517607807744,2159.0665601784244,0.9961262914340379,-10741.375500214488,-7509.303784278894,0.9917209327170561,401.46931528347994,2530.372790837748,1.0216215283373873,316.3772033523491,3049.4524695490304,1.0265677092326704,1580.175024427885,1838.8369743709645,1.003843819839477
cms,tilt,0.2,1,2,0.1354121216558447,0.09329238142476193,7779459.773285799,797069.7145901411,647063.0434662091,762970.8536356882,60.06064998643916,1560040.5682258292,190491.4042474111,1750531.97247324,584.5276819583784,2183.764880025544,0.9975972895704989,953.62680531664,2100.4460013013354,0.980337967005517,1191.9916592957431,2382.622229795643,0.993365924682364,1466.0517607807744,2397.0206648424914,0.9922524589796105,-10741.375500214488,-6172.374274500825,0.9834416006540123,401.46931528347994,3113.481976931763,1.043243748171803,316.3772033523491,3622.0996764668703,1.0531362681505108,1580.175024427885,1991.1521763113049,1.0076877626115217
cms,tilt,0.3,1,2,0.1354121216558447,0.08340918796999874,7779459.773285799,797069.7145901411,970610.0861648006,1144474.5816753472,60.06064998643916,1941544.2962654885,190491.4042474111,2132035.7005128996,584.5276819583784,2597.3487816349952,0.9963958767224375,953.62680531664,2375.6173454946615,0.9705064788792146,1191.9916592957431,2687.9962657779997,0.9900487278933732,1466.0517607807744,2636.8477351800298,0.9883785026307742,-10741.375500214488,-4812.699287730693,0.9751620037981671,401.46931528347994,3672.9285001167764,1.0648666595364205,316.3772033523491,4166.581330348486,1.0797056767942836,1580.175024427885,2142.3145618959347,1.0115318283220314
cms,tilt,0.5,1,2,0.1354121216558447,0.06077300213583481,7779459.773285799,797069.7145901411,1617735.2159750215,1907518.6431249701,60.06064998643916,2704588.357715111,190491.4042474111,2895079.7619625223,584.5276819583784,3427.5558353808574,0.9939929357504752,953.62680531664,2943.0590430058774,0.9508425592930668,1191.9916592957431,3304.954555665441,0.9834140160295974,1466.0517607807744,3122.209928674124,0.9806302182261009,-10741.375500214488,-2022.750854560637,0.9586020156572569,401.46931528347994,4726.370284127685,1.1081145569889657,316.3772033523491,5178.970231299056,1.1328470434226896,1580.175024427885,2441.2328421414495,1.0192203285820383
cms,selection rule,smooth,1,2,0.1354121216558447,-1.646716329219939,7779459.773285799,797069.7145901411,35283790.681495905,28740409.65375311,60.06064998643916,29537479.368343253,190491.4042474111,29727970.772590652,584.5276819583784,29370.910421652163,1.2080277421839831,953.62680531664,47360.82056437048,1.9139543384168116,1191.9916592957431,19543.53346759043,0.7630698486893777,1466.0517607807744,13455.305221159424,0.16601279027749594,-10741.375500214488,47518.29264618972,12.410446164029066,401.46931528347994,39574.02048619529,2.278356193713104,316.3772033523491,34118.73662597824,4.665317354698383,1580.175024427885,8610.993693630535,0.10838694565012669
cms,plausibility,either,1,2,0.1354121216558447,0.09329238142476193,7779459.773285799,797069.7145901411,647063.0434662091,762970.8536356882,60.06064998643916,1560040.5682258292,190491.4042474111,1750531.97247324,584.5276819583784,2183.764880025544,0.9975972895704989,953.62680531664,2100.4460013013354,0.980337967005517,1191.9916592957431,2382.622229795643,0.993365924682364,1466.0517607807744,2397.0206648424914,0.9922524589796105,-10741.375500214488,-6172.374274500825,0.9834416006540123,401.46931528347994,3113.481976931763,1.043243748171803,316.3772033523491,3622.0996764668703,1.0531362681505108,1580.175024427885,1991.1521763113049,1.0076877626115217
cms,plausibility,system,1,2,0.1354121216558447,0.09405934052178133,7779459.773285799,769364.1872116876,621602.2303962864,733470.4901004657,60.043058045364404,1502834.6773121534,190491.4042474111,1693326.081559564,584.5276819583784,2365.1338665176386,1.0007238259703113,953.62680531664,1970.1845189917335,0.9839285857452925,1191.9916592957431,2406.943711619138,0.998498664084926,1466.0517607807744,2409.2539166313254,0.9894634595210586,-10741.375500214488,-5815.602981164628,0.9763388189846781,401.46931528347994,3348.5203601316293,1.0398967601432474,316.3772033523491,2977.5294905051746,1.0473358818665472,1580.175024427885,2286.8780202514668,1.014118920185433
cms,plausibility,use,1,2,0.1354121216558447,0.09387207407528142,7779459.773285799,797604.1891545787,647148.8435908859,755772.0305597734,60.10092361514909,1553376.2197143522,190491.4042474111,1743867.623961763,584.5276819583784,2161.161066058172,0.9977688893060791,953.62680531664,2071.484511361163,0.9804659308634794,1191.9916592957431,2357.2711245612463,0.9936945956968586,1466.0517607807744,2397.020664842493,0.9922519774395008,-10741.375500214488,-6243.867496796226,0.9834411233898123,401.46931528347994,3085.5311200899973,1.0425595646418808,316.3772033523491,3609.971053681249,1.0532018522698467,1580.175024427885,1980.416022972661,1.0076872735806595
cms,plausibility,any,1,2,0.1354121216558447,0.09177176034435675,7779459.773285799,797344.7634986104,625860.6428120258,766254.9931034376,60.08137542101325,1563599.756602048,190491.4042474111,1754091.1608494592,584.5276819583784,2329.63187708003,0.9993393654380022,953.62680531664,2234.659375512555,0.9836816354534631,1191.9916592957431,2872.118678212902,0.9957516245426622,1466.0517607807744,2415.0979685895413,0.9917641669345916,-10741.375500214488,-6793.691637085537,0.9753507475721332,401.46931528347994,2618.2206500292095,1.0373980836706262,316.3772033523491,3074.351399862752,1.0462727069489675,1580.175024427885,2462.235974368184,1.0141156429915361
cms,plan cost model,WLS,1,2,0.1354121216558447,0.10662062649949622,7779459.773285799,797069.7145901411,285992.03583815525,522932.8000992684,60.06064998643916,1320002.5146894096,190491.4042474111,1510493.9189368205,584.5276819583784,1856.873539585888,1.0115923238268387,953.62680531664,1951.4590728282897,1.0068198400652837,1191.9916592957431,2127.158748372689,0.9982804522146376,1466.0517607807744,2067.7320650048996,1.0023212053722486,-10741.375500214488,-8045.113883743014,0.9549625651406217,401.46931528347994,2892.6296302749925,1.0023549670845044,316.3772033523491,3284.414754130061,1.0326209015188164,1580.175024427885,1956.3719321106698,1.042501745918595
cms,share of added codes real,0.0,1,2,0.1354121216558447,,,797069.7145901411,,762970.8536356882,,1560040.5682258294,,,,,,,,,,,,,,,,,,,,,,,,,,
cms,share of added codes real,0.25,1,2,0.1354121216558447,,,493771.24076296866,,708746.3904592339,,1202517.6312222024,,,,,,,,,,,,,,,,,,,,,,,,,,
cms,share of added codes real,0.5,1,2,0.1354121216558447,,,240714.51931225345,,665874.4633794844,,906588.9826917378,,,,,,,,,,,,,,,,,,,,,,,,,,
cms,share of added codes real,1.0,1,2,0.1354121216558447,,,-322732.1338276223,,574711.3563058607,,251979.2224782384,,,,,,,,,,,,,,,,,,,,,,,,,,
cms_pen_1,cost per code,0.0,1,2,0.1329878951029757,0.12632089022842719,7826300.938378728,150356.01283751093,413718.08833258774,651418.7174442376,60.194362519063674,801774.7302817486,237332.56934034126,1039107.2996220898,296.4432763493464,1212.8781497123357,0.991209561417314,949.5767597820363,1548.4523636030594,0.9815445757174873,1053.86571667342,1745.7705525982592,0.9972025800257556,1523.7922508593915,1985.457192503563,0.9876267157796716,-12496.919993665475,-9369.510889303872,0.965350142649671,206.9359578066791,1647.1061117282604,1.0298587302551483,147.60833471890484,1286.352878130801,1.0568219183300152,1595.9280987778623,2049.33658984249,1.0152811762656468
cms_pen_1,cost per code,250.0,1,2,0.1329878951029757,0.12632089022842719,7826300.938378728,135307.422207745,413718.08833258774,651418.7174442376,60.194362519063674,786726.1396519826,237332.56934034126,1024058.7089923238,296.4432763493464,1212.8781497123357,0.991209561417314,949.5767597820363,1548.4523636030594,0.9815445757174873,1053.86571667342,1745.7705525982592,0.9972025800257556,1523.7922508593915,1985.457192503563,0.9876267157796716,-12496.919993665475,-9369.510889303872,0.965350142649671,206.9359578066791,1647.1061117282604,1.0298587302551483,147.60833471890484,1286.352878130801,1.0568219183300152,1595.9280987778623,2049.33658984249,1.0152811762656468
cms_pen_1,cost per code,500.0,1,2,0.1329878951029757,0.12632089022842719,7826300.938378728,120258.83157797909,413718.08833258774,651418.7174442376,60.194362519063674,771677.5490222167,237332.56934034126,1009010.1183625578,296.4432763493464,1212.8781497123357,0.991209561417314,949.5767597820363,1548.4523636030594,0.9815445757174873,1053.86571667342,1745.7705525982592,0.9972025800257556,1523.7922508593915,1985.457192503563,0.9876267157796716,-12496.919993665475,-9369.510889303872,0.965350142649671,206.9359578066791,1647.1061117282604,1.0298587302551483,147.60833471890484,1286.352878130801,1.0568219183300152,1595.9280987778623,2049.33658984249,1.0152811762656468
cms_pen_1,cost per code,1000.0,1,2,0.1329878951029757,0.12632089022842719,7826300.938378728,90161.65031844725,413718.08833258774,651418.7174442376,60.194362519063674,741580.3677626848,237332.56934034126,978912.9371030261,296.4432763493464,1212.8781497123357,0.991209561417314,949.5767597820363,1548.4523636030594,0.9815445757174873,1053.86571667342,1745.7705525982592,0.9972025800257556,1523.7922508593915,1985.457192503563,0.9876267157796716,-12496.919993665475,-9369.510889303872,0.965350142649671,206.9359578066791,1647.1061117282604,1.0298587302551483,147.60833471890484,1286.352878130801,1.0568219183300152,1595.9280987778623,2049.33658984249,1.0152811762656468
cms_pen_1,cost per code,2000.0,1,2,0.1329878951029757,0.12632089022842719,7826300.938378728,29967.287799383575,413718.08833258774,651418.7174442376,60.194362519063674,681386.0052436212,237332.56934034126,918718.5745839624,296.4432763493464,1212.8781497123357,0.991209561417314,949.5767597820363,1548.4523636030594,0.9815445757174873,1053.86571667342,1745.7705525982592,0.9972025800257556,1523.7922508593915,1985.457192503563,0.9876267157796716,-12496.919993665475,-9369.510889303872,0.965350142649671,206.9359578066791,1647.1061117282604,1.0298587302551483,147.60833471890484,1286.352878130801,1.0568219183300152,1595.9280987778623,2049.33658984249,1.0152811762656468
cms_pen_1,cost per code,3000.0,1,2,0.1329878951029757,0.12685626665551542,7826300.938378728,0.0,394815.76162954856,644731.6879682697,0.0,644731.6879682697,237332.56934034126,882064.257308611,296.4432763493464,1087.80780331664,0.9944412501995828,949.5767597820363,1434.2724645030103,0.9838147872571954,1053.86571667342,1556.8894095126975,0.9981372010418547,1523.7922508593915,1815.3656192048356,0.9827874284281548,-12496.919993665475,-9693.020735439371,0.9559513725382075,206.9359578066791,1276.6988233015416,1.0209614971260124,147.60833471890484,1156.6425757643442,1.0569907497663555,1595.9280987778623,1971.1884690261847,1.0132260905690174
cms_pen_1,codes per person,1,1,2,0.1329878951029757,0.12632089022842719,7826300.938378728,90161.65031844725,413718.08833258774,651418.7174442376,60.194362519063674,741580.3677626848,237332.56934034126,978912.9371030261,296.4432763493464,1212.8781497123357,0.991209561417314,949.5767597820363,1548.4523636030594,0.9815445757174873,1053.86571667342,1745.7705525982592,0.9972025800257556,1523.7922508593915,1985.457192503563,0.9876267157796716,-12496.919993665475,-9369.510889303872,0.965350142649671,206.9359578066791,1647.1061117282604,1.0298587302551483,147.60833471890484,1286.352878130801,1.0568219183300152,1595.9280987778623,2049.33658984249,1.0152811762656468
cms_pen_1,codes per person,2,1,2,0.1329878951029757,0.12292867906790483,7826300.938378728,168525.64479583592,460243.3773499583,664481.1186398977,120.20873405028131,833006.7634357336,237332.56934034126,1070339.3327760748,296.4432763493464,1319.8269693668399,0.9899141600658254,949.5767597820363,1666.375253686148,0.9802889593761646,1053.86571667342,1825.7444275107096,0.9909365045492743,1523.7922508593915,2167.778180201916,0.9878140434923954,-12496.919993665475,-9458.499688265863,0.9527218452798834,206.9359578066791,1806.4479571333725,1.0294617591455444,147.60833471890484,1481.1948687438978,1.0605426463567804,1595.9280987778623,2109.3580092500733,1.0106270860018336
cms_pen_1,codes per person,3,1,2,0.1329878951029757,0.11902773882355755,7826300.938378728,244669.42298921992,477621.0528474847,684051.6217263889,180.95621507105147,928721.0447156088,237332.56934034126,1166053.61405595,296.4432763493464,1501.4330148243334,0.9917252018246399,949.5767597820363,1845.1993704012812,0.979281723973251,1053.86571667342,2021.3888959690194,0.9936895369718196,1523.7922508593915,2234.1233985112694,0.9850082147089012,-12496.919993665475,-9393.873794482652,0.9558683413689867,206.9359578066791,2201.4524222936343,1.0398479220151329,147.60833471890484,1438.3380464637821,1.0571822871129541,1595.9280987778623,2101.947899538252,1.0078013956677228
cms_pen_1,reach,0.02,1,2,0.1329878951029757,0.12616635443931834,7826300.938378728,30192.32267410573,406397.99227206985,648868.3612532611,20.157213293220067,679060.6839273667,237332.56934034126,916393.253267708,296.4432763493464,1133.972848104147,0.9938026394994304,949.5767597820363,1459.0927047386879,0.9831892578260883,1053.86571667342,1645.6879298739782,0.9953289508857732,1523.7922508593915,1861.1950382671548,0.986381064878991,-12496.919993665475,-9587.89394355504,0.9587573096615553,206.9359578066791,1445.8222916527668,1.0221509552236245,147.60833471890484,1245.7407166812623,1.059404643702627,1595.9280987778623,1978.3104680448862,1.0118349953298735
cms_pen_1,reach,0.04,1,2,0.1329878951029757,0.1264209523909784,7826300.938378728,60348.58915816617,408308.9179851826,649438.8636362426,40.29035449628902,709787.4527944088,237332.56934034126,947120.0221347502,296.4432763493464,1180.3941357118795,0.9933895874604726,949.5767597820363,1515.781080924308,0.9830436894586003,1053.86571667342,1676.9186108451997,0.995556201169127,1523.7922508593915,1943.6102156213672,0.9848487964243292,-12496.919993665475,-9570.170480680801,0.9587337097387855,206.9359578066791,1542.0573044396217,1.0262158578020582,147.60833471890484,1252.3627489319542,1.0577177423821074,1595.9280987778623,2018.7416453583728,1.0144742581896031
cms_pen_1,reach,0.05,1,2,0.1329878951029757,0.12617471189327978,7826300.938378728,75317.2687981134,408583.8009384462,651389.1171935538,50.283850905197994,726706.3859916672,237332.56934034126,964038.9553320084,296.4432763493464,1198.736451112718,0.9918625185068614,949.5767597820363,1526.0427948123343,0.9809737912278659,1053.86571667342,1717.8298742014645,0.9984277304831922,1523.7922508593915,1978.0082863843593,0.9885657904224029,-12496.919993665475,-9407.372457973288,0.9640129330840993,206.9359578066791,1590.0239243690953,1.0274183211974373,147.60833471890484,1269.8314053461888,1.0570247175513539,1595.9280987778623,2044.5846427040365,1.0153701446981527
cms_pen_1,reach,0.06,1,2,0.1329878951029757,0.12632089022842719,7826300.938378728,90161.65031844725,413718.08833258774,651418.7174442376,60.194362519063674,741580.3677626848,237332.56934034126,978912.9371030261,296.4432763493464,1212.8781497123357,0.991209561417314,949.5767597820363,1548.4523636030594,0.9815445757174873,1053.86571667342,1745.7705525982592,0.9972025800257556,1523.7922508593915,1985.457192503563,0.9876267157796716,-12496.919993665475,-9369.510889303872,0.965350142649671,206.9359578066791,1647.1061117282604,1.0298587302551483,147.60833471890484,1286.352878130801,1.0568219183300152,1595.9280987778623,2049.33658984249,1.0152811762656468
cms_pen_1,reach,0.075,1,2,0.1329878951029757,0.12604920230788041,7826300.938378728,112426.59022023907,421847.58855744364,652048.7875184139,75.05904011957352,764475.377738653,237332.56934034126,1001807.947078994,296.4432763493464,1251.8695122563145,0.9914299848343338,949.5767597820363,1585.8443434034302,0.9804846244972106,1053.86571667342,1772.7772825034194,0.9978341319671424,1523.7922508593915,2021.7009358252008,0.9865861889156696,-12496.919993665475,-9351.109132601521,0.9644421947560419,206.9359578066791,1724.5819469337146,1.0302060791870802,147.60833471890484,1324.738288061819,1.0577061253906705,1595.9280987778623,2075.665934035494,1.014105167349629
cms_pen_1,reach,0.1,1,2,0.1329878951029757,0.12538343687161402,7826300.938378728,149787.67554205187,435074.45905540866,652729.5776278347,100.00231374005132,802517.2531698867,237332.56934034126,1039849.8225102278,296.4432763493464,1293.6781200830976,0.9900736968692292,949.5767597820363,1611.9408247190274,0.9788653600343346,1053.86571667342,1821.9979005072762,0.9951239012816633,1523.7922508593915,2089.363488983803,0.9884445322489497,-12496.919993665475,-9272.289992726559,0.9600741758911012,206.9359578066791,1790.753176046922,1.0306885088440743,147.60833471890484,1389.1089822056413,1.0569393906158948,1595.9280987778623,2074.267832446904,1.009329606760509
cms_pen_1,reach,0.25,1,2,0.1329878951029757,0.12287154975043746,7826300.938378728,373834.4842949981,467873.7341319173,680484.8139708806,250.0598235246464,1054319.2982658788,237332.56934034126,1291651.8676062198,296.4432763493464,1561.439692323098,0.9848622782310633,949.5767597820363,1912.3073911351507,0.9707480457322324,1053.86571667342,2163.9861541961204,0.9901831067668865,1523.7922508593915,2494.7289619591784,0.9809603666692145,-12496.919993665475,-9004.667766748851,0.9592593323779525,206.9359578066791,2404.7861518799773,1.0425783627974428,147.60833471890484,1758.7473124038513,1.0589276812157282,1595.9280987778623,2264.9780803559916,0.9902422003020295
cms_pen_1,reach,0.5,1,2,0.1329878951029757,0.1164889870514767,7826300.938378728,659455.2559236652,624250.199338221,687503.2457127082,500.02180423461255,1346958.5016363736,237332.56934034126,1584291.070976715,296.4432763493464,2092.758574428549,0.9803999086188799,949.5767597820363,2273.834076489567,0.9557400863976416,1053.86571667342,2664.51269055306,0.9853211129524849,1523.7922508593915,2895.2458984076584,0.9813137874988042,-12496.919993665475,-7763.823182174082,0.9730796757428427,206.9359578066791,3161.5336831390646,1.0536295004030956,147.60833471890484,3075.582952320125,1.0782385850559233,1595.9280987778623,2370.7927862735905,0.9442623279924839
cms_pen_1,reach,1.0,1,2,0.1329878951029757,0.11043422379058132,7826300.938378728,795764.1996106867,610583.092030295,714214.8914596889,707.568920868878,1509979.0910703756,237332.56934034126,1747311.660410717,296.4432763493464,2449.310196826804,0.9804445992057044,949.5767597820363,2676.5060493307446,0.9612616636988575,1053.86571667342,3011.9497062145083,0.9875284187140901,1523.7922508593915,3311.7936489491885,0.9871342157467212,-12496.919993665475,-7501.826012429706,0.9673034293487238,206.9359578066791,3472.557461314036,1.051453124802011,147.60833471890484,3296.934427568812,1.072060708359347,1595.9280987778623,2708.6828029590574,0.9250984100803176
cms_pen_1,tilt,0.0,1,2,0.1329878951029757,0.13367576001880488,7826300.938378728,90161.65031844725,0.0,0.0,60.194362519063674,90161.65031844725,237332.56934034126,327494.2196587885,296.4432763493464,421.33499695768893,1.0,949.5767597820363,1055.712800258028,1.0,1053.86571667342,1189.5852263378413,1.0,1523.7922508593915,1628.7274057973195,1.0,-12496.919993665475,-12239.160888658529,1.0,206.9359578066791,534.6170096518929,1.0,147.60833471890484,273.15498886039524,1.0,1595.9280987778623,1665.790431060321,1.0
cms_pen_1,tilt,0.05,1,2,0.1329878951029757,0.131994952268639,7826300.938378728,90161.65031844725,103428.16191477951,162852.53771156847,60.194362519063674,253014.18803001574,237332.56934034126,490346.75737035694,296.4432763493464,617.9106937886137,0.9978024192543858,949.5767597820363,1177.1831107602409,0.9953862046047084,1053.86571667342,1328.3377995081526,0.9993006542034314,1523.7922508593915,1717.078509149713,0.9969067196241879,-12496.919993665475,-11540.564248257257,0.9913376495796989,206.9359578066791,818.9177098974569,1.0074645843981485,147.60833471890484,537.0945638336892,1.0142052927708123,1595.9280987778623,1762.7704622627311,1.0038202438269537
cms_pen_1,tilt,0.1,1,2,0.1329878951029757,0.13021430912111542,7826300.938378728,90161.65031844725,206857.23060052248,325706.5031769468,60.194362519063674,415868.15349539404,237332.56934034126,653200.7228357352,296.4432763493464,815.3559214951154,0.995604819242236,949.5767597820363,1299.785818790554,0.9907723687595473,1053.86571667342,1467.285935585838,0.9986013022755885,1523.7922508593915,1805.9803863654076,0.9938134121291005,-12496.919993665475,-10829.644965259424,0.98267522321521,206.9359578066791,1099.0389076749077,1.0149292342394824,147.60833471890484,793.7448363226828,1.0284107100816606,1595.9280987778623,1859.0159778075422,1.0076405211465858
cms_pen_1,tilt,0.2,1,2,0.1329878951029757,0.12632089022842719,7826300.938378728,90161.65031844725,413718.08833258774,651418.7174442376,60.194362519063674,741580.3677626848,237332.56934034126,978912.9371030261,296.4432763493464,1212.8781497123357,0.991209561417314,949.5767597820363,1548.4523636030594,0.9815445757174873,1053.86571667342,1745.7705525982592,0.9972025800257556,1523.7922508593915,1985.457192503563,0.9876267157796716,-12496.919993665475,-9369.510889303872,0.965350142649671,206.9359578066791,1647.1061117282604,1.0298587302551483,147.60833471890484,1286.352878130801,1.0568219183300152,1595.9280987778623,2049.33658984249,1.0152811762656468
cms_pen_1,tilt,0.3,1,2,0.1329878951029757,0.12192083796213804,7826300.938378728,90161.65031844725,620582.5732916038,977136.6429520876,60.194362519063674,1067298.2932705348,237332.56934034126,1304630.8626108759,296.4432763493464,1613.9485592150922,0.9868142265232079,949.5767597820363,1801.8433438515167,0.9723166208695647,1053.86571667342,2025.0424013490406,0.9958038332498573,1523.7922508593915,2167.199938752946,0.9814399109488615,-12496.919993665475,-7855.98212774673,0.9480247582953932,206.9359578066791,2179.5193108641297,1.0447884880538842,147.60833471890484,1753.1761110356942,1.0852336247581675,1595.9280987778623,2236.8172871859524,1.0229219653607076
cms_pen_1,tilt,0.5,1,2,0.1329878951029757,0.11120476968752868,7826300.938378728,90161.65031844725,1034322.4252720891,1628589.6282903347,60.194362519063674,1718751.278608782,237332.56934034126,1956083.8479491232,296.4432763493464,2426.925654358048,0.9780233255193331,949.5767597820363,2323.3476005025746,0.9538602257391071,1053.86571667342,2585.9611841912506,0.993006266117282,1523.7922508593915,2537.657094805151,0.9690659758316816,-12496.919993665475,-4656.580545185934,0.9133730781886599,206.9359578066791,3199.9918758680583,1.0746487890281053,147.60833471890484,2617.163353137886,1.142058532206276,1595.9280987778623,2603.509458407103,1.0382039454929217
cms_pen_1,selection rule,smooth,1,2,0.1329878951029757,-0.034687131061963195,7826300.938378728,90161.65031844725,8032049.414359189,5990585.796688565,60.194362519063674,6080747.4470070135,237332.56934034126,6318080.016347355,296.4432763493464,6117.8740891243315,1.0306943867757767,949.5767597820363,5501.63001054191,0.7047055924919761,1053.86571667342,6728.565671254876,0.810834216805886,1523.7922508593915,4143.3752243162735,0.6314885712964348,-12496.919993665475,8730.99305688451,1.5611853387809904,206.9359578066791,7176.376202882792,1.6687109504999877,147.60833471890484,10883.512921705022,2.283541112175663,1595.9280987778623,4165.227036151685,0.6092980994060921
cms_pen_1,plausibility,either,1,2,0.1329878951029757,0.12632089022842719,7826300.938378728,90161.65031844725,413718.08833258774,651418.7174442376,60.194362519063674,741580.3677626848,237332.56934034126,978912.9371030261,296.4432763493464,1212.8781497123357,0.991209561417314,949.5767597820363,1548.4523636030594,0.9815445757174873,1053.86571667342,1745.7705525982592,0.9972025800257556,1523.7922508593915,1985.457192503563,0.9876267157796716,-12496.919993665475,-9369.510889303872,0.965350142649671,206.9359578066791,1647.1061117282604,1.0298587302551483,147.60833471890484,1286.352878130801,1.0568219183300152,1595.9280987778623,2049.33658984249,1.0152811762656468
cms_pen_1,plausibility,system,1,2,0.1329878951029757,0.12333966441119626,7826300.938378728,58830.06155766723,425749.21783602703,667269.4905580432,60.12282094403792,726099.5521157105,237332.56934034126,963432.1214560517,296.4432763493464,1208.161370146056,0.9935773610320087,949.5767597820363,1515.4954565195474,0.9835548478219134,1053.86571667342,1684.019877976745,0.9945718966557427,1523.7922508593915,1936.8521445237209,0.9850711280658934,-12496.919993665475,-9338.694288642533,0.9563133967826896,206.9359578066791,1514.102004743662,1.0225758141023311,147.60833471890484,1559.552981885526,1.0598406265814995,1595.9280987778623,2017.8934872630352,1.0120740641674753
cms_pen_1,plausibility,use,1,2,0.1329878951029757,0.12620513542400835,7826300.938378728,89877.2208852558,414289.82114584866,653005.0956536455,60.00446971705586,742882.3165389013,237332.56934034126,980214.8858792423,296.4432763493464,1210.0687524261616,0.9912667880142905,949.5767597820363,1544.4703325918965,0.9810397681164531,1053.86571667342,1740.3821821827519,0.9973632257458545,1523.7922508593915,1985.4571925035627,0.987612544541467,-12496.919993665475,-9351.69298029806,0.9653362910531074,206.9359578066791,1653.2188154218022,1.0290485346613962,147.60833471890484,1294.8836912682402,1.057173256517223,1595.9280987778623,2051.4924428883287,1.0140432254498113
cms_pen_1,plausibility,any,1,2,0.1329878951029757,0.12499748253718845,7826300.938378728,90618.81921240842,424731.5376985269,663398.298811261,60.49958086897566,754017.1180236693,237332.56934034126,991349.6873640107,296.4432763493464,1220.3558804456459,0.9931369302908308,949.5767597820363,1556.3190391917865,0.9828438958547628,1053.86571667342,1765.3848391871109,0.9939368792895116,1523.7922508593915,2108.283305359082,0.9872080157382166,-12496.919993665475,-9534.937379551444,0.9587077436394698,206.9359578066791,1558.090473568363,1.0250083380566144,147.60833471890484,1311.3129177575352,1.0592031066489747,1595.9280987778623,2106.334739832523,1.0149992108770567
cms_pen_1,plan cost model,WLS,1,2,0.1329878951029757,0.13459191319597907,7826300.938378728,90161.65031844725,14194.798510028875,438135.1623457586,60.194362519063674,528296.8126642058,237332.56934034126,765629.3820045469,296.4432763493464,959.4014454795778,1.0026242438919837,949.5767597820363,1368.2644268664146,1.0078672664184123,1053.86571667342,1530.4513346393967,1.0017489919766125,1523.7922508593915,1598.5216354143267,0.9956446974785205,-12496.919993665475,-10612.53207303537,0.9058746647519409,206.9359578066791,1481.1776852972914,0.9922723379977411,147.60833471890484,1083.6629430019743,1.0074824871219572,1595.9280987778623,1968.1785130639262,1.0588201115115976
cms_pen_1,share of added codes real,0.0,1,2,0.1329878951029757,,,90161.65031844725,,651418.7174442376,,741580.3677626848,,,,,,,,,,,,,,,,,,,,,,,,,,
cms_pen_1,share of added codes real,0.25,1,2,0.1329878951029757,,,25356.87755553277,,646163.8811046032,,671520.7586601359,,,,,,,,,,,,,,,,,,,,,,,,,,
cms_pen_1,share of added codes real,0.5,1,2,0.1329878951029757,,,-69963.53362551927,,641551.3631195918,,571587.8294940726,,,,,,,,,,,,,,,,,,,,,,,,,,
cms_pen_1,share of added codes real,1.0,1,2,0.1329878951029757,,,-226744.0891508839,,629829.6520763176,,403085.5629254337,,,,,,,,,,,,,,,,,,,,,,,,,,
cms_robust_adv,cost per code,0.0,1,2,0.1326265833418684,0.12841622798509778,7032230.14754616,172749.95927853635,299060.48480983096,600678.4172902431,60.14576044187274,773428.3765687793,-556738.2214922277,216690.15507655143,-460.43599031673676,385.6883230392631,0.9866181390588293,428.24518642133785,957.6365712274134,0.9834269087755844,375.7603943825552,1035.5279244095896,0.9886698092791038,919.4227953771092,1342.519512950147,0.9925223064944931,-14626.706813582452,-11850.482884285217,0.9431664740534954,-780.364833203277,701.901457974956,1.027270404989003,-1729.2038501056286,-467.6460302910129,1.0423185703475557,1235.3659462888115,1559.2437865852826,1.02020387332448
cms_robust_adv,cost per code,250.0,1,2,0.1326265833418684,0.12841622798509778,7032230.14754616,157713.51916806816,299060.48480983096,600678.4172902431,60.14576044187274,758391.9364583113,-556738.2214922277,201653.71496608324,-460.43599031673676,385.6883230392631,0.9866181390588293,428.24518642133785,957.6365712274134,0.9834269087755844,375.7603943825552,1035.5279244095896,0.9886698092791038,919.4227953771092,1342.519512950147,0.9925223064944931,-14626.706813582452,-11850.482884285217,0.9431664740534954,-780.364833203277,701.901457974956,1.027270404989003,-1729.2038501056286,-467.6460302910129,1.0423185703475557,1235.3659462888115,1559.2437865852826,1.02020387332448
cms_robust_adv,cost per code,500.0,1,2,0.1326265833418684,0.12841622798509778,7032230.14754616,142677.0790576,299060.48480983096,600678.4172902431,60.14576044187274,743355.496347843,-556738.2214922277,186617.27485561508,-460.43599031673676,385.6883230392631,0.9866181390588293,428.24518642133785,957.6365712274134,0.9834269087755844,375.7603943825552,1035.5279244095896,0.9886698092791038,919.4227953771092,1342.519512950147,0.9925223064944931,-14626.706813582452,-11850.482884285217,0.9431664740534954,-780.364833203277,701.901457974956,1.027270404989003,-1729.2038501056286,-467.6460302910129,1.0423185703475557,1235.3659462888115,1559.2437865852826,1.02020387332448
cms_robust_adv,cost per code,1000.0,1,2,0.1326265833418684,0.12841622798509778,7032230.14754616,112604.1988366636,299060.48480983096,600678.4172902431,60.14576044187274,713282.6161269067,-556738.2214922277,156544.39463467867,-460.43599031673676,385.6883230392631,0.9866181390588293,428.24518642133785,957.6365712274134,0.9834269087755844,375.7603943825552,1035.5279244095896,0.9886698092791038,919.4227953771092,1342.519512950147,0.9925223064944931,-14626.706813582452,-11850.482884285217,0.9431664740534954,-780.364833203277,701.901457974956,1.027270404989003,-1729.2038501056286,-467.6460302910129,1.0423185703475557,1235.3659462888115,1559.2437865852826,1.02020387332448
cms_robust_adv,cost per code,2000.0,1,2,0.1326265833418684,0.12841622798509778,7032230.14754616,52458.438394790865,299060.48480983096,600678.4172902431,60.14576044187274,653136.8556850338,-556738.2214922277,96398.63419280596,-460.43599031673676,385.6883230392631,0.9866181390588293,428.24518642133785,957.6365712274134,0.9834269087755844,375.7603943825552,1035.5279244095896,0.9886698092791038,919.4227953771092,1342.519512950147,0.9925223064944931,-14626.706813582452,-11850.482884285217,0.9431664740534954,-780.364833203277,701.901457974956,1.027270404989003,-1729.2038501056286,-467.6460302910129,1.0423185703475557,1235.3659462888115,1559.2437865852826,1.02020387332448
cms_robust_adv,cost per code,3000.0,1,2,0.1326265833418684,0.12860188334068112,7032230.14754616,0.0,270997.913228461,595157.5063202323,0.0,595157.5063202323,-556738.2214922277,38419.28482800436,-460.43599031673676,233.8703772450131,0.9907303209377311,428.24518642133785,844.2306532625538,0.9849110340127528,375.7603943825552,909.0708372182359,0.9929127309823983,919.4227953771092,1217.468737250916,0.9894373229628752,-14626.706813582452,-12378.901026391473,0.942743043454115,-780.364833203277,364.4241070994096,1.0223917346041846,-1729.2038501056286,-660.0600228158047,1.0429970696559463,1235.3659462888115,1527.4484598689735,1.025231128701045
cms_robust_adv,codes per person,1,1,2,0.1326265833418684,0.12841622798509778,7032230.14754616,112604.1988366636,299060.48480983096,600678.4172902431,60.14576044187274,713282.6161269067,-556738.2214922277,156544.39463467867,-460.43599031673676,385.6883230392631,0.9866181390588293,428.24518642133785,957.6365712274134,0.9834269087755844,375.7603943825552,1035.5279244095896,0.9886698092791038,919.4227953771092,1342.519512950147,0.9925223064944931,-14626.706813582452,-11850.482884285217,0.9431664740534954,-780.364833203277,701.901457974956,1.027270404989003,-1729.2038501056286,-467.6460302910129,1.0423185703475557,1235.3659462888115,1559.2437865852826,1.02020387332448
cms_robust_adv,codes per person,2,1,2,0.1326265833418684,0.12500734694661664,7032230.14754616,208604.12928337388,330461.29522180854,628125.1195311715,120.03049164980885,836729.2488145453,-556738.2214922277,279991.02732231753,-460.43599031673676,506.6875732347403,0.9854791437780022,428.24518642133785,1136.4009080369935,0.9842565661363667,375.7603943825552,1193.128929470397,0.9900021976256266,919.4227953771092,1563.2566173816397,0.9988057821275776,-14626.706813582452,-11665.278361387496,0.9459458431404987,-780.364833203277,410.51230719576097,1.0156715134592909,-1729.2038501056286,-287.92927947512715,1.0442404847648457,1235.3659462888115,1603.9174591942608,1.010409487802676
cms_robust_adv,codes per person,3,1,2,0.1326265833418684,0.12227463076421818,7032230.14754616,300398.65508763056,364657.2103678902,652514.8904922319,180.2359991743048,952913.5455798625,-556738.2214922277,396175.3240876346,-460.43599031673676,642.7730608706568,0.98551767502545,428.24518642133785,1274.3649272441587,0.9791777001726141,375.7603943825552,1373.0586478050952,0.9886711763612807,919.4227953771092,1995.109321320237,1.0042363892302506,-14626.706813582452,-11681.15205859222,0.9453899551620522,-780.364833203277,413.5823724371811,1.014119744957559,-1729.2038501056286,-265.7876978975911,1.0427098983125331,1235.3659462888115,1604.555088105911,0.9925863420023129
cms_robust_adv,reach,0.02,1,2,0.1326265833418684,0.12856804854974513,7032230.14754616,37564.08847893204,284141.74460759,595561.6077638443,20.06426661006116,633125.6962427764,-556738.2214922277,76387.47475054857,-460.43599031673676,286.9557727900871,0.9889674863803898,428.24518642133785,867.8058999761683,0.984421695367685,375.7603943825552,968.9458040328751,0.9920761432414352,919.4227953771092,1243.9444075924753,0.9914405145893378,-14626.706813582452,-12230.711299708653,0.9428607542141607,-780.364833203277,477.1760937890147,1.0243448786822151,-1729.2038501056286,-580.8071815006517,1.0441674136535375,1235.3659462888115,1557.692863153912,1.0257960989218735
cms_robust_adv,reach,0.04,1,2,0.1326265833418684,0.1287025342298973,7032230.14754616,75014.38278517059,292833.6175372957,593303.6518598013,40.067751853874775,668318.0346449718,-556738.2214922277,111579.81315274403,-460.43599031673676,331.10564389425315,0.9880787441269299,428.24518642133785,893.0537723159288,0.9836721417522766,375.7603943825552,995.1546495302783,0.9893347056141227,919.4227953771092,1326.5112577536274,0.9936307176330821,-14626.706813582452,-12074.881472532667,0.9472228644834229,-780.364833203277,608.9152703357191,1.0263223488243458,-1729.2038501056286,-518.3025937859297,1.0437424501234773,1235.3659462888115,1555.4368758808225,1.0232283160584483
cms_robust_adv,reach,0.05,1,2,0.1326265833418684,0.12839445068640243,7032230.14754616,93974.42174514737,295524.9726279892,598118.4376711393,50.19495823726621,692092.8594162867,-556738.2214922277,135354.63792405877,-460.43599031673676,356.1629477930585,0.9883346308563751,428.24518642133785,928.0010103798998,0.9844450875322498,375.7603943825552,1017.4792373046204,0.9886971185061498,919.4227953771092,1328.4904542081113,0.9905055961813956,-14626.706813582452,-11878.160943102046,0.9430371932031912,-780.364833203277,656.2107149736253,1.024949818650026,-1729.2038501056286,-480.8323485683953,1.0428033519474613,1235.3659462888115,1554.7576715613043,1.022527447568774
cms_robust_adv,reach,0.06,1,2,0.1326265833418684,0.12841622798509778,7032230.14754616,112604.1988366636,299060.48480983096,600678.4172902431,60.14576044187274,713282.6161269067,-556738.2214922277,156544.39463467867,-460.43599031673676,385.6883230392631,0.9866181390588293,428.24518642133785,957.6365712274134,0.9834269087755844,375.7603943825552,1035.5279244095896,0.9886698092791038,919.4227953771092,1342.519512950147,0.9925223064944931,-14626.706813582452,-11850.482884285217,0.9431664740534954,-780.364833203277,701.901457974956,1.027270404989003,-1729.2038501056286,-467.6460302910129,1.0423185703475557,1235.3659462888115,1559.2437865852826,1.02020387332448
cms_robust_adv,reach,0.075,1,2,0.1326265833418684,0.12805681348393783,7032230.14754616,140571.76812794304,303011.45257678314,599997.2762570317,75.08419737507057,740569.0443849748,-556738.2214922277,183830.82289274683,-460.43599031673676,434.56201451092386,0.9864255597792903,428.24518642133785,987.1437308897534,0.9831705001440779,375.7603943825552,1092.2504690247586,0.9909800918825389,919.4227953771092,1367.3190135088976,0.9923740000643702,-14626.706813582452,-11676.282547683377,0.9481959994722787,-780.364833203277,787.8824796858814,1.0329536965344648,-1729.2038501056286,-456.99152089615893,1.0425541191472745,1235.3659462888115,1592.3802211126274,1.0183912477209276
cms_robust_adv,reach,0.1,1,2,0.1326265833418684,0.1274177798584195,7032230.14754616,187285.1154407709,310843.25402879587,596543.3355725983,100.03539658382111,783828.4510133691,-556738.2214922277,227090.22952114133,-460.43599031673676,488.42927265805304,0.9857806868611385,428.24518642133785,1071.2771716860539,0.9778556117958603,375.7603943825552,1153.2206405650475,0.9872987394837351,919.4227953771092,1461.329024483024,0.9998139762418837,-14626.706813582452,-11531.362148022294,0.9543888570289311,-780.364833203277,853.9297433106849,1.0355805514936853,-1729.2038501056286,-453.4874722205773,1.04247796569609,1235.3659462888115,1622.7035516750066,0.9935817596244388
cms_robust_adv,reach,0.25,1,2,0.1326265833418684,0.1279627031945988,7032230.14754616,467242.35867878614,368091.2255333612,598028.0425313961,250.02354447469364,1065270.4012101823,-556738.2214922277,508532.17971795425,-460.43599031673676,843.3148686462549,0.982227516511966,428.24518642133785,1397.0959735823922,0.9702891415679376,375.7603943825552,1446.7494886849345,0.9917620046305027,919.4227953771092,1914.1718273823894,0.9988128868100146,-14626.706813582452,-10914.161175854848,0.9615195109089142,-780.364833203277,1588.277185332275,1.0504142640336969,-1729.2038501056286,-82.15395914274319,1.046862273882686,1235.3659462888115,1797.8511658586801,0.9779865137977154
cms_robust_adv,reach,0.5,1,2,0.1326265833418684,0.12320935348139694,7032230.14754616,862061.9331161589,525075.2975833613,661871.4290603686,500.0499036337819,1523933.3621765275,-556738.2214922277,967195.1406842998,-460.43599031673676,1489.2911860059987,0.9814223187106558,428.24518642133785,1871.150516605512,0.963111824716559,375.7603943825552,2076.715803293102,0.9876451362421526,919.4227953771092,2443.6106316252603,0.9859114894350538,-14626.706813582452,-9604.852867468759,0.9649884463020079,-780.364833203277,2781.2631594564823,1.0662608406116176,-1729.2038501056286,1511.8697245246537,1.07023961851107,1235.3659462888115,2075.6962836168864,0.9630870005591016
cms_robust_adv,reach,1.0,1,2,0.1326265833418684,0.1176425123650009,7032230.14754616,1074210.9849360718,505127.1234110145,700036.8251065061,707.568920868878,1774247.810042578,-556738.2214922277,1217509.5885503497,-460.43599031673676,1921.7816961970223,0.9808946048239234,428.24518642133785,2358.8902341832386,0.9622717463074124,375.7603943825552,2526.6759808081174,0.9888846562219795,919.4227953771092,2882.017813460103,0.9860106970539162,-14626.706813582452,-9392.20880421807,0.9700313135827747,-780.364833203277,2915.087158971945,1.0542729236276251,-1729.2038501056286,1839.4254824174807,1.0569902094411476,1235.3659462888115,2458.9442602912964,0.9299021942853888
cms_robust_adv,tilt,0.0,1,2,0.1326265833418684,0.13377056604096904,7032230.14754616,112604.1988366636,0.0,0.0,60.14576044187274,112604.1988366636,-556738.2214922277,-444134.02265556424,-460.43599031673676,-333.9468630813831,1.0,428.24518642133785,520.9686256544417,1.0,375.7603943825552,509.9953484532067,1.0,919.4227953771092,1013.0877543231171,1.0,-14626.706813582452,-14372.897289951681,1.0,-780.364833203277,-401.7917446877093,1.0,-1729.2038501056286,-1574.6692298996816,1.0,1235.3659462888115,1260.372103736203,1.0
cms_robust_adv,tilt,0.05,1,2,0.1326265833418684,0.1325769014096322,7032230.14754616,112604.1988366636,74753.97104737298,150147.20866064943,60.14576044187274,262751.40749731305,-556738.2214922277,-293986.8139949149,-460.43599031673676,-155.876413186501,0.9966550336932933,428.24518642133785,628.7568963481217,0.9958573451041408,375.7603943825552,640.2393918814837,0.9971678747539994,919.4227953771092,1094.970706955217,0.9981308554215471,-14626.706813582452,-13769.651953696792,0.9857937374915088,-780.364833203277,-120.30495457354692,1.006816584498933,-1729.2038501056286,-1289.263580517525,1.0105780647835807,1235.3659462888115,1336.2052737869544,1.0050502150509901
cms_robust_adv,tilt,0.1,1,2,0.1326265833418684,0.13129223157148795,7032230.14754616,112604.1988366636,149515.3747923728,300309.34627805743,60.14576044187274,412913.54511472106,-556738.2214922277,-143824.67637750693,-460.43599031673676,23.411223878441607,0.9933097348006014,428.24518642133785,737.4565392895106,0.9917142783090774,375.7603943825552,771.238433593809,0.9943354679131847,919.4227953771092,1177.1690977403211,0.9962615249962921,-14626.706813582452,-13148.703033659704,0.971586062471386,-780.364833203277,157.42331871465538,1.0136338467626818,-1729.2038501056286,-1009.7434124752453,1.0211571813314475,1235.3659462888115,1411.287582525889,1.0101009322388017
cms_robust_adv,tilt,0.2,1,2,0.1326265833418684,0.12841622798509778,7032230.14754616,112604.1988366636,299060.48480983096,600678.4172902431,60.14576044187274,713282.6161269067,-556738.2214922277,156544.39463467867,-460.43599031673676,385.6883230392631,0.9866181390588293,428.24518642133785,957.6365712274134,0.9834269087755844,375.7603943825552,1035.5279244095896,0.9886698092791038,919.4227953771092,1342.519512950147,0.9925223064944931,-14626.706813582452,-11850.482884285217,0.9431664740534954,-780.364833203277,701.901457974956,1.027270404989003,-1729.2038501056286,-467.6460302910129,1.0423185703475557,1235.3659462888115,1559.2437865852826,1.02020387332448
cms_robust_adv,tilt,0.3,1,2,0.1326265833418684,0.12506417151663396,7032230.14754616,112604.1988366636,448635.3389237574,901107.2308551775,60.14576044187274,1013711.4296918411,-556738.2214922277,456973.20819961326,-460.43599031673676,752.9867031153237,0.9799252123777229,428.24518642133785,1181.6039853037735,0.9751378909078944,375.7603943825552,1302.9174204986375,0.9830030237616569,919.4227953771092,1509.1537803870322,0.988782344272784,-14626.706813582452,-10471.313089573616,0.9147412330604102,-780.364833203277,1232.2176375690522,1.0409096754879175,-1729.2038501056286,52.97924475056841,1.0634841683036702,1235.3659462888115,1704.3269126425034,1.0303088238563667
cms_robust_adv,tilt,0.5,1,2,0.1326265833418684,0.11649937233978924,7032230.14754616,112604.1988366636,747874.3149441613,1502144.156953213,60.14576044187274,1614748.3557898768,-556738.2214922277,1058010.134297649,-460.43599031673676,1503.0707548821524,0.9665353646088691,428.24518642133785,1641.298688634165,0.958554908202438,375.7603943825552,1847.2171885169632,0.9716660707315943,919.4227953771092,1846.3341502769756,0.981300187781915,-14626.706813582452,-7437.825194072359,0.857873786601626,-780.364833203277,2252.5182177092634,1.0681963565409494,-1729.2038501056286,1034.7220221531088,1.1058279960597928,1235.3659462888115,1986.2022984424448,1.050524755657279
cms_robust_adv,selection rule,smooth,1,2,0.1326265833418684,0.09618788361686381,7032230.14754616,112604.1988366636,5077129.340059216,4045591.2968456824,60.14576044187274,4158195.495682346,-556738.2214922277,3601457.2741901176,-460.43599031673676,3810.205956350154,1.06645157435094,428.24518642133785,4147.530580314841,0.8080601669672846,375.7603943825552,4925.508781300617,0.8963346642535579,919.4227953771092,2850.830657123135,0.7223891872828762,-14626.706813582452,7007.629406917251,1.159923746344585,-780.364833203277,4594.243967609339,1.6823435465358711,-1729.2038501056286,6857.507380204536,1.6786023141410815,1235.3659462888115,3125.391772458793,0.7546051283069847
cms_robust_adv,plausibility,either,1,2,0.1326265833418684,0.12841622798509778,7032230.14754616,112604.1988366636,299060.48480983096,600678.4172902431,60.14576044187274,713282.6161269067,-556738.2214922277,156544.39463467867,-460.43599031673676,385.6883230392631,0.9866181390588293,428.24518642133785,957.6365712274134,0.9834269087755844,375.7603943825552,1035.5279244095896,0.9886698092791038,919.4227953771092,1342.519512950147,0.9925223064944931,-14626.706813582452,-11850.482884285217,0.9431664740534954,-780.364833203277,701.901457974956,1.027270404989003,-1729.2038501056286,-467.6460302910129,1.0423185703475557,1235.3659462888115,1559.2437865852826,1.02020387332448
cms_robust_adv,plausibility,system,1,2,0.1326265833418684,0.12608330963822778,7032230.14754616,98577.56606658733,321185.0801303289,623727.1716980904,60.0183271606499,722304.7377646777,-556738.2214922277,165566.51627244987,-460.43599031673676,390.5923367986311,0.9891361835355427,428.24518642133785,954.6223134911329,0.9843405110675246,375.7603943825552,1021.5339054475309,0.9925699473127398,919.4227953771092,1337.2134661503708,0.9850765102793716,-14626.706813582452,-11815.035133793117,0.9461973751182366,-780.364833203277,638.9031242743516,1.025636679673958,-1729.2038501056286,-151.2399607437802,1.0492087984277874,1235.3659462888115,1548.2408256558826,1.0219881814075216
cms_robust_adv,plausibility,use,1,2,0.1326265833418684,0.12817561610248573,7032230.14754616,112393.82831857108,302265.85273670027,601920.5602246529,60.03339434082194,714314.3885432238,-556738.2214922277,157576.167050996,-460.43599031673676,376.6343123316085,0.9872796525590104,428.24518642133785,964.4875140517142,0.9830917475099481,375.7603943825552,1061.673618970294,0.9909862232971672,919.4227953771092,1354.3566295024793,0.9930437890315761,-14626.706813582452,-11745.640870792255,0.9493903213848847,-780.364833203277,714.5775371276546,1.0305176307320127,-1729.2038501056286,-465.95588911359874,1.0438504433805833,1235.3659462888115,1578.856924921445,1.0220229677136257
cms_robust_adv,plausibility,any,1,2,0.1326265833418684,0.12840040844259792,7032230.14754616,112395.2744989493,304352.351116761,605089.3521895874,60.034166795308366,717484.6266885367,-556738.2214922277,160746.40519630883,-460.43599031673676,361.93508134434194,0.9879203510775808,428.24518642133785,961.2558476522177,0.9836265714391305,375.7603943825552,1054.4401463464535,0.9904087566429148,919.4227953771092,1370.5275778643388,0.9909483506564889,-14626.706813582452,-12222.565017038383,0.9424510154274934,-780.364833203277,653.5025955556528,1.024598606906195,-1729.2038501056286,-476.8484089997844,1.0441485411071716,1235.3659462888115,1621.4018138070426,1.0229560188113713
cms_robust_adv,plan cost model,WLS,1,2,0.1326265833418684,0.13663174888079432,7032230.14754616,112604.1988366636,-111321.24252111407,403157.1070594761,60.14576044187274,515761.3058961397,-556738.2214922277,-40976.915596088205,-460.43599031673676,196.60363092507555,1.0088494614556758,428.24518642133785,831.9932366387371,1.0147128200326032,375.7603943825552,822.3199588145094,1.0075515438687455,919.4227953771092,921.6857275703684,0.9895727926156411,-14626.706813582452,-12929.132524094368,0.8862036694513624,-780.364833203277,429.0599234735923,0.9829615672117413,-1729.2038501056286,-729.3950270916025,0.9803716006955401,1235.3659462888115,1534.2643589017298,1.073467250370849
cms_robust_adv,share of added codes real,0.0,1,2,0.1326265833418684,,,112604.1988366636,,600678.4172902431,,713282.6161269067,,,,,,,,,,,,,,,,,,,,,,,,,,
cms_robust_adv,share of added codes real,0.25,1,2,0.1326265833418684,,,22077.016357912864,,591001.1208458446,,613078.1372037575,,,,,,,,,,,,,,,,,,,,,,,,,,
cms_robust_adv,share of added codes real,0.5,1,2,0.1326265833418684,,,-62221.65357862647,,587367.1878984249,,525145.5343197985,,,,,,,,,,,,,,,,,,,,,,,,,,
cms_robust_adv,share of added codes real,1.0,1,2,0.1326265833418684,,,-204045.66489003363,,576146.2568837678,,372100.5919937341,,,,,,,,,,,,,,,,,,,,,,,,,,
cms,cost per code,0.0,1,3,0.10981096536060508,0.08927969172480921,7834682.804113972,747250.0615241693,622431.5535133191,757075.5951584706,60.09155670693279,1504325.65668264,5940.098707539827,1510265.7553901798,524.1021981313827,2037.397789663063,1.0004664795984348,823.9081372654662,1932.282803383012,0.9900527976480961,128.89104342160806,1295.8210787522805,0.998054071049161,598.5511700066439,1811.9843799991925,0.9660991506159521,-7992.261211276037,-4189.095718704998,1.0179166809571276,-669.0573696564387,2377.661842963084,1.0545268945157387,318.53947320908645,3021.139333743083,1.0375147802236124,1715.6621291855834,2151.767593075916,0.9798807007237544
cms,cost per code,250.0,1,3,0.10981096536060508,0.08921054444791987,7834682.804113972,731379.5984606873,617386.6432528725,769303.996534916,60.02199901199558,1500683.5949956032,5940.098707539827,1506623.6937031432,524.1021981313827,2055.417831748347,1.0010471948565678,823.9081372654662,1959.4726011694565,0.9894389894944533,128.89104342160806,1369.4495415337917,0.9992221278758557,598.5511700066439,1759.0170791186058,0.9664705623977428,-7992.261211276037,-4285.176861284766,1.016999319430872,-669.0573696564387,2442.540861963719,1.0542104891915407,318.53947320908645,3081.917903195423,1.0370385419632393,1715.6621291855834,2231.461697665104,0.9806239650065585
cms,cost per code,500.0,1,3,0.10981096536060508,0.0886416874528535,7834682.804113972,716707.8222388276,616415.5243364162,771460.4190020785,60.049960315304084,1488168.241240906,5940.098707539827,1494108.339948446,524.1021981313827,2101.2664258598174,1.0014125537044567,823.9081372654662,1955.3874455442483,0.9898724141704505,128.89104342160806,1422.2455722497466,1.000029561588404,598.5511700066439,1821.0830394321588,0.9671801731449484,-7992.261211276037,-4125.161495155949,1.020393842180002,-669.0573696564387,2513.6841427844342,1.0548522265308047,318.53947320908645,3021.8659475860163,1.0364459949775213,1715.6621291855834,2263.73655263896,0.9816219298393228
cms,cost per code,1000.0,1,3,0.10981096536060508,0.0886416874528535,7834682.804113972,686682.8420811755,616415.5243364162,771460.4190020785,60.049960315304084,1458143.261083254,5940.098707539827,1464083.3597907939,524.1021981313827,2101.2664258598174,1.0014125537044567,823.9081372654662,1955.3874455442483,0.9898724141704505,128.89104342160806,1422.2455722497466,1.000029561588404,598.5511700066439,1821.0830394321588,0.9671801731449484,-7992.261211276037,-4125.161495155949,1.020393842180002,-669.0573696564387,2513.6841427844342,1.0548522265308047,318.53947320908645,3021.8659475860163,1.0364459949775213,1715.6621291855834,2263.73655263896,0.9816219298393228
cms,cost per code,2000.0,1,3,0.10981096536060508,0.08876643297170284,7834682.804113972,627749.9871329777,611229.8271720173,762451.1883332037,60.15701204354038,1390201.1754661812,5940.098707539827,1396141.274173721,524.1021981313827,2050.0632716039217,1.0010431983883403,823.9081372654662,1992.8264822204433,0.9893458224592775,128.89104342160806,1405.3368770240404,1.000297657211124,598.5511700066439,1780.210568781759,0.9660486622842124,-7992.261211276037,-4157.373013724913,1.018724027952161,-669.0573696564387,2438.843673817509,1.0547135101175,318.53947320908645,3001.0761444749646,1.035906657461195,1715.6621291855834,2233.810309264967,0.9808163225472684
cms,cost per code,3000.0,1,3,0.10981096536060508,0.08898468178565999,7834682.804113972,568658.2177447595,623879.458759591,766674.8087465243,60.269913044888085,1335333.0264912837,5940.098707539827,1341273.1251988234,524.1021981313827,2039.733318271428,1.000500052578519,823.9081372654662,1967.1582760625247,0.989120831679303,128.89104342160806,1343.7370269261212,0.999791279257641,598.5511700066439,1683.698404261484,0.9641716534930523,-7992.261211276037,-4290.552028036086,1.0182550006386373,-669.0573696564387,2455.521028900493,1.0550952957761603,318.53947320908645,3017.6407562874865,1.0378738890861476,1715.6621291855834,2249.4636382996214,0.9809742095626678
cms,codes per person,1,1,3,0.10981096536060508,0.0886416874528535,7834682.804113972,686682.8420811755,616415.5243364162,771460.4190020785,60.049960315304084,1458143.261083254,5940.098707539827,1464083.3597907939,524.1021981313827,2101.2664258598174,1.0014125537044567,823.9081372654662,1955.3874455442483,0.9898724141704505,128.89104342160806,1422.2455722497466,1.000029561588404,598.5511700066439,1821.0830394321588,0.9671801731449484,-7992.261211276037,-4125.161495155949,1.020393842180002,-669.0573696564387,2513.6841427844342,1.0548522265308047,318.53947320908645,3021.8659475860163,1.0364459949775213,1715.6621291855834,2263.73655263896,0.9816219298393228
cms,codes per person,2,1,3,0.10981096536060508,0.03815809550002802,7834682.804113972,1342601.4095761494,756698.8076100474,885235.54328175,120.0378794980928,2227836.9528578995,5940.098707539827,2233777.0515654394,524.1021981313827,2861.4828065860083,1.0010357312183134,823.9081372654662,2653.208467691432,0.988628154961955,128.89104342160806,2343.67993275135,0.9998527221207272,598.5511700066439,2201.219250629019,0.9628785349339539,-7992.261211276037,-3149.682660940705,1.0061209230721282,-669.0573696564387,3906.621937808935,1.0537102691241205,318.53947320908645,3201.0981336813543,1.0352346686465845,1715.6621291855834,2800.2304925370577,0.9810488823043484
cms,codes per person,3,1,3,0.10981096536060508,-0.03430575877371678,7834682.804113972,1912558.503800218,873685.9411563177,1024491.0754440015,180.0920104162776,2937049.5792442197,5940.098707539827,2942989.67795176,524.1021981313827,3319.3854015236957,0.999632939412102,823.9081372654662,3469.5008436961866,0.9901968935873516,128.89104342160806,2804.875871489172,0.9980333418750579,598.5511700066439,3553.0350862754544,0.9697915603691359,-7992.261211276037,-3138.8211561784524,0.9970203581371847,-669.0573696564387,4911.953443764983,1.050949154601194,318.53947320908645,3846.0771574246833,1.0350807394412285,1715.6621291855834,3571.3106068904513,0.9846541415329697
cms,reach,0.02,1,3,0.10981096536060508,0.0966782557418343,7834682.804113972,229295.21795940108,498474.9449717012,702867.9120395312,20.05171513710739,932163.1299989322,5940.098707539827,938103.228706472,524.1021981313827,1500.4363165145828,0.9998972763738436,823.9081372654662,1601.9384991246657,0.993496325701609,128.89104342160806,882.3402173325854,1.0003562206818537,598.5511700066439,1468.92159268477,0.9686114240594421,-7992.261211276037,-5360.026022402019,1.0140701563357783,-669.0573696564387,1169.0610359600998,1.0406090689167007,318.53947320908645,2236.3449703415613,1.035397828132388,1715.6621291855834,2080.0391690269244,0.9823772929938955
cms,reach,0.04,1,3,0.10981096536060508,0.08947196356066334,7834682.804113972,460735.8668384241,558079.338376228,737293.9506317,40.29104678898318,1198029.8174701242,5940.098707539827,1203969.9161776637,524.1021981313827,1827.806543126693,1.000969466471991,823.9081372654662,1785.9017505825136,0.991497679088181,128.89104342160806,1238.4394165297372,0.999757365007679,598.5511700066439,1660.8957301452292,0.969831336843358,-7992.261211276037,-5019.747513791397,1.0132546501241462,-669.0573696564387,1794.3953080216695,1.0466895185258522,318.53947320908645,2627.796537950001,1.0343087221134448,1715.6621291855834,2203.3702694950653,0.9829150233298214
cms,reach,0.05,1,3,0.10981096536060508,0.08774541329098462,7834682.804113972,572611.532376125,587922.8652746408,756356.2572085271,50.07449973710999,1328967.7895846523,5940.098707539827,1334907.8882921918,524.1021981313827,1962.939863463315,1.0010632456947117,823.9081372654662,1856.6475817993044,0.9908342793607647,128.89104342160806,1301.9745324826501,1.0001270687977561,598.5511700066439,1726.1410542207675,0.970194694417837,-7992.261211276037,-4528.780237301533,1.0174997164423916,-669.0573696564387,2157.6126670492918,1.050871338739286,318.53947320908645,2794.1618685197564,1.036010538666316,1715.6621291855834,2252.671871382973,0.9819947792008118
cms,reach,0.06,1,3,0.10981096536060508,0.0886416874528535,7834682.804113972,686682.8420811755,616415.5243364162,771460.4190020785,60.049960315304084,1458143.261083254,5940.098707539827,1464083.3597907939,524.1021981313827,2101.2664258598174,1.0014125537044567,823.9081372654662,1955.3874455442483,0.9898724141704505,128.89104342160806,1422.2455722497466,1.000029561588404,598.5511700066439,1821.0830394321588,0.9671801731449484,-7992.261211276037,-4125.161495155949,1.020393842180002,-669.0573696564387,2513.6841427844342,1.0548522265308047,318.53947320908645,3021.8659475860163,1.0364459949775213,1715.6621291855834,2263.73655263896,0.9816219298393228
cms,reach,0.075,1,3,0.10981096536060508,0.08613678855926654,7834682.804113972,857671.1343003961,657230.3435325597,781267.0449647241,75.00277336510506,1638938.1792651203,5940.098707539827,1644878.27797266,524.1021981313827,2206.8320090794828,1.0004983486162984,823.9081372654662,2101.5161504240614,0.988888805756103,128.89104342160806,1554.6764180734544,0.9987854916673162,598.5511700066439,1896.2431983420345,0.9630879046751373,-7992.261211276037,-3524.229156579494,1.0075727706516466,-669.0573696564387,2790.5133580349275,1.0580332165314354,318.53947320908645,3294.8558626735266,1.0391745112830075,1715.6621291855834,2338.9783109936834,0.9804121527067983
cms,reach,0.1,1,3,0.10981096536060508,0.07905029445661893,7834682.804113972,1144349.8353814478,711034.9404981292,819633.3249656474,100.07263614336419,1963983.1603470952,5940.098707539827,1969923.259054635,524.1021981313827,2407.2212720753114,0.9979731621231508,823.9081372654662,2395.9456678904858,0.9893296326562088,128.89104342160806,1798.8723906185103,0.9965767993507904,598.5511700066439,2287.4797108491534,0.9614336078408586,-7992.261211276037,-3178.1414279193273,1.0119945403932442,-669.0573696564387,3244.79591448531,1.0603699911975484,318.53947320908645,3486.39499416558,1.0407234496744053,1715.6621291855834,2364.809150579444,0.978165179158315
cms,reach,0.25,1,3,0.10981096536060508,0.038895093329714636,7834682.804113972,2860139.9884843696,1123809.2531737562,1022614.0929190103,250.11735007702035,3882754.08140338,5940.098707539827,3888694.180110919,524.1021981313827,4046.1902767261467,0.9889253957841321,823.9081372654662,3544.777371780437,0.963980596607502,128.89104342160806,3501.339023205999,0.9893702119571288,598.5511700066439,3667.490935285333,0.95453298593215,-7992.261211276037,-608.1217967768246,1.0418710609106725,-669.0573696564387,6280.866217933986,1.0914125975825646,318.53947320908645,5946.287933853421,1.0565141263549795,1715.6621291855834,3194.1263553994586,0.9288166097380371
cms,reach,0.5,1,3,0.10981096536060508,-0.04526472317879615,7834682.804113972,5455932.804844027,1785487.9323825196,1418682.0308534098,500.08456725291995,6874614.835697438,5940.098707539827,6880554.934404977,524.1021981313827,7361.025269470811,0.9880462085758386,823.9081372654662,5886.913840407523,0.9427290110466304,128.89104342160806,6364.538274703999,0.9723902073850744,598.5511700066439,6099.795573185538,0.9468337557714436,-7992.261211276037,4261.6988675797,1.0770876863161858,-669.0573696564387,10895.877521620738,1.1354442142806682,318.53947320908645,11824.007786650649,1.1088170808483,1715.6621291855834,5012.929004580784,0.8914134290510909
cms,reach,1.0,1,3,0.10981096536060508,-0.06515162613602343,7834682.804113972,6393847.38326238,1489389.8301071322,1295677.3444388509,713.0629681113409,7689524.727701231,5940.098707539827,7695464.826408772,524.1021981313827,8355.688398100388,0.9850489526843763,823.9081372654662,7127.903729501945,0.9489069655458202,128.89104342160806,7541.426861726881,0.9803060529839459,598.5511700066439,7312.650736717679,0.9425732152696332,-7992.261211276037,4485.985399202583,1.049070902756265,-669.0573696564387,11451.082055857596,1.1080990791459377,318.53947320908645,12470.207848814187,1.0947701349271297,1715.6621291855834,6011.575383386004,0.9008764416530052
cms,tilt,0.0,1,3,0.10981096536060508,0.10053127815930352,7834682.804113972,686682.8420811755,0.0,0.0,60.049960315304084,686682.8420811755,5940.098707539827,692622.9407887153,524.1021981313827,1362.7768708257493,1.0,823.9081372654662,1308.8610379382085,1.0,128.89104342160806,819.4424535115589,1.0,598.5511700066439,1143.4423570973092,1.0,-7992.261211276037,-6009.011936061787,1.0,-669.0573696564387,1379.5023648392832,1.0,318.53947320908645,1505.9143162371608,1.0,1715.6621291855834,2012.7286524203341,1.0
cms,tilt,0.05,1,3,0.10981096536060508,0.0977760004858903,7834682.804113972,686682.8420811755,154094.65796484458,192853.5617715265,60.049960315304084,879536.4038527021,5940.098707539827,885476.5025602418,524.1021981313827,1547.583724867255,1.0003531172907747,823.9081372654662,1469.2521957355057,0.997468255076648,128.89104342160806,970.1375548103158,1.0000073899547857,598.5511700066439,1308.638051178032,0.9917955343530016,-7992.261211276037,-5530.910784619553,1.0050981554020715,-669.0573696564387,1674.537416990981,1.0137122359060857,318.53947320908645,1895.1450433205312,1.0091109534210636,1715.6621291855834,2074.607969181379,0.9954057574417644
cms,tilt,0.1,1,3,0.10981096536060508,0.09488299732530414,7834682.804113972,686682.8420811755,308195.4644305207,385714.8185553318,60.049960315304084,1072397.6606365074,5940.098707539827,1078337.759344047,524.1021981313827,1732.2675201659017,1.0007062486712135,823.9081372654662,1630.4660743923819,0.9949364091346365,128.89104342160806,1120.8364416045042,1.0000147802044363,598.5511700066439,1476.5964088345484,0.9835907413412229,-7992.261211276037,-5057.616508376863,1.0101965142246452,-669.0573696564387,1961.70856704887,1.0274250189414167,318.53947320908645,2277.425287062024,1.018222270376499,1715.6621291855834,2137.0636394223948,0.9908113315695543
cms,tilt,0.2,1,3,0.10981096536060508,0.0886416874528535,7834682.804113972,686682.8420811755,616415.5243364162,771460.4190020785,60.049960315304084,1458143.261083254,5940.098707539827,1464083.3597907939,524.1021981313827,2101.2664258598174,1.0014125537044567,823.9081372654662,1955.3874455442483,0.9898724141704505,128.89104342160806,1422.2455722497466,1.000029561588404,598.5511700066439,1821.0830394321588,0.9671801731449484,-7992.261211276037,-4125.161495155949,1.020393842180002,-669.0573696564387,2513.6841427844342,1.0548522265308047,318.53947320908645,3021.8659475860163,1.0364459949775213,1715.6621291855834,2263.73655263896,0.9816219298393228
cms,tilt,0.3,1,3,0.10981096536060508,0.08171177816806052,7834682.804113972,686682.8420811755,924660.1826620543,1157236.8050252006,60.049960315304084,1843919.6471063762,5940.098707539827,1849859.7458139157,524.1021981313827,2469.7745689242483,1.0021189151064758,823.9081372654662,2283.6767134353017,0.9848080150590657,128.89104342160806,1723.6698465884967,1.0000443441520441,598.5511700066439,2177.490487711897,0.950768295254409,-7992.261211276037,-3211.086871219093,1.0305919839634832,-669.0573696564387,3037.7240640670216,1.0822816230301713,318.53947320908645,3740.636473560994,1.0546711739771548,1715.6621291855834,2392.813959522785,0.9724317947215205
cms,tilt,0.5,1,3,0.10981096536060508,0.06528882930943902,7834682.804113972,686682.8420811755,1541223.3063524084,1928881.9485433553,60.049960315304084,2615564.790624531,5940.098707539827,2621504.889332071,524.1021981313827,3205.322478201616,1.0035318070438384,823.9081372654662,2950.5705881220188,0.9746780042011601,128.89104342160806,2326.5638309119354,1.000073912818906,598.5511700066439,2928.6316467417923,0.9179406097633414,-7992.261211276037,-1435.9469477091245,1.0509907094045503,-669.0573696564387,4010.071290681185,1.137146983807078,318.53947320908645,5106.301103716752,1.0911258958687458,1715.6621291855834,2658.461404368326,0.9540493239719945
cms,selection rule,smooth,1,3,0.10981096536060508,-0.41750986696730163,7834682.804113972,686682.8420811755,23017823.903842427,17339789.687579393,60.049960315304084,18026472.52966057,5940.098707539827,18032412.628368106,524.1021981313827,19678.6407838417,1.478991722016023,823.9081372654662,21178.83737584069,0.7412336545997845,128.89104342160806,-1354.4769282756972,0.9005590265522455,598.5511700066439,17052.837382160284,0.8158100241290269,-7992.261211276037,24673.75283378529,2.487286385557678,-669.0573696564387,17356.087211530164,2.3181421950415593,318.53947320908645,25903.47373039301,2.7903343446808067,1715.6621291855834,3858.4763472931268,0.2975475401635354
cms,plausibility,either,1,3,0.10981096536060508,0.0886416874528535,7834682.804113972,686682.8420811755,616415.5243364162,771460.4190020785,60.049960315304084,1458143.261083254,5940.098707539827,1464083.3597907939,524.1021981313827,2101.2664258598174,1.0014125537044567,823.9081372654662,1955.3874455442483,0.9898724141704505,128.89104342160806,1422.2455722497466,1.000029561588404,598.5511700066439,1821.0830394321588,0.9671801731449484,-7992.261211276037,-4125.161495155949,1.020393842180002,-669.0573696564387,2513.6841427844342,1.0548522265308047,318.53947320908645,3021.8659475860163,1.0364459949775213,1715.6621291855834,2263.73655263896,0.9816219298393228
cms,plausibility,system,1,3,0.10981096536060508,0.08377343087914191,7834682.804113972,627935.1093283297,621352.7833518194,773114.3925931401,60.08308963784158,1401049.5019214698,5940.098707539827,1406989.6006290095,524.1021981313827,1948.3113053193536,0.9997623883916507,823.9081372654662,1903.3729253304764,0.9893872164471299,128.89104342160806,1187.577106672093,0.9950960635099305,598.5511700066439,1527.3954641953999,0.9666217863981659,-7992.261211276037,-5127.8770424936065,1.0088391882383998,-669.0573696564387,1563.5154775593514,1.0393819385357295,318.53947320908645,3459.159551550641,1.0431397777974658,1715.6621291855834,2219.842690733444,0.9837866976534642
cms,plausibility,use,1,3,0.10981096536060508,0.09022183190467514,7834682.804113972,686424.1151295716,627760.6246652149,760778.7900915624,60.02733481452817,1447202.905221134,5940.098707539827,1453143.0039286737,524.1021981313827,2077.6032124073326,1.0009485065657937,823.9081372654662,1985.0080037855623,0.9884731977638257,128.89104342160806,1335.3231650260323,0.9988954414139709,598.5511700066439,1785.542019793113,0.9660622573968557,-7992.261211276037,-4179.762135717041,1.0188748882640783,-669.0573696564387,2360.2534531523424,1.0549433539684063,318.53947320908645,3009.0757272107367,1.0375507362448457,1715.6621291855834,2266.4515193250922,0.9803877613605394
cms,plausibility,any,1,3,0.10981096536060508,0.08528389986893048,7834682.804113972,686545.5432514457,592753.7143786782,778920.3827490471,60.03795362346418,1465465.9260004926,5940.098707539827,1471406.0247080326,524.1021981313827,2074.9895898843233,1.0006445209509984,823.9081372654662,2342.1041405772817,0.9961611409884087,128.89104342160806,1453.0738194754626,1.0021039166787244,598.5511700066439,1969.4563317437028,0.9656345089399999,-7992.261211276037,-4707.107636343098,1.0122255797562976,-669.0573696564387,1810.2305469481678,1.0450479162503896,318.53947320908645,2567.8967070505346,1.031751732717158,1715.6621291855834,2973.169978915132,0.9944612995164922
cms,plan cost model,WLS,1,3,0.10981096536060508,0.09844669539606488,7834682.804113972,686682.8420811755,282197.4922780794,542943.7171868668,60.049960315304084,1229626.5592680424,5940.098707539827,1235566.6579755822,524.1021981313827,1993.390674223763,1.0194801867570158,823.9081372654662,1719.1438165418465,1.0214064808559276,128.89104342160806,1194.1496270883315,1.0160018965064859,598.5511700066439,1617.9225099165353,0.9982204163808506,-7992.261211276037,-3871.0937268186694,0.9882932281854279,-669.0573696564387,2279.9164414066063,1.0239404369543248,318.53947320908645,2793.563783035587,1.0226125457368582,1715.6621291855834,2056.9685765039103,1.0552412879503856
cms,share of added codes real,0.0,1,3,0.10981096536060508,,,686682.8420811755,,771460.4190020785,,1458143.2610832541,,,,,,,,,,,,,,,,,,,,,,,,,,
cms,share of added codes real,0.25,1,3,0.10981096536060508,,,446514.4943335817,,729838.8574257905,,1176353.3517593723,,,,,,,,,,,,,,,,,,,,,,,,,,
cms,share of added codes real,0.5,1,3,0.10981096536060508,,,185474.855425703,,689925.2591676401,,875400.1145933431,,,,,,,,,,,,,,,,,,,,,,,,,,
cms,share of added codes real,1.0,1,3,0.10981096536060508,,,-286787.1389141387,,619019.030809838,,332231.89189569926,,,,,,,,,,,,,,,,,,,,,,,,,,
cms_pen_1,cost per code,0.0,1,3,0.1104588389216592,0.10164958878140207,7844986.130850175,152550.79199282304,379859.0958728474,720116.7163374849,60.09673875897738,872667.5083303079,16243.42544374291,888910.9337740509,214.1560092358234,1034.4667063103486,0.9971667549247518,698.8844173067374,1404.6616439446782,0.9837491409860716,-107.27045170084187,466.059980397317,0.9915653918776332,765.3160817745326,1474.152851384855,0.9763120112630421,-10153.52876243715,-7443.7815816427365,0.9746473246123327,-948.7148420357943,584.0679491659215,1.0378709340987498,437.0613166235541,2119.9371284210447,1.0452802564199823,1749.355916846367,2013.7899746445137,0.9839089678529698
cms_pen_1,cost per code,250.0,1,3,0.1104588389216592,0.10164958878140207,7844986.130850175,137526.6073030787,379859.0958728474,720116.7163374849,60.09673875897738,857643.3236405635,16243.42544374291,873886.7490843066,214.1560092358234,1034.4667063103486,0.9971667549247518,698.8844173067374,1404.6616439446782,0.9837491409860716,-107.27045170084187,466.059980397317,0.9915653918776332,765.3160817745326,1474.152851384855,0.9763120112630421,-10153.52876243715,-7443.7815816427365,0.9746473246123327,-948.7148420357943,584.0679491659215,1.0378709340987498,437.0613166235541,2119.9371284210447,1.0452802564199823,1749.355916846367,2013.7899746445137,0.9839089678529698
cms_pen_1,cost per code,500.0,1,3,0.1104588389216592,0.10164958878140207,7844986.130850175,122502.42261333435,379859.0958728474,720116.7163374849,60.09673875897738,842619.1389508191,16243.42544374291,858862.5643945622,214.1560092358234,1034.4667063103486,0.9971667549247518,698.8844173067374,1404.6616439446782,0.9837491409860716,-107.27045170084187,466.059980397317,0.9915653918776332,765.3160817745326,1474.152851384855,0.9763120112630421,-10153.52876243715,-7443.7815816427365,0.9746473246123327,-948.7148420357943,584.0679491659215,1.0378709340987498,437.0613166235541,2119.9371284210447,1.0452802564199823,1749.355916846367,2013.7899746445137,0.9839089678529698
cms_pen_1,cost per code,1000.0,1,3,0.1104588389216592,0.10164958878140207,7844986.130850175,92454.05323384565,379859.0958728474,720116.7163374849,60.09673875897738,812570.7695713305,16243.42544374291,828814.1950150735,214.1560092358234,1034.4667063103486,0.9971667549247518,698.8844173067374,1404.6616439446782,0.9837491409860716,-107.27045170084187,466.059980397317,0.9915653918776332,765.3160817745326,1474.152851384855,0.9763120112630421,-10153.52876243715,-7443.7815816427365,0.9746473246123327,-948.7148420357943,584.0679491659215,1.0378709340987498,437.0613166235541,2119.9371284210447,1.0452802564199823,1749.355916846367,2013.7899746445137,0.9839089678529698
cms_pen_1,cost per code,2000.0,1,3,0.1104588389216592,0.10206268301253874,7844986.130850175,32347.93020403921,376433.91677949973,721359.1059886527,60.079309498187115,753707.0361926919,16243.42544374291,769950.4616364348,214.1560092358234,1036.297128310915,0.996818391287353,698.8844173067374,1398.9968596781212,0.9833683361332395,-107.27045170084187,461.0292893710545,0.9913867303618059,765.3160817745326,1458.9704690598824,0.9769765196787032,-10153.52876243715,-7430.15958411934,0.9746608061763657,-948.7148420357943,582.5196272834554,1.0368511331091137,437.0613166235541,2122.2652246020775,1.0457122194583879,1749.355916846367,2030.0517807624499,0.9846354360521229
cms_pen_1,cost per code,3000.0,1,3,0.1104588389216592,0.10221247601246597,7844986.130850175,0.0,352975.4809938867,720791.5855315034,0.0,720791.5855315034,16243.42544374291,737035.0109752464,214.1560092358234,917.2321894991484,0.9980956143736979,698.8844173067374,1317.7887470538224,0.9858244808231533,-107.27045170084187,348.9050358121608,0.9935250688012988,765.3160817745326,1361.340557997594,0.9763201155514885,-10153.52876243715,-7716.743031843746,0.9570626907509622,-948.7148420357943,257.2483155108269,1.0275179349723451,437.0613166235541,1936.2136665168885,1.0455193352876588,1749.355916846367,1994.473038956776,0.9887776855698285
cms_pen_1,codes per person,1,1,3,0.1104588389216592,0.10164958878140207,7844986.130850175,92454.05323384565,379859.0958728474,720116.7163374849,60.09673875897738,812570.7695713305,16243.42544374291,828814.1950150735,214.1560092358234,1034.4667063103486,0.9971667549247518,698.8844173067374,1404.6616439446782,0.9837491409860716,-107.27045170084187,466.059980397317,0.9915653918776332,765.3160817745326,1474.152851384855,0.9763120112630421,-10153.52876243715,-7443.7815816427365,0.9746473246123327,-948.7148420357943,584.0679491659215,1.0378709340987498,437.0613166235541,2119.9371284210447,1.0452802564199823,1749.355916846367,2013.7899746445137,0.9839089678529698
cms_pen_1,codes per person,2,1,3,0.1104588389216592,0.10020020577915922,7844986.130850175,172007.0640327898,396260.1788072305,741536.3138637195,120.15311930330166,913543.3778965092,16243.42544374291,929786.8033402523,214.1560092358234,1184.3853062963894,0.9951887859595117,698.8844173067374,1525.7940829940658,0.9792935721237206,-107.27045170084187,519.5318441452188,0.9909167075277074,765.3160817745326,1561.0626575059732,0.9756122031078811,-10153.52876243715,-7245.169371211781,0.9772578819588847,-948.7148420357943,890.8995967376617,1.0380423171017281,437.0613166235541,2119.8257450518267,1.0440047123482592,1749.355916846367,2184.3999729319903,0.9817899268886033
cms_pen_1,codes per person,3,1,3,0.1104588389216592,0.09747204244478658,7844986.130850175,251391.85180275905,421609.87660334527,752629.5104169612,180.11982409120347,1004021.3622197203,16243.42544374291,1020264.7876634635,214.1560092358234,1290.233865357206,0.9958567966510842,698.8844173067374,1626.6270015232635,0.9788903931039779,-107.27045170084187,712.5482547761596,0.9894120480774583,765.3160817745326,1669.8451899759505,0.9741755192451664,-10153.52876243715,-7248.4497059713085,0.9773470148143741,-948.7148420357943,1231.838438424309,1.0419559174585262,437.0613166235541,2132.2792780041555,1.0424661993867403,1749.355916846367,2315.5956036191387,0.9833632434366232
cms_pen_1,reach,0.02,1,3,0.1104588389216592,0.1022795076014702,7844986.130850175,30872.210337270248,361266.09936616383,718081.56026116,20.067472378506103,748953.7705984303,16243.42544374291,765197.1960421732,214.1560092358234,954.7235179233983,0.9972671364573771,698.8844173067374,1335.392998110056,0.9851694668010379,-107.27045170084187,390.13971575733376,0.9933075484526604,765.3160817745326,1399.2392719384527,0.9765803013928086,-10153.52876243715,-7633.399035413327,0.9593547497882904,-948.7148420357943,360.36356864071115,1.0295312165733823,437.0613166235541,2006.0425478380448,1.0458248801155308,1749.355916846367,1999.5830182566533,0.9891186760478936
cms_pen_1,reach,0.04,1,3,0.1104588389216592,0.10177429294959994,7844986.130850175,61583.477802710826,371597.3942175604,720408.8093979572,40.03032909782632,781992.287200668,16243.42544374291,798235.712644411,214.1560092358234,989.4438969124797,0.997779139746461,698.8844173067374,1373.8633453015725,0.9852189535079187,-107.27045170084187,420.55501199755315,0.9919835242006961,765.3160817745326,1413.6739952524827,0.9737388274478501,-10153.52876243715,-7538.354263107658,0.9614226684757621,-948.7148420357943,467.92838016774675,1.0322271367554596,437.0613166235541,2077.2038340249683,1.0455842712297878,1749.355916846367,2009.7903162644188,0.9891260294678058
cms_pen_1,reach,0.05,1,3,0.1104588389216592,0.10141141865587966,7844986.130850175,76968.8570460916,374172.93757264485,722005.8965448131,50.03109255552582,798974.7535909046,16243.42544374291,815218.1790346475,214.1560092358234,1013.6164538768403,0.9973142233456724,698.8844173067374,1384.8785148490008,0.98397611458995,-107.27045170084187,452.27432946093774,0.9917808636152096,765.3160817745326,1457.7633230990584,0.9762744144403495,-10153.52876243715,-7429.530186878177,0.9641324751281897,-948.7148420357943,533.9528371401901,1.0343231818125833,437.0613166235541,2098.3161970530728,1.0455746379593611,1749.355916846367,2009.65209609003,0.9886103745351846
cms_pen_1,reach,0.06,1,3,0.1104588389216592,0.10164958878140207,7844986.130850175,92454.05323384565,379859.0958728474,720116.7163374849,60.09673875897738,812570.7695713305,16243.42544374291,828814.1950150735,214.1560092358234,1034.4667063103486,0.9971667549247518,698.8844173067374,1404.6616439446782,0.9837491409860716,-107.27045170084187,466.059980397317,0.9915653918776332,765.3160817745326,1474.152851384855,0.9763120112630421,-10153.52876243715,-7443.7815816427365,0.9746473246123327,-948.7148420357943,584.0679491659215,1.0378709340987498,437.0613166235541,2119.9371284210447,1.0452802564199823,1749.355916846367,2013.7899746445137,0.9839089678529698
cms_pen_1,reach,0.075,1,3,0.1104588389216592,0.10128307219455279,7844986.130850175,115412.47436245819,385150.2245797426,719750.3119167911,75.02011084083789,835162.7862792495,16243.42544374291,851406.2117229925,214.1560092358234,1072.2001752297674,0.9970755407189219,698.8844173067374,1423.9953726898675,0.9831397428998261,-107.27045170084187,498.65836299110913,0.9906319332625643,765.3160817745326,1469.1573681758655,0.9762380323481971,-10153.52876243715,-7397.851312556157,0.9746599397591295,-948.7148420357943,669.5691468414445,1.0389412769979862,437.0613166235541,2150.483796228846,1.0457841891954422,1749.355916846367,2025.542309841254,0.9837492170939729
cms_pen_1,reach,0.1,1,3,0.1104588389216592,0.1012568276666711,7844986.130850175,154012.77852258924,379184.5950996392,706948.2401381854,100.11097829324773,860961.0186607747,16243.42544374291,877204.4441045175,214.1560092358234,1079.5365055980842,0.9964293174484108,698.8844173067374,1457.3867357097217,0.9798010525471674,-107.27045170084187,535.2991297682823,0.9920517009001932,765.3160817745326,1528.864251549952,0.9764792882729908,-10153.52876243715,-7364.678704017104,0.9750271803770368,-948.7148420357943,739.9305407113116,1.03833825872942,437.0613166235541,2158.783973868788,1.0438067636514934,1749.355916846367,2062.892873090666,0.9849680169882064
cms_pen_1,reach,0.25,1,3,0.1104588389216592,0.09979761653444108,7844986.130850175,383909.47397910926,425835.4739672501,701711.235886265,250.10242296102908,1085620.7098653743,16243.42544374291,1101864.1353091171,214.1560092358234,1349.488625172544,0.9883764580262241,698.8844173067374,1695.6205147368894,0.9744183693978204,-107.27045170084187,848.6567887953952,0.9823542499386327,765.3160817745326,1726.6666857811065,0.964745520172829,-10153.52876243715,-7163.928516726346,0.9824891995339676,-948.7148420357943,1367.897315079697,1.0509787540605406,437.0613166235541,2459.268688676965,1.0492117401046905,1749.355916846367,2235.7308260913737,0.9677912330267001
cms_pen_1,reach,0.5,1,3,0.1104588389216592,0.09466386084597056,7844986.130850175,668461.1746864542,555430.6572160972,724653.493912258,500.1182829606827,1393114.6685987122,16243.42544374291,1409358.094042455,214.1560092358234,1850.0336918961775,0.9894098966136878,698.8844173067374,2004.467611732199,0.9671206171404613,-107.27045170084187,1303.6920356914427,0.9808160688760643,765.3160817745326,2383.269707902892,0.9682853173743868,-10153.52876243715,-5932.471823211241,0.9857950996986411,-948.7148420357943,2182.1757849532232,1.0569337602624844,437.0613166235541,3847.8325749880896,1.0685186929265202,1749.355916846367,2540.0362039904376,0.951361321707271
cms_pen_1,reach,1.0,1,3,0.1104588389216592,0.09158073478880202,7844986.130850175,788743.7490857114,536312.3531139101,811191.2668115117,714.5162607012978,1599935.015897223,16243.42544374291,1616178.4413409664,214.1560092358234,2380.359724519757,0.9936368824043553,698.8844173067374,2517.0197288951804,0.9677915635316392,-107.27045170084187,1832.2656339908497,0.9873337611332584,765.3160817745326,2734.037603461637,0.9716586092074999,-10153.52876243715,-5578.55046199576,0.9639423034155167,-948.7148420357943,2484.8593956668483,1.05122727729973,437.0613166235541,4015.3878903479213,1.0592962022222654,1749.355916846367,2882.6339207925116,0.9506530112630547
cms_pen_1,tilt,0.0,1,3,0.1104588389216592,0.11092569080369119,7844986.130850175,92454.05323384565,0.0,0.0,60.09673875897738,92454.05323384565,16243.42544374291,108697.47867758863,214.1560092358234,342.1085365173925,1.0,698.8844173067374,788.731052477003,1.0,-107.27045170084187,6.241177167637872,1.0,765.3160817745326,863.2010408600247,1.0,-10153.52876243715,-9779.46928225707,1.0,-948.7148420357943,-560.9452256325684,1.0,437.0613166235541,625.0051816678823,1.0,1749.355916846367,1777.9511975441253,1.0
cms_pen_1,tilt,0.05,1,3,0.1104588389216592,0.10884336532627792,7844986.130850175,92454.05323384565,94961.72374494908,180023.39663297284,60.09673875897738,272477.44986681856,16243.42544374291,288720.8753105615,214.1560092358234,514.8244627773917,0.9992917114818081,698.8844173067374,940.8243765123424,0.9959374157389786,-107.27045170084187,120.46346630053124,0.997891415698306,765.3160817745326,1013.2044401051306,0.9940781930274867,-10153.52876243715,-9206.739679590977,0.9936620347320445,-948.7148420357943,-266.6470421110453,1.0094674294256005,437.0613166235541,1011.2758775575709,1.0113197005099337,1749.355916846367,1836.194597779311,0.9959773711723127
cms_pen_1,tilt,0.1,1,3,0.1104588389216592,0.10661288205461106,7844986.130850175,92454.05323384565,189925.48092852972,360050.64815099706,60.09673875897738,452504.70138484275,16243.42544374291,468748.12682858575,214.1560092358234,687.7891078133669,0.998583407796861,698.8844173067374,1094.1669045811511,0.9918747444848465,-107.27045170084187,235.1719515048777,0.9957827862449805,765.3160817745326,1165.0089850851712,0.9881562592498714,-10153.52876243715,-8626.644487842483,0.9873239337476878,-948.7148420357943,22.188327774366208,1.0189350615795847,437.0613166235541,1389.0032321416968,1.0226396434113847,1749.355916846367,1894.911644018176,0.9919546562070897
cms_pen_1,tilt,0.2,1,3,0.1104588389216592,0.10164958878140207,7844986.130850175,92454.05323384565,379859.0958728474,720116.7163374849,60.09673875897738,812570.7695713305,16243.42544374291,828814.1950150735,214.1560092358234,1034.4667063103486,0.9971667549247518,698.8844173067374,1404.6616439446782,0.9837491409860716,-107.27045170084187,466.059980397317,0.9915653918776332,765.3160817745326,1474.152851384855,0.9763120112630421,-10153.52876243715,-7443.7815816427365,0.9746473246123327,-948.7148420357943,584.0679491659215,1.0378709340987498,437.0613166235541,2119.9371284210447,1.0452802564199823,1749.355916846367,2013.7899746445137,0.9839089678529698
cms_pen_1,tilt,0.3,1,3,0.1104588389216592,0.09589992803922598,7844986.130850175,92454.05323384565,569800.8453555037,1080198.2055500855,60.09673875897738,1172652.2587839311,16243.42544374291,1188895.684227674,214.1560092358234,1382.1456517428844,0.995750041379775,698.8844173067374,1720.3420044674983,0.9756231894813201,-107.27045170084187,698.9304720659146,0.9873478168863546,765.3160817745326,1790.9033972340126,0.9644672560069268,-10153.52876243715,-6229.691052835725,0.9619701725590584,-948.7148420357943,1125.834830010739,1.0568076176095922,437.0613166235541,2819.9078239233127,1.0679218390880822,1749.355916846367,2134.6337527669143,0.9758629349155049
cms_pen_1,tilt,0.5,1,3,0.1104588389216592,0.0812776885533466,7844986.130850175,92454.05323384565,949708.7500262478,1800407.4510165334,60.09673875897738,1892861.504250379,16243.42544374291,1909104.9296941217,214.1560092358234,2080.5249874858678,0.9929164322556263,698.8844173067374,2367.7880501185314,0.9593702423644555,-107.27045170084187,1170.7218598021536,0.9789121249855879,765.3160817745326,2448.3758596812822,0.940776223556478,-10153.52876243715,-3702.746537593765,0.9366142395592327,-948.7148420357943,2153.2007581142548,1.0946834178147185,437.0613166235541,4134.509606994008,1.113207913651972,1749.355916846367,2382.41590085052,0.9597698352019888
cms_pen_1,selection rule,smooth,1,3,0.1104588389216592,-0.27285726434934543,7844986.130850175,92454.05323384565,8303097.524867153,7974687.9923383985,60.09673875897738,8067142.045572244,16243.42544374291,8083385.471015987,214.1560092358234,9560.046048532933,1.1315412758578662,698.8844173067374,9215.80847549267,0.8416238108610474,-107.27045170084187,3108.9152937595877,0.8194723718042191,765.3160817745326,9122.604876141422,0.9017228650368218,-10153.52876243715,14829.761101494176,1.7125499168899376,-948.7148420357943,11605.286176080754,1.6323842752362332,437.0613166235541,14425.860834737177,2.4025382075827366,1749.355916846367,3064.218574058661,0.6257101885855586
cms_pen_1,plausibility,either,1,3,0.1104588389216592,0.10164958878140207,7844986.130850175,92454.05323384565,379859.0958728474,720116.7163374849,60.09673875897738,812570.7695713305,16243.42544374291,828814.1950150735,214.1560092358234,1034.4667063103486,0.9971667549247518,698.8844173067374,1404.6616439446782,0.9837491409860716,-107.27045170084187,466.059980397317,0.9915653918776332,765.3160817745326,1474.152851384855,0.9763120112630421,-10153.52876243715,-7443.7815816427365,0.9746473246123327,-948.7148420357943,584.0679491659215,1.0378709340987498,437.0613166235541,2119.9371284210447,1.0452802564199823,1749.355916846367,2013.7899746445137,0.9839089678529698
cms_pen_1,plausibility,system,1,3,0.1104588389216592,0.10119556011631703,7844986.130850175,55604.69211398203,385326.55733187567,737781.413156119,60.06095696251058,793386.105270101,16243.42544374291,809629.530713844,214.1560092358234,1029.8925824276364,0.9966178339979035,698.8844173067374,1363.576532257821,0.9843164666359412,-107.27045170084187,445.6461187356259,0.9942836741188767,765.3160817745326,1469.698395578514,0.9758843431565096,-10153.52876243715,-7416.681119877548,0.9594597222667046,-948.7148420357943,448.6893841297039,1.027952857680422,437.0613166235541,2331.830432380846,1.049300509905078,1749.355916846367,2023.6010877557333,0.9887218690369599
cms_pen_1,plausibility,use,1,3,0.1104588389216592,0.10165641089025079,7844986.130850175,92326.8849894958,379167.9190693933,719975.5595497958,60.01407719367207,812302.4445392917,16243.42544374291,828545.8699830346,214.1560092358234,1036.727424096057,0.9971529412733819,698.8844173067374,1399.419787429192,0.9831364280228623,-107.27045170084187,471.14148995919163,0.9918899125893645,765.3160817745326,1443.7301446617303,0.9771724986659233,-10153.52876243715,-7429.842601070917,0.9746240916919848,-948.7148420357943,561.1614844573968,1.037610696721234,437.0613166235541,2119.963908252164,1.0452824486012262,1749.355916846367,2043.0721403533264,0.9849014641255915
cms_pen_1,plausibility,any,1,3,0.1104588389216592,0.10097250011555625,7844986.130850175,92546.31163805077,380424.1499525727,727732.9066003895,60.156708322472994,820279.2182384402,16243.42544374291,836522.6436821832,214.1560092358234,1066.9428483611605,0.9982368745137911,698.8844173067374,1431.5547626948849,0.9839430758929804,-107.27045170084187,500.0339352146734,0.993344225315129,765.3160817745326,1479.5685488804897,0.9766285101096186,-10153.52876243715,-7491.370333843692,0.961663197935664,-948.7148420357943,565.7542854356668,1.0350253629108286,437.0613166235541,2151.317107087001,1.0457830951209213,1749.355916846367,2079.790408259332,0.9889256438957229
cms_pen_1,plan cost model,WLS,1,3,0.1104588389216592,0.11073694178482074,7844986.130850175,92454.05323384565,11827.795558791704,488367.02167346183,60.09673875897738,580821.0749073075,16243.42544374291,597064.5003510503,214.1560092358234,857.380131419994,1.008884389750388,698.8844173067374,1190.5954366434446,1.0193873748707318,-107.27045170084187,345.6594243172306,1.0070074596755798,765.3160817745326,1267.1258759144284,1.008228837119848,-10153.52876243715,-7995.689739970069,0.9261475011852872,-948.7148420357943,418.06608212356315,0.9921658350076734,437.0613166235541,1692.819454099295,1.0155546266934965,1749.355916846367,1767.3415186880875,1.0637221554091152
cms_pen_1,share of added codes real,0.0,1,3,0.1104588389216592,,,92454.05323384565,,720116.7163374849,,812570.7695713305,,,,,,,,,,,,,,,,,,,,,,,,,,
cms_pen_1,share of added codes real,0.25,1,3,0.1104588389216592,,,5363.96839807517,,711662.3452086122,,717026.3136066874,,,,,,,,,,,,,,,,,,,,,,,,,,
cms_pen_1,share of added codes real,0.5,1,3,0.1104588389216592,,,-72732.64606327866,,708521.0218880257,,635788.375824747,,,,,,,,,,,,,,,,,,,,,,,,,,
cms_pen_1,share of added codes real,1.0,1,3,0.1104588389216592,,,-238639.42381423438,,695856.6232216826,,457217.19940744824,,,,,,,,,,,,,,,,,,,,,,,,,,
cms_robust_adv,cost per code,0.0,1,3,0.11103214231673775,0.10604069694120655,7083325.557710564,171156.24055398424,280385.2435400477,660680.0285713149,60.066276158595755,831836.2691252992,-745417.1476958682,86419.12142943099,-530.6208040095424,209.63278654292557,0.9972999152889402,119.62998077922238,754.3065516450204,0.9905263458126194,-781.6752866100371,-179.01947972490916,0.9948407527036202,90.74517760969394,715.9940222438851,0.976531005131085,-11699.291404101792,-9279.397604248228,0.9515724839310093,-1685.9607323391074,-189.36628249248568,1.0361320829132636,-1316.6290994544054,320.74452649927946,1.026790664855665,1323.7408549975607,1540.646310255809,1.010826442228586
cms_robust_adv,cost per code,250.0,1,3,0.11103214231673775,0.10604069694120655,7083325.557710564,156139.67151433532,280385.2435400477,660680.0285713149,60.066276158595755,816819.7000856502,-745417.1476958682,71402.55238978204,-530.6208040095424,209.63278654292557,0.9972999152889402,119.62998077922238,754.3065516450204,0.9905263458126194,-781.6752866100371,-179.01947972490916,0.9948407527036202,90.74517760969394,715.9940222438851,0.976531005131085,-11699.291404101792,-9279.397604248228,0.9515724839310093,-1685.9607323391074,-189.36628249248568,1.0361320829132636,-1316.6290994544054,320.74452649927946,1.026790664855665,1323.7408549975607,1540.646310255809,1.010826442228586
cms_robust_adv,cost per code,500.0,1,3,0.11103214231673775,0.10604069694120655,7083325.557710564,141123.10247468634,280385.2435400477,660680.0285713149,60.066276158595755,801803.1310460013,-745417.1476958682,56385.98335013311,-530.6208040095424,209.63278654292557,0.9972999152889402,119.62998077922238,754.3065516450204,0.9905263458126194,-781.6752866100371,-179.01947972490916,0.9948407527036202,90.74517760969394,715.9940222438851,0.976531005131085,-11699.291404101792,-9279.397604248228,0.9515724839310093,-1685.9607323391074,-189.36628249248568,1.0361320829132636,-1316.6290994544054,320.74452649927946,1.026790664855665,1323.7408549975607,1540.646310255809,1.010826442228586
cms_robust_adv,cost per code,1000.0,1,3,0.11103214231673775,0.10604069694120655,7083325.557710564,111089.9643953885,280385.2435400477,660680.0285713149,60.066276158595755,771769.9929667035,-745417.1476958682,26352.845270835227,-530.6208040095424,209.63278654292557,0.9972999152889402,119.62998077922238,754.3065516450204,0.9905263458126194,-781.6752866100371,-179.01947972490916,0.9948407527036202,90.74517760969394,715.9940222438851,0.976531005131085,-11699.291404101792,-9279.397604248228,0.9515724839310093,-1685.9607323391074,-189.36628249248568,1.0361320829132636,-1316.6290994544054,320.74452649927946,1.026790664855665,1323.7408549975607,1540.646310255809,1.010826442228586
cms_robust_adv,cost per code,2000.0,1,3,0.11103214231673775,0.10530830528456847,7083325.557710564,51080.3347780554,279685.0564833745,673172.9190608634,60.132961788515765,724253.2538389189,-745417.1476958682,-21163.893856949333,-530.6208040095424,228.28430739645154,0.9973896834609233,119.62998077922238,764.1203708230944,0.9911295849892456,-781.6752866100371,-163.768836610962,0.9950007110898407,90.74517760969394,711.073511790305,0.9775569035658928,-11699.291404101792,-9332.758943970175,0.9571558406649531,-1685.9607323391074,-168.18987248149776,1.0385531901600413,-1316.6290994544054,288.58417793759503,1.0255969975668038,1323.7408549975607,1493.0231732830375,1.0105130318891788
cms_robust_adv,cost per code,3000.0,1,3,0.11103214231673775,0.10616011113347801,7083325.557710564,0.0,237551.44708361526,663665.2450478954,0.0,663665.2450478954,-745417.1476958682,-81751.9026479729,-530.6208040095424,108.90171661850579,0.9990903969214422,119.62998077922238,643.3808616776415,0.9937626732629399,-781.6752866100371,-279.8949988604705,0.9989520084692158,90.74517760969394,617.5332213349238,0.9774742768389133,-11699.291404101792,-9579.481590359925,0.9461576104282728,-1685.9607323391074,-543.5168562064621,1.0298975623866238,-1316.6290994544054,116.03043277107135,1.0211536693409005,1323.7408549975607,1481.6282296561142,1.0155615764048513
cms_robust_adv,codes per person,1,1,3,0.11103214231673775,0.10604069694120655,7083325.557710564,111089.9643953885,280385.2435400477,660680.0285713149,60.066276158595755,771769.9929667035,-745417.1476958682,26352.845270835227,-530.6208040095424,209.63278654292557,0.9972999152889402,119.62998077922238,754.3065516450204,0.9905263458126194,-781.6752866100371,-179.01947972490916,0.9948407527036202,90.74517760969394,715.9940222438851,0.976531005131085,-11699.291404101792,-9279.397604248228,0.9515724839310093,-1685.9607323391074,-189.36628249248568,1.0361320829132636,-1316.6290994544054,320.74452649927946,1.026790664855665,1323.7408549975607,1540.646310255809,1.010826442228586
cms_robust_adv,codes per person,2,1,3,0.11103214231673775,0.10204286200796897,7083325.557710564,218541.35351115977,314296.13793044625,694868.6699506083,120.0687280098214,913410.023461768,-745417.1476958682,167992.8757658998,-530.6208040095424,414.2650155775222,0.9964264570874495,119.62998077922238,922.9764906297868,0.9882004047358585,-781.6752866100371,-79.97120677607927,0.9920528033544643,90.74517760969394,918.948041169376,0.9811408536417063,-11699.291404101792,-9074.987854189814,0.9623031388336135,-1685.9607323391074,190.5725802386357,1.0451124099392841,-1316.6290994544054,421.8185820549451,1.0242513476328385,1323.7408549975607,1576.159144648889,0.9982564734029679
cms_robust_adv,codes per person,3,1,3,0.11103214231673775,0.09817023348517273,7083325.557710564,316309.4631081765,354099.3325143019,731173.8689165799,180.55850426401778,1047483.3320247565,-745417.1476958682,302066.18432888825,-530.6208040095424,537.4482478302564,0.9931773176938324,119.62998077922238,1037.2366691157204,0.9843128941943131,-781.6752866100371,136.3060333049357,0.9913493429213908,90.74517760969394,1102.9477001097387,0.9825971792157356,-11699.291404101792,-8831.228809538306,0.964534090720186,-1685.9607323391074,312.3911536913137,1.046233057787925,-1316.6290994544054,497.12415895886954,1.0253402781767926,1323.7408549975607,1704.3425873242584,0.9887144167685482
cms_robust_adv,reach,0.02,1,3,0.11103214231673775,0.1063319474376152,7083325.557710564,37093.62345916371,248035.82907781977,668968.4238778059,20.0564996356555,706062.0473369696,-745417.1476958682,-39355.100358898555,-530.6208040095424,146.00771867896202,0.997716917292459,119.62998077922238,686.3098963241216,0.9945259246590231,-781.6752866100371,-254.0714794636794,0.9962463347526483,90.74517760969394,624.844272282899,0.976620149673945,-11699.291404101792,-9460.010680595196,0.949164795229024,-1685.9607323391074,-400.715807566368,1.0312840308550162,-1316.6290994544054,194.87422341465685,1.021302594258278,1323.7408549975607,1490.6023874128796,1.0162598218343246
cms_robust_adv,reach,0.04,1,3,0.11103214231673775,0.10609521320002935,7083325.557710564,74001.03812766158,262660.3595072928,659649.3469514895,40.012316291492226,733650.3850791511,-745417.1476958682,-11766.762616717051,-530.6208040095424,174.2422149058017,0.9966025607598026,119.62998077922238,718.0219463775018,0.9903234616486531,-781.6752866100371,-220.15567412221876,0.9966110044300249,90.74517760969394,696.080849614424,0.9782702597036734,-11699.291404101792,-9374.410139112173,0.9500451416630452,-1685.9607323391074,-298.17734745083624,1.0336312810624213,-1316.6290994544054,255.92744454332507,1.0238847503411352,1323.7408549975607,1519.7916589899733,1.011197712626766
cms_robust_adv,reach,0.05,1,3,0.11103214231673775,0.10589724635339726,7083325.557710564,92651.35845609683,272899.4651113736,665394.7056797383,50.09653314574272,758046.0641358352,-745417.1476958682,12628.916439966846,-530.6208040095424,201.29251051776347,0.997308155900394,119.62998077922238,736.2654773755977,0.9907614155251677,-781.6752866100371,-190.55716815722974,0.9954156634113583,90.74517760969394,713.8026734391342,0.9765216419860164,-11699.291404101792,-9330.97996445316,0.9501564790500993,-1685.9607323391074,-237.07830208717152,1.0348255429849884,-1316.6290994544054,306.7202261224481,1.0253459348086926,1323.7408549975607,1528.2956017902247,1.0104728450703004
cms_robust_adv,reach,0.06,1,3,0.11103214231673775,0.10604069694120655,7083325.557710564,111089.9643953885,280385.2435400477,660680.0285713149,60.066276158595755,771769.9929667035,-745417.1476958682,26352.845270835227,-530.6208040095424,209.63278654292557,0.9972999152889402,119.62998077922238,754.3065516450204,0.9905263458126194,-781.6752866100371,-179.01947972490916,0.9948407527036202,90.74517760969394,715.9940222438851,0.976531005131085,-11699.291404101792,-9279.397604248228,0.9515724839310093,-1685.9607323391074,-189.36628249248568,1.0361320829132636,-1316.6290994544054,320.74452649927946,1.026790664855665,1323.7408549975607,1540.646310255809,1.010826442228586
cms_robust_adv,reach,0.075,1,3,0.11103214231673775,0.10605438149595547,7083325.557710564,138822.30320605147,285315.94931229047,665597.6603315835,75.06113488045322,804419.9635376349,-745417.1476958682,59002.815841766824,-530.6208040095424,253.29324168680017,0.9978123277973582,119.62998077922238,784.7936859117332,0.9901721805696201,-781.6752866100371,-133.6008821356361,0.995374224261644,90.74517760969394,752.7227401679128,0.9782990787005735,-11699.291404101792,-9276.698542078524,0.9501055175838529,-1685.9607323391074,-93.81558117848326,1.0372194246075868,-1316.6290994544054,365.13005391368984,1.027487462535029,1323.7408549975607,1553.393252326538,1.0105954472185406
cms_robust_adv,reach,0.1,1,3,0.11103214231673775,0.10531024877228257,7083325.557710564,185216.2188611853,301033.2943593202,673165.7512730386,100.14629684793287,858381.9701342238,-745417.1476958682,112964.82243835565,-530.6208040095424,299.6523197640754,0.9944913272122125,119.62998077922238,841.7205378537132,0.9852772875801908,-781.6752866100371,-82.62414980036723,0.993796154772811,90.74517760969394,790.8955005356844,0.9778157561503292,-11699.291404101792,-9078.773399768139,0.9534157155811823,-1685.9607323391074,78.2938674225647,1.0398141293284464,-1316.6290994544054,436.37841910876193,1.0282714400039379,1323.7408549975607,1603.7002313840585,0.9972826632877643
cms_robust_adv,reach,0.25,1,3,0.11103214231673775,0.10496637098387973,7083325.557710564,462554.1394402498,362354.8061496164,669626.4423961279,250.23348705448737,1132180.5818363775,-745417.1476958682,386763.43414050946,-530.6208040095424,627.5774858198494,0.9895386602917144,119.62998077922238,1122.1354005489209,0.9779965525679961,-781.6752866100371,295.21457616138883,0.9881519580367747,90.74517760969394,1072.951698522202,0.9661089234578335,-11699.291404101792,-8931.368734620262,0.9743971475100408,-1685.9607323391074,737.1137857354053,1.0593284653761081,-1316.6290994544054,720.7262797517398,1.0294976781229979,1323.7408549975607,1821.6851078769419,0.9660934704047538
cms_robust_adv,reach,0.5,1,3,0.11103214231673775,0.10179348416025646,7083325.557710564,866726.0430783732,524500.8985930715,701676.9774984752,500.29635673815505,1568403.0205768486,-745417.1476958682,822985.8728809804,-530.6208040095424,1234.711651186448,0.9876661273620175,119.62998077922238,1511.652736731188,0.964510821560338,-781.6752866100371,860.2373477433396,0.9835420060580773,90.74517760969394,1797.3856740004715,0.9710933161353726,-11699.291404101792,-7567.531814052205,0.9837422741134021,-1685.9607323391074,1712.1126401582455,1.0638934149502686,-1316.6290994544054,2416.637843433881,1.0563365973794356,1323.7408549975607,2189.352054597479,0.9514405458110821
cms_robust_adv,reach,1.0,1,3,0.11103214231673775,0.0967553861360434,7083325.557710564,1076770.5425857494,495207.3716385435,731633.2232924538,714.5162607012978,1808403.765878203,-745417.1476958682,1062986.618182335,-530.6208040095424,1757.690805020596,0.9915118459105601,119.62998077922238,2082.70103923972,0.9679969083022478,-781.6752866100371,1419.7523585384904,0.9861913490607318,90.74517760969394,2291.860032674985,0.9764274939719706,-11699.291404101792,-7175.535295984735,0.9766184602231065,-1685.9607323391074,2072.3706274828305,1.060313699680144,-1316.6290994544054,2607.4030191171214,1.0413480490109919,1323.7408549975607,2644.80500777039,0.9340700287477808
cms_robust_adv,tilt,0.0,1,3,0.11103214231673775,0.11186832713212658,7083325.557710564,111089.9643953885,0.0,0.0,60.066276158595755,111089.9643953885,-745417.1476958682,-634327.1833004798,-530.6208040095424,-403.41366303289595,1.0,119.62998077922238,211.47156444052388,1.0,-781.6752866100371,-662.0160872944639,1.0,90.74517760969394,192.4066918020594,1.0,-11699.291404101792,-11482.386427030691,1.0,-1685.9607323391074,-1344.0052835451993,1.0,-1316.6290994544054,-1108.852500725946,1.0,1323.7408549975607,1375.4767652549851,1.0
cms_robust_adv,tilt,0.05,1,3,0.11103214231673775,0.11058413259678468,7083325.557710564,111089.9643953885,70093.41286124408,165163.17844385156,60.066276158595755,276253.1428392401,-745417.1476958682,-469164.004856628,-530.6208040095424,-250.4689525811695,0.9993250067299436,119.62998077922238,346.2081948566775,0.9976316843715568,-781.6752866100371,-541.7397491395336,0.9987102415011838,90.74517760969394,320.98056631176627,0.9941329938551122,-11699.291404101792,-10951.91005992407,0.9878936215229764,-1685.9607323391074,-1047.605297179052,1.009032647272018,-1316.6290994544054,-744.3347693506805,1.0066973893092457,1323.7408549975607,1417.101817339321,1.002706498656511
cms_robust_adv,tilt,0.1,1,3,0.11103214231673775,0.10919204432971641,7083325.557710564,111089.9643953885,140188.75768508154,330330.9092282099,60.066276158595755,441420.8736235984,-745417.1476958682,-303996.2740722699,-530.6208040095424,-97.313265597335,0.9986499948552611,119.62998077922238,481.5898005585054,0.9952633034659784,-781.6752866100371,-421.14902573821934,0.9974204474531616,90.74517760969394,451.08464860229026,0.9882658259997877,-11699.291404101792,-10408.255514685126,0.9757869093616675,-1685.9607323391074,-756.4568953541864,1.0180655435080388,-1316.6290994544054,-384.62528618399955,1.013394963216517,1323.7408549975607,1458.503904248098,1.0054130719113898
cms_robust_adv,tilt,0.2,1,3,0.11103214231673775,0.10604069694120655,7083325.557710564,111089.9643953885,280385.2435400477,660680.0285713149,60.066276158595755,771769.9929667035,-745417.1476958682,26352.845270835227,-530.6208040095424,209.63278654292557,0.9972999152889402,119.62998077922238,754.3065516450204,0.9905263458126194,-781.6752866100371,-179.01947972490916,0.9948407527036202,90.74517760969394,715.9940222438851,0.976531005131085,-11699.291404101792,-9279.397604248228,0.9515724839310093,-1685.9607323391074,-189.36628249248568,1.0361320829132636,-1316.6290994544054,320.74452649927946,1.026790664855665,1323.7408549975607,1540.646310255809,1.010826442228586
cms_robust_adv,tilt,0.3,1,3,0.11103214231673775,0.10231158019480446,7083325.557710564,111089.9643953885,420589.45820396056,991047.359535158,60.066276158595755,1102137.3239305464,-745417.1476958682,356720.17623467837,-530.6208040095424,517.4280026339829,0.9959497612948836,119.62998077922238,1029.6594951740115,0.9857891270183309,-781.6752866100371,64.38250263571058,0.9922609157396161,90.74517760969394,987.362725237968,0.9647955373403998,-11699.291404101792,-8091.520847862428,0.9273567235976486,-1685.9607323391074,358.31674694664423,1.054199618298028,-1316.6290994544054,1007.9839844260028,1.040187104978507,1323.7408549975607,1621.9180498366331,1.016240110976265
cms_robust_adv,tilt,0.5,1,3,0.11103214231673775,0.09253555581332362,7083325.557710564,111089.9643953885,701021.0765152277,1651836.6623492548,60.066276158595755,1762926.6267446433,-745417.1476958682,1017509.4790487754,-530.6208040095424,1135.5800610052227,0.9932492299989422,119.62998077922238,1588.4283470642908,0.9763139059205805,-781.6752866100371,555.0441097133536,0.9871008151211781,90.74517760969394,1550.4467305089945,0.9413226607790887,-11699.291404101792,-5519.175760847964,0.8789211977812473,-1685.9607323391074,1399.313308269887,1.0903376773356328,-1316.6290994544054,2330.79783203625,1.0669822009195524,1323.7408549975607,1781.9043206081158,1.027068343861788
cms_robust_adv,selection rule,smooth,1,3,0.11103214231673775,-0.009807560699809592,7083325.557710564,111089.9643953885,4756335.264792953,5085428.4282148555,60.066276158595755,5196518.3926102435,-745417.1476958682,4451101.244914375,-530.6208040095424,5112.218045561837,1.0991875298064158,119.62998077922238,4382.279528793513,0.8454116104391283,-781.6752866100371,842.2700764182144,0.941332342855325,90.74517760969394,5701.601791945115,0.8873460154910982,-11699.291404101792,7791.278083746018,1.129582200295039,-1685.9607323391074,6932.713951035862,1.5763204822083465,-1316.6290994544054,8792.212614387996,1.6034168245043399,1323.7408549975607,3408.703074269179,0.8613246830919451
cms_robust_adv,plausibility,either,1,3,0.11103214231673775,0.10604069694120655,7083325.557710564,111089.9643953885,280385.2435400477,660680.0285713149,60.066276158595755,771769.9929667035,-745417.1476958682,26352.845270835227,-530.6208040095424,209.63278654292557,0.9972999152889402,119.62998077922238,754.3065516450204,0.9905263458126194,-781.6752866100371,-179.01947972490916,0.9948407527036202,90.74517760969394,715.9940222438851,0.976531005131085,-11699.291404101792,-9279.397604248228,0.9515724839310093,-1685.9607323391074,-189.36628249248568,1.0361320829132636,-1316.6290994544054,320.74452649927946,1.026790664855665,1323.7408549975607,1540.646310255809,1.010826442228586
cms_robust_adv,plausibility,system,1,3,0.11103214231673775,0.10442181216086588,7083325.557710564,91433.9367404256,280924.0292213818,682209.5089933703,60.03659557928732,773643.445733796,-745417.1476958682,28226.298037927863,-530.6208040095424,248.6574708391037,0.9980547031083782,119.62998077922238,746.6476716908019,0.9908793589032243,-781.6752866100371,-142.94159145164116,0.9990053300873227,90.74517760969394,835.0613825534243,0.9797060512777193,-11699.291404101792,-9261.514798756834,0.9466600860757517,-1685.9607323391074,-295.4466417072716,1.030791478149638,-1316.6290994544054,513.9501294807612,1.0261511127669902,1323.7408549975607,1569.2850353534755,1.0141228737357195
cms_robust_adv,plausibility,use,1,3,0.11103214231673775,0.10580500587903874,7083325.557710564,111007.53798561191,278506.16847318946,666274.1847596028,60.02170824897991,777281.7227452147,-745417.1476958682,31864.57504934641,-530.6208040095424,245.49538103686342,0.998394929663951,119.62998077922238,763.6925667223434,0.9902269558347371,-781.6752866100371,-159.8108947121386,0.9947541782884429,90.74517760969394,745.461658974062,0.9775034199151188,-11699.291404101792,-9337.794955382662,0.955643433075062,-1685.9607323391074,-163.35413847841073,1.0378311566876888,-1316.6290994544054,265.99675057734413,1.0260999028738635,1323.7408549975607,1530.1149189780485,1.0119212784853728
cms_robust_adv,plausibility,any,1,3,0.11103214231673775,0.10471359706827454,7083325.557710564,111026.74669712938,277086.2106901128,669375.9400360503,60.032094387610314,780402.6867331797,-745417.1476958682,34985.53903731142,-530.6208040095424,241.30496180645082,0.9979406080979636,119.62998077922238,819.75173019593,0.9903435596339425,-781.6752866100371,-122.19419310462618,0.9975877846102879,90.74517760969394,755.6558064110658,0.9768424272230258,-11699.291404101792,-9514.954283197687,0.9517548463110647,-1685.9607323391074,-243.1550057021157,1.0331495694506025,-1316.6290994544054,353.47464597077396,1.026543018397006,1323.7408549975607,1560.5603972141423,1.0117084242033034
cms_robust_adv,plan cost model,WLS,1,3,0.11103214231673775,0.11373922517394364,7083325.557710564,111089.9643953885,-75023.26277521123,461812.98979654995,60.066276158595755,572902.9541919384,-745417.1476958682,-172514.19350392968,-530.6208040095424,71.72088326095474,1.0091990098562464,119.62998077922238,544.7546909710586,1.0246441663021701,-781.6752866100371,-211.2274983425945,1.013733312326698,90.74517760969394,547.7263122642769,1.0146995382445756,-11699.291404101792,-10366.520452501718,0.89386592005435,-1685.9607323391074,-431.7400223603759,0.9892644175641031,-1316.6290994544054,-38.0671418164051,0.9889426207538026,1323.7408549975607,1366.8631295575017,1.0747100129853524
cms_robust_adv,share of added codes real,0.0,1,3,0.11103214231673775,,,111089.9643953885,,660680.0285713149,,771769.9929667034,,,,,,,,,,,,,,,,,,,,,,,,,,
cms_robust_adv,share of added codes real,0.25,1,3,0.11103214231673775,,,24991.5426157185,,656348.9565998911,,681340.4992156096,,,,,,,,,,,,,,,,,,,,,,,,,,
cms_robust_adv,share of added codes real,0.5,1,3,0.11103214231673775,,,-64387.505912023145,,650407.031334315,,586019.5254222918,,,,,,,,,,,,,,,,,,,,,,,,,,
cms_robust_adv,share of added codes real,1.0,1,3,0.11103214231673775,,,-219835.68377397765,,636213.1878858113,,416377.50411183364,,,,,,,,,,,,,,,,,,,,,,,,,,
cms,cost per code,0.0,1,4,0.09315930239337289,0.06464001296653143,7907091.626755608,886871.2129595327,647059.1077233041,767412.6022136302,60.07261824650203,1654283.815173163,625564.9580052975,2279848.7731784605,862.1978844770415,2376.200930870075,0.9953146068332274,211.05933591046988,1408.6527676476792,0.9856753721697356,173.10449874586175,1792.2841127438624,0.9904832277746595,1371.4323138261916,2798.08982850222,0.9860398036606193,-7852.976173041087,-4543.53093754682,1.0027008278961433,1970.7121884099465,4361.317336435263,1.0429871238192892,210.97482942974992,3008.7357595565195,1.036923650975066,1894.2459339669454,2422.8444514752664,0.9855529734588355
cms,cost per code,250.0,1,4,0.09315930239337289,0.06464001296653143,7907091.626755608,871853.0583979073,647059.1077233041,767412.6022136302,60.07261824650203,1639265.6606115375,625564.9580052975,2264830.618616835,862.1978844770415,2376.200930870075,0.9953146068332274,211.05933591046988,1408.6527676476792,0.9856753721697356,173.10449874586175,1792.2841127438624,0.9904832277746595,1371.4323138261916,2798.08982850222,0.9860398036606193,-7852.976173041087,-4543.53093754682,1.0027008278961433,1970.7121884099465,4361.317336435263,1.0429871238192892,210.97482942974992,3008.7357595565195,1.036923650975066,1894.2459339669454,2422.8444514752664,0.9855529734588355
cms,cost per code,500.0,1,4,0.09315930239337289,0.06464001296653143,7907091.626755608,856834.9038362817,647059.1077233041,767412.6022136302,60.07261824650203,1624247.5060499122,625564.9580052975,2249812.4640552094,862.1978844770415,2376.200930870075,0.9953146068332274,211.05933591046988,1408.6527676476792,0.9856753721697356,173.10449874586175,1792.2841127438624,0.9904832277746595,1371.4323138261916,2798.08982850222,0.9860398036606193,-7852.976173041087,-4543.53093754682,1.0027008278961433,1970.7121884099465,4361.317336435263,1.0429871238192892,210.97482942974992,3008.7357595565195,1.036923650975066,1894.2459339669454,2422.8444514752664,0.9855529734588355
cms,cost per code,1000.0,1,4,0.09315930239337289,0.06464001296653143,7907091.626755608,826798.5947130307,647059.1077233041,767412.6022136302,60.07261824650203,1594211.196926661,625564.9580052975,2219776.1549319588,862.1978844770415,2376.200930870075,0.9953146068332274,211.05933591046988,1408.6527676476792,0.9856753721697356,173.10449874586175,1792.2841127438624,0.9904832277746595,1371.4323138261916,2798.08982850222,0.9860398036606193,-7852.976173041087,-4543.53093754682,1.0027008278961433,1970.7121884099465,4361.317336435263,1.0429871238192892,210.97482942974992,3008.7357595565195,1.036923650975066,1894.2459339669454,2422.8444514752664,0.9855529734588355
cms,cost per code,2000.0,1,4,0.09315930239337289,0.06464001296653143,7907091.626755608,766725.9764665287,647059.1077233041,767412.6022136302,60.07261824650203,1534138.5786801588,625564.9580052975,2159703.5366854565,862.1978844770415,2376.200930870075,0.9953146068332274,211.05933591046988,1408.6527676476792,0.9856753721697356,173.10449874586175,1792.2841127438624,0.9904832277746595,1371.4323138261916,2798.08982850222,0.9860398036606193,-7852.976173041087,-4543.53093754682,1.0027008278961433,1970.7121884099465,4361.317336435263,1.0429871238192892,210.97482942974992,3008.7357595565195,1.036923650975066,1894.2459339669454,2422.8444514752664,0.9855529734588355
cms,cost per code,3000.0,1,4,0.09315930239337289,0.06464001296653143,7907091.626755608,706653.3582200267,647059.1077233041,767412.6022136302,60.07261824650203,1474065.9604336568,625564.9580052975,2099630.9184389547,862.1978844770415,2376.200930870075,0.9953146068332274,211.05933591046988,1408.6527676476792,0.9856753721697356,173.10449874586175,1792.2841127438624,0.9904832277746595,1371.4323138261916,2798.08982850222,0.9860398036606193,-7852.976173041087,-4543.53093754682,1.0027008278961433,1970.7121884099465,4361.317336435263,1.0429871238192892,210.97482942974992,3008.7357595565195,1.036923650975066,1894.2459339669454,2422.8444514752664,0.9855529734588355
cms,codes per person,1,1,4,0.09315930239337289,0.06464001296653143,7907091.626755608,826798.5947130307,647059.1077233041,767412.6022136302,60.07261824650203,1594211.196926661,625564.9580052975,2219776.1549319588,862.1978844770415,2376.200930870075,0.9953146068332274,211.05933591046988,1408.6527676476792,0.9856753721697356,173.10449874586175,1792.2841127438624,0.9904832277746595,1371.4323138261916,2798.08982850222,0.9860398036606193,-7852.976173041087,-4543.53093754682,1.0027008278961433,1970.7121884099465,4361.317336435263,1.0429871238192892,210.97482942974992,3008.7357595565195,1.036923650975066,1894.2459339669454,2422.8444514752664,0.9855529734588355
cms,codes per person,2,1,4,0.09315930239337289,0.002201973526397061,7907091.626755608,1380074.680988807,782571.0340964328,911371.3635087307,120.13382321754973,2291446.044497538,625564.9580052975,2917011.002502835,862.1978844770415,3196.8470860249613,0.995815289466132,211.05933591046988,1898.9639906823068,0.9847827679257698,173.10449874586175,2882.5612236477036,0.9954981914618516,1371.4323138261916,3626.7962033707972,0.9884927796952837,-7852.976173041087,-2356.783718876279,1.0142771410444351,1970.7121884099465,5802.933556971982,1.0428224241289248,210.97482942974992,4354.344832276739,1.0372652325659295,1894.2459339669454,2668.7737475077834,0.9872294092958643
cms,codes per person,3,1,4,0.09315930239337289,-0.051087098228682626,7907091.626755608,1918032.1940445632,898100.9995815908,981833.4821689725,180.1033878401721,2899865.676213536,625564.9580052975,3525430.634218833,862.1978844770415,3647.1106789667515,0.9927589099959142,211.05933591046988,2584.5659186779217,0.9857666239316453,173.10449874586175,2914.1169324665966,0.9890550493572369,1371.4323138261916,4441.2614338287485,0.9881973986423533,-7852.976173041087,-2734.058141703865,0.9983790855185409,1970.7121884099465,7216.550132436999,1.0452586640075696,210.97482942974992,4335.968984848427,1.0344700688854835,1894.2459339669454,2921.0811050196507,0.9854259825869022
cms,reach,0.02,1,4,0.09315930239337289,0.08427278274650407,7907091.626755608,275480.8905719801,509631.4273815819,674825.6680298897,20.015585995620633,950306.5586018697,625564.9580052975,1575871.5166071674,862.1978844770415,1745.7224658858352,0.9972760380924807,211.05933591046988,1073.7772976876558,0.9868061283698973,173.10449874586175,1224.6053782420724,0.9936940897918878,1371.4323138261916,1991.9820393478362,0.9901349815571714,-7852.976173041087,-5434.881824733817,0.9994971346616356,1970.7121884099465,3336.568821971002,1.034812507528271,210.97482942974992,2011.1580079263802,1.030342808578798,1894.2459339669454,2330.201005734012,0.9902799111120094
cms,reach,0.04,1,4,0.09315930239337289,0.07466097458081,7907091.626755608,551077.3548625243,580656.5984029209,717411.5748630272,40.03956921871484,1268488.9297255517,625564.9580052975,1894053.8877308487,862.1978844770415,2040.9177844458538,0.9963664135844317,211.05933591046988,1236.984854500382,0.9847657277680536,173.10449874586175,1534.766458947968,0.9935588482225124,1371.4323138261916,2465.4627572156237,0.9886365154414455,-7852.976173041087,-5047.3135252140155,1.002396094527306,1970.7121884099465,3752.515721363945,1.038833595075058,210.97482942974992,2415.0008361592863,1.0330945611036961,1894.2459339669454,2364.2657388931107,0.9869814318694521
cms,reach,0.05,1,4,0.09315930239337289,0.06992056175104167,7907091.626755608,688983.552720507,614207.0190958985,737785.2242249441,50.05940528365706,1426768.776945451,625564.9580052975,2052333.7349507487,862.1978844770415,2199.6233391929895,0.9963749834533391,211.05933591046988,1321.4690698306738,0.9854673904511363,173.10449874586175,1662.935512237266,0.9931425647182077,1371.4323138261916,2613.8553926459726,0.9879642851644389,-7852.976173041087,-4694.323795158718,1.0035816144674674,1970.7121884099465,4088.5004148056846,1.0418091605845305,210.97482942974992,2672.5738102733217,1.034604713893224,1894.2459339669454,2403.926246200471,0.9856327382303288
cms,reach,0.06,1,4,0.09315930239337289,0.06464001296653143,7907091.626755608,826798.5947130307,647059.1077233041,767412.6022136302,60.07261824650203,1594211.196926661,625564.9580052975,2219776.1549319588,862.1978844770415,2376.200930870075,0.9953146068332274,211.05933591046988,1408.6527676476792,0.9856753721697356,173.10449874586175,1792.2841127438624,0.9904832277746595,1371.4323138261916,2798.08982850222,0.9860398036606193,-7852.976173041087,-4543.53093754682,1.0027008278961433,1970.7121884099465,4361.317336435263,1.0429871238192892,210.97482942974992,3008.7357595565195,1.036923650975066,1894.2459339669454,2422.8444514752664,0.9855529734588355
cms,reach,0.075,1,4,0.09315930239337289,0.055128911248581214,7907091.626755608,1035609.2303869531,690444.1429235542,816370.6105583316,75.24415056750541,1851979.8409452846,625564.9580052975,2477544.798950582,862.1978844770415,2570.473956842424,0.9945362858352891,211.05933591046988,1552.222796739575,0.985370185674659,173.10449874586175,1965.4641408857835,0.9900985989015986,1371.4323138261916,2897.8206873025465,0.9863827662345799,-7852.976173041087,-3773.1651919768815,1.0034364606760888,1970.7121884099465,4650.374115241539,1.0419703504196116,210.97482942974992,3485.0807696604847,1.0372003249574238,1894.2459339669454,2458.157501125828,0.9851567953791867
cms,reach,0.1,1,4,0.09315930239337289,0.040474780415063916,7907091.626755608,1378785.0011075083,777858.8236345531,873108.8769776906,100.17823632644449,2251893.8780851993,625564.9580052975,2877458.836090496,862.1978844770415,2927.6225240058684,0.9940515211155669,211.05933591046988,1728.989816685313,0.9821629833902337,173.10449874586175,2293.715494651562,0.9891245161652019,1371.4323138261916,3455.873695383438,0.9898611589624157,-7852.976173041087,-2964.566838307093,1.0119363623197888,1970.7121884099465,5363.580925311801,1.050959602095396,210.97482942974992,4078.1306955737236,1.0392433433642734,1894.2459339669454,2559.3478612272656,0.985398865097981
cms,reach,0.25,1,4,0.09315930239337289,-0.02101501513308257,7907091.626755608,3441312.9963278607,1269522.8999691273,1193097.9010957244,250.0351152228095,4634410.897423585,625564.9580052975,5259975.855428882,862.1978844770415,5231.009610361306,0.9874958011978465,211.05933591046988,3687.863490585106,0.9612963213533308,173.10449874586175,4443.5304717454055,0.9747833933672615,1371.4323138261916,5488.455774627819,0.9871887723330272,-7852.976173041087,239.83523828286746,1.0453167681773925,1970.7121884099465,8667.163460823225,1.0792311202879992,210.97482942974992,7509.824631381496,1.0644777157685787,1894.2459339669454,3677.051540380019,0.9387162510953457
cms,reach,0.5,1,4,0.09315930239337289,-0.10952459767445233,7907091.626755608,6367728.560114492,2038931.0991122355,1518219.7372508259,500.06334226901606,7885948.297365317,625564.9580052975,8511513.255370615,862.1978844770415,8683.266155101568,0.9838732202516597,211.05933591046988,6014.794198255667,0.9359564125758552,173.10449874586175,6940.975902279748,0.9673121062501139,1371.4323138261916,7897.388438837377,0.9699551389757288,-7852.976173041087,7112.1479647357555,1.0991005153933304,1970.7121884099465,14446.595684571625,1.1103004891937924,210.97482942974992,12862.768996421573,1.1230070904303757,1894.2459339669454,5107.446083571788,0.8765832936736382
cms,reach,1.0,1,4,0.09315930239337289,-0.12870249935778788,7907091.626755608,7231497.805476926,1754974.6957850633,1353067.5931680864,694.7733631503023,8584565.398645012,625564.9580052975,9210130.35665031,862.1978844770415,9623.786555018998,0.9842986143492604,211.05933591046988,7066.264533544149,0.9344187171723233,173.10449874586175,7939.613463830642,0.9669595144236885,1371.4323138261916,8929.723209335883,0.9708882596224411,-7852.976173041087,7217.47613764465,1.0587535888829025,1970.7121884099465,15274.809703523768,1.1051172725117793,210.97482942974992,13585.444105615212,1.105999429649255,1894.2459339669454,5894.854762597003,0.8822937122156324
cms,tilt,0.0,1,4,0.09315930239337289,0.0754190793392685,7907091.626755608,826798.5947130307,0.0,0.0,60.07261824650203,826798.5947130307,625564.9580052975,1452363.552718328,862.1978844770415,1646.2872412309496,1.0,211.05933591046988,670.7812281911738,1.0,173.10449874586175,941.4450878658454,1.0,1371.4323138261916,2189.7080506560465,1.0,-7852.976173041087,-6459.400851045698,1.0,1970.7121884099465,3458.507743840336,1.0,210.97482942974992,1817.6531754010166,1.0,1894.2459339669454,2041.6584413525818,1.0
cms,tilt,0.05,1,4,0.09315930239337289,0.0729373881510883,7907091.626755608,826798.5947130307,161762.60248344898,191850.57165713786,60.07261824650203,1018649.1663701687,625564.9580052975,1644214.1243754658,862.1978844770415,1828.121227164895,0.9988286674536083,211.05933591046988,853.2577032686355,0.9964188911804618,173.10449874586175,1152.630145012322,0.9976208389248548,1371.4323138261916,2340.2034261070385,0.9965099978285077,-7852.976173041087,-5979.470267750111,1.0006751978978816,1970.7121884099465,3691.406397436394,1.010746636496244,210.97482942974992,2123.5904084678564,1.0092307886615381,1894.2459339669454,2135.9173660299984,0.9963882919140585
cms,tilt,0.1,1,4,0.09315930239337289,0.0703211975341036,7907091.626755608,826798.5947130307,323526.65458549344,383702.8625630488,60.07261824650203,1210501.4572760796,625564.9580052975,1836066.4152813768,862.1978844770415,2010.383824723219,0.9976573244104433,211.05933591046988,1037.0521956434225,0.9928377502691924,173.10449874586175,1364.8267992357032,0.9952416565291078,1371.4323138261916,2491.7580065763386,0.9930199643817271,-7852.976173041087,-5500.1826145388395,1.0013504018464787,1970.7121884099465,3919.40664461677,1.0214933692973442,210.97482942974992,2423.9846075760474,1.0184616600438205,1894.2459339669454,2230.8629700836545,0.9927765514621743
cms,tilt,0.2,1,4,0.09315930239337289,0.06464001296653143,7907091.626755608,826798.5947130307,647059.1077233041,767412.6022136302,60.07261824650203,1594211.196926661,625564.9580052975,2219776.1549319588,862.1978844770415,2376.200930870075,0.9953146068332274,211.05933591046988,1408.6527676476792,0.9856753721697356,173.10449874586175,1792.2841127438624,0.9904832277746595,1371.4323138261916,2798.08982850222,0.9860398036606193,-7852.976173041087,-4543.53093754682,1.0027008278961433,1970.7121884099465,4361.317336435263,1.0429871238192892,210.97482942974992,3008.7357595565195,1.036923650975066,1894.2459339669454,2422.8444514752664,0.9855529734588355
cms,tilt,0.3,1,4,0.09315930239337289,0.058271441372451105,7907091.626755608,826798.5947130307,970597.3595693224,1151129.2191366327,60.07261824650203,1977927.8138496636,625564.9580052975,2603492.7718549613,862.1978844770415,2743.7507839371992,0.992971847267223,211.05933591046988,1785.7001232594778,0.9785128656981774,173.10449874586175,2223.876162505177,0.9857247137343622,1371.4323138261916,3108.7952161247067,0.9790595178333128,-7852.976173041087,-3589.4355329004393,1.0040512781496445,1970.7121884099465,4785.389556033189,1.0644812635761913,210.97482942974992,3573.0386007489496,1.0553859728026318,1894.2459339669454,2617.6644734426704,0.9783292659865032
cms,tilt,0.5,1,4,0.09315930239337289,0.042915257827673914,7907091.626755608,826798.5947130307,1617691.2600095868,1918583.0855394881,60.07261824650203,2745381.680252519,625564.9580052975,3370946.6382578164,862.1978844770415,3484.0982096711036,0.9882862021643345,211.05933591046988,2556.621332699623,0.964187467624954,173.10449874586175,3099.7067830777355,0.9762074297870498,1371.4323138261916,3743.706769013839,0.9650985708466506,-7852.976173041087,-1688.8726661190483,1.0067522512707594,1970.7121884099465,5584.171422544718,1.1074706988362966,210.97482942974992,4644.444761727302,1.092311609182311,1894.2459339669454,3016.075733500255,0.9638814626209351
cms,selection rule,smooth,1,4,0.09315930239337289,-1.0902201177979487,7907091.626755608,826798.5947130307,36757014.21535393,26947477.454178154,60.07261824650203,27774276.048891187,625564.9580052975,28399841.006896485,862.1978844770415,17170.137821519827,0.9883476216279391,211.05933591046988,13196.53744440552,0.22569052273515908,173.10449874586175,20878.236350979587,0.4076276077555034,1371.4323138261916,14219.742571527668,0.2635877012502536,-7852.976173041087,33004.26988997322,3.236624786090052,1970.7121884099465,22908.625282374003,1.0264502393067,210.97482942974992,31205.408272027853,4.002082396962505,1894.2459339669454,12260.828018763319,0.10727166219393564
cms,plausibility,either,1,4,0.09315930239337289,0.06464001296653143,7907091.626755608,826798.5947130307,647059.1077233041,767412.6022136302,60.07261824650203,1594211.196926661,625564.9580052975,2219776.1549319588,862.1978844770415,2376.200930870075,0.9953146068332274,211.05933591046988,1408.6527676476792,0.9856753721697356,173.10449874586175,1792.2841127438624,0.9904832277746595,1371.4323138261916,2798.08982850222,0.9860398036606193,-7852.976173041087,-4543.53093754682,1.0027008278961433,1970.7121884099465,4361.317336435263,1.0429871238192892,210.97482942974992,3008.7357595565195,1.036923650975066,1894.2459339669454,2422.8444514752664,0.9855529734588355
cms,plausibility,system,1,4,0.09315930239337289,0.059784780651124914,7907091.626755608,801621.1876053688,670862.4138231734,717778.813674053,60.06523144509872,1519400.0012794216,625564.9580052975,2144964.9592847186,862.1978844770415,2566.9860207059523,0.9975494922998736,211.05933591046988,1326.2386601689243,0.9824503320875329,173.10449874586175,1237.7538489762428,0.9925379182991101,1371.4323138261916,2400.7178724586693,0.9878329037090458,-7852.976173041087,-3024.5961809822907,1.0196994546440037,1970.7121884099465,5208.0257128774065,1.0454887226862208,210.97482942974992,2863.7577456677723,1.0348542682356152,1894.2459339669454,2535.6715665419974,0.984780472731942
cms,plausibility,use,1,4,0.09315930239337289,0.06349070725683126,7907091.626755608,828969.5494436471,651127.874049173,774368.0905246132,60.23035307527012,1603337.6399682604,625564.9580052975,2228902.5979735577,862.1978844770415,2385.230924006944,0.9953017586444388,211.05933591046988,1381.3210676851008,0.9856545850766719,173.10449874586175,1802.062585073535,0.9910166407402227,1371.4323138261916,3001.9250766579003,0.9872906406138072,-7852.976173041087,-4818.506773036512,1.0017200853073853,1970.7121884099465,4286.481334829145,1.0441627817175436,210.97482942974992,2932.2489716848386,1.035322785224492,1894.2459339669454,2387.5440985826326,0.9854645600589197
cms,plausibility,any,1,4,0.09315930239337289,0.05478070857131734,7907091.626755608,826281.0357277499,636304.376185797,786010.4658235968,60.03501401792492,1612291.5015513469,625564.9580052975,2237856.459556644,862.1978844770415,2336.7831508151335,0.9963383740745831,211.05933591046988,1625.051595762514,0.9840267986803518,173.10449874586175,1902.3678923546047,0.9961556943571451,1371.4323138261916,2795.5378015789183,0.9900875712930989,-7852.976173041087,-5157.047990498998,0.9997710671479423,1970.7121884099465,4225.423096435937,1.0407565858840093,210.97482942974992,2659.712293576156,1.0326953735935294,1894.2459339669454,2700.78282193016,0.9886236438722998
cms,plan cost model,WLS,1,4,0.09315930239337289,0.06919459556374852,7907091.626755608,826798.5947130307,270008.6528531777,550825.3616422674,60.07261824650203,1377623.9563552982,625564.9580052975,2003188.9143605954,862.1978844770415,2110.974831115585,1.0128875582355885,211.05933591046988,1084.6839526984047,1.0167810681233391,173.10449874586175,1514.1956951671118,1.0063955637650353,1371.4323138261916,2657.3905210168655,1.0199105362318808,-7852.976173041087,-5664.793792357072,0.9488202100168397,1970.7121884099465,4340.078543613124,1.0030522655746845,210.97482942974992,2802.009633759835,1.0213313523785683,1894.2459339669454,2121.274584459536,1.0399451713123609
cms,share of added codes real,0.0,1,4,0.09315930239337289,,,826798.5947130307,,767412.6022136302,,1594211.1969266608,,,,,,,,,,,,,,,,,,,,,,,,,,
cms,share of added codes real,0.25,1,4,0.09315930239337289,,,541268.788485491,,718464.135457437,,1259732.923942928,,,,,,,,,,,,,,,,,,,,,,,,,,
cms,share of added codes real,0.5,1,4,0.09315930239337289,,,261796.1823354455,,666148.6825458395,,927944.864881285,,,,,,,,,,,,,,,,,,,,,,,,,,
cms,share of added codes real,1.0,1,4,0.09315930239337289,,,-344049.53925639583,,560680.5362180443,,216630.99696164852,,,,,,,,,,,,,,,,,,,,,,,,,,
cms_pen_1,cost per code,0.0,1,4,0.0909218203594977,0.08373302447800457,7807590.959679099,155743.2860878654,382554.31678485486,704247.0012512198,60.13005034098343,859990.2873390852,526064.2909287881,1386054.5782678733,493.88176087596446,1376.0020418928464,0.9901812077651965,213.77957418506165,992.6160027671818,0.9821654097466656,-43.0691260449082,821.8988833238578,0.9888404021172837,1682.919372619228,2185.0634359423843,1.0033179482019567,-10811.164218997494,-8612.387303786167,0.944141795180902,1332.008211406657,2485.032142593188,1.0294576406582243,39.06429371602662,1434.975203808957,1.0503789813533004,1800.2100680412093,2217.263965977406,0.9878002841508373
cms_pen_1,cost per code,250.0,1,4,0.0909218203594977,0.08373302447800457,7807590.959679099,140710.77350261953,382554.31678485486,704247.0012512198,60.13005034098343,844957.7747538394,526064.2909287881,1371022.0656826275,493.88176087596446,1376.0020418928464,0.9901812077651965,213.77957418506165,992.6160027671818,0.9821654097466656,-43.0691260449082,821.8988833238578,0.9888404021172837,1682.919372619228,2185.0634359423843,1.0033179482019567,-10811.164218997494,-8612.387303786167,0.944141795180902,1332.008211406657,2485.032142593188,1.0294576406582243,39.06429371602662,1434.975203808957,1.0503789813533004,1800.2100680412093,2217.263965977406,0.9878002841508373
cms_pen_1,cost per code,500.0,1,4,0.0909218203594977,0.08373302447800457,7807590.959679099,125678.26091737369,382554.31678485486,704247.0012512198,60.13005034098343,829925.2621685935,526064.2909287881,1355989.5530973815,493.88176087596446,1376.0020418928464,0.9901812077651965,213.77957418506165,992.6160027671818,0.9821654097466656,-43.0691260449082,821.8988833238578,0.9888404021172837,1682.919372619228,2185.0634359423843,1.0033179482019567,-10811.164218997494,-8612.387303786167,0.944141795180902,1332.008211406657,2485.032142593188,1.0294576406582243,39.06429371602662,1434.975203808957,1.0503789813533004,1800.2100680412093,2217.263965977406,0.9878002841508373
cms_pen_1,cost per code,1000.0,1,4,0.0909218203594977,0.08373302447800457,7807590.959679099,95613.23574688195,382554.31678485486,704247.0012512198,60.13005034098343,799860.2369981018,526064.2909287881,1325924.5279268897,493.88176087596446,1376.0020418928464,0.9901812077651965,213.77957418506165,992.6160027671818,0.9821654097466656,-43.0691260449082,821.8988833238578,0.9888404021172837,1682.919372619228,2185.0634359423843,1.0033179482019567,-10811.164218997494,-8612.387303786167,0.944141795180902,1332.008211406657,2485.032142593188,1.0294576406582243,39.06429371602662,1434.975203808957,1.0503789813533004,1800.2100680412093,2217.263965977406,0.9878002841508373
cms_pen_1,cost per code,2000.0,1,4,0.0909218203594977,0.08373302447800457,7807590.959679099,35483.18540589853,382554.31678485486,704247.0012512198,60.13005034098343,739730.1866571183,526064.2909287881,1265794.4775859062,493.88176087596446,1376.0020418928464,0.9901812077651965,213.77957418506165,992.6160027671818,0.9821654097466656,-43.0691260449082,821.8988833238578,0.9888404021172837,1682.919372619228,2185.0634359423843,1.0033179482019567,-10811.164218997494,-8612.387303786167,0.944141795180902,1332.008211406657,2485.032142593188,1.0294576406582243,39.06429371602662,1434.975203808957,1.0503789813533004,1800.2100680412093,2217.263965977406,0.9878002841508373
cms_pen_1,cost per code,3000.0,1,4,0.0909218203594977,0.08550147475995595,7807590.959679099,0.0,349243.0543084956,695194.5654543691,0.0,695194.5654543691,526064.2909287881,1221258.8563831572,493.88176087596446,1263.0200805405914,0.9919212259324075,213.77957418506165,907.6046915634254,0.9830974171219433,-43.0691260449082,738.2974450858782,0.9916837536144208,1682.919372619228,2145.2962864084925,1.0031478524650281,-10811.164218997494,-8939.98311380499,0.940743896073578,1332.008211406657,2129.8756212276203,1.021517372241873,39.06429371602662,1203.9690548892363,1.0486496112093642,1800.2100680412093,2167.615540062537,0.9892793960662094
cms_pen_1,codes per person,1,1,4,0.0909218203594977,0.08373302447800457,7807590.959679099,95613.23574688195,382554.31678485486,704247.0012512198,60.13005034098343,799860.2369981018,526064.2909287881,1325924.5279268897,493.88176087596446,1376.0020418928464,0.9901812077651965,213.77957418506165,992.6160027671818,0.9821654097466656,-43.0691260449082,821.8988833238578,0.9888404021172837,1682.919372619228,2185.0634359423843,1.0033179482019567,-10811.164218997494,-8612.387303786167,0.944141795180902,1332.008211406657,2485.032142593188,1.0294576406582243,39.06429371602662,1434.975203808957,1.0503789813533004,1800.2100680412093,2217.263965977406,0.9878002841508373
cms_pen_1,codes per person,2,1,4,0.0909218203594977,0.08429732805470191,7807590.959679099,175613.52752908834,403301.32740451675,718910.0389717646,120.10677720514624,894523.5665008529,526064.2909287881,1420587.8574296408,493.88176087596446,1506.6632679146405,0.9906010350561321,213.77957418506165,1061.0887712553083,0.9798069147478033,-43.0691260449082,1040.2314477638317,0.9870210233291677,1682.919372619228,2311.6003022697655,1.004323347908431,-10811.164218997494,-8401.350227941888,0.9463302332227842,1332.008211406657,2726.843780576041,1.0320047176621259,39.06429371602662,1571.2740238347008,1.0500595651412212,1800.2100680412093,2302.9208139006664,0.9860830750108214
cms_pen_1,codes per person,3,1,4,0.0909218203594977,0.0809731873488495,7807590.959679099,255512.59867075257,436996.6314474303,729823.2558404724,180.0869036888055,985335.854511225,526064.2909287881,1511400.145440013,493.88176087596446,1642.0913018576475,0.9903027848458806,213.77957418506165,1189.1544934894603,0.979451977749959,-43.0691260449082,1066.7328706616606,0.9840848319164864,1682.919372619228,2451.5061355418957,1.0051462150391648,-10811.164218997494,-8272.669584961362,0.9474601692247422,1332.008211406657,3008.9839692950695,1.0349971638119868,39.06429371602662,1647.1404573454379,1.051533383007393,1800.2100680412093,2347.9102959159695,0.9797776852012063
cms_pen_1,reach,0.02,1,4,0.0909218203594977,0.08496968245008896,7807590.959679099,32055.967949178623,360491.9573015157,697278.7768824137,20.159624883063533,729334.7448315923,526064.2909287881,1255399.0357603806,493.88176087596446,1302.6912098911296,0.9914344330929042,213.77957418506165,925.3107056259008,0.9829157541623483,-43.0691260449082,773.683477727802,0.9905313076569214,1682.919372619228,2138.6312178042463,1.0032685887120933,-10811.164218997494,-8770.03194945649,0.9415968365306249,1332.008211406657,2246.113375932566,1.023569256161695,39.06429371602662,1296.322462608463,1.0483866324020659,1800.2100680412093,2196.9081582149142,0.9893854640340203
cms_pen_1,reach,0.04,1,4,0.0909218203594977,0.08410821953335712,7807590.959679099,63843.53185139943,372294.4628745718,703866.6243797485,40.15045358713339,767710.1562311479,526064.2909287881,1293774.4471599357,493.88176087596446,1352.817794603955,0.991180007556208,213.77957418506165,964.1841137368629,0.9831220161212574,-43.0691260449082,818.1592268154158,0.9889969520592228,1682.919372619228,2178.311600190728,1.0034276981409325,-10811.164218997494,-8651.612105117667,0.9444091399166682,1332.008211406657,2360.936593884641,1.0265268927367341,39.06429371602662,1364.2802823968743,1.0496629709348382,1800.2100680412093,2211.5626397347146,0.9891932781555058
cms_pen_1,reach,0.05,1,4,0.0909218203594977,0.08415627792367164,7807590.959679099,79628.12179716064,377494.42966607254,701059.6655790869,50.0771983587782,780687.7873762475,526064.2909287881,1306752.0783050354,493.88176087596446,1361.0187184765002,0.9905428851981536,213.77957418506165,971.4557782647175,0.9817167932049798,-43.0691260449082,808.2569835276637,0.9888030844148493,1682.919372619228,2183.5855011251024,1.003396033903633,-10811.164218997494,-8621.373637364764,0.944379338073277,1332.008211406657,2422.4869138640147,1.0278992079208265,39.06429371602662,1397.7444433053147,1.049742785694679,1800.2100680412093,2211.4965178825532,0.9877304537161031
cms_pen_1,reach,0.06,1,4,0.0909218203594977,0.08373302447800457,7807590.959679099,95613.23574688195,382554.31678485486,704247.0012512198,60.13005034098343,799860.2369981018,526064.2909287881,1325924.5279268897,493.88176087596446,1376.0020418928464,0.9901812077651965,213.77957418506165,992.6160027671818,0.9821654097466656,-43.0691260449082,821.8988833238578,0.9888404021172837,1682.919372619228,2185.0634359423843,1.0033179482019567,-10811.164218997494,-8612.387303786167,0.944141795180902,1332.008211406657,2485.032142593188,1.0294576406582243,39.06429371602662,1434.975203808957,1.0503789813533004,1800.2100680412093,2217.263965977406,0.9878002841508373
cms_pen_1,reach,0.075,1,4,0.0909218203594977,0.08418705898078827,7807590.959679099,119385.45818483092,392157.1716176025,708589.7964464822,75.08012415393398,827975.254631313,526064.2909287881,1354039.5455601013,493.88176087596446,1422.5372000130315,0.9900117633656621,213.77957418506165,1013.853996629091,0.9803818756100754,-43.0691260449082,857.091196702228,0.9884075472649771,1682.919372619228,2225.6040929755823,1.0031262852206204,-10811.164218997494,-8584.903820416628,0.9440688706775873,1332.008211406657,2546.9271836129765,1.0296297636287954,39.06429371602662,1493.9342706411617,1.0506461418995816,1800.2100680412093,2245.534882933172,0.9878811444508793
cms_pen_1,reach,0.1,1,4,0.0909218203594977,0.0838232632581507,7807590.959679099,159109.2597596262,405637.4288012459,717121.5508658553,100.06196029585716,876230.8106254815,526064.2909287881,1402295.1015542694,493.88176087596446,1470.5798264135722,0.989508529274622,213.77957418506165,1059.0278628621866,0.9791182581974817,-43.0691260449082,899.5620879800775,0.9869633810794634,1682.919372619228,2277.1371755244454,1.0037585436214085,-10811.164218997494,-8369.003996615826,0.9467977229815938,1332.008211406657,2710.331917298185,1.0322220588185826,39.06429371602662,1568.499683245953,1.0508246055925197,1800.2100680412093,2262.5931035448807,0.9856671621416874
cms_pen_1,reach,0.25,1,4,0.0909218203594977,0.08246342688295616,7807590.959679099,394150.68884035345,440116.23897611763,689843.4119993531,250.09537749475126,1083994.1008397064,526064.2909287881,1610058.3917684949,493.88176087596446,1751.3183962023843,0.9874937617267084,213.77957418506165,1281.9763037164964,0.9711676819881024,-43.0691260449082,1178.3501329661328,0.9858538051540084,1682.919372619228,2510.05346392002,0.9987250700367062,-10811.164218997494,-8177.095732499178,0.9491206023312857,1332.008211406657,3314.1278620938183,1.0480719365022024,39.06429371602662,1859.8018373545992,1.0523480645227412,1800.2100680412093,2405.9935730341244,0.966100485433377
cms_pen_1,reach,0.5,1,4,0.0909218203594977,0.07472140771710145,7807590.959679099,687105.744167674,582125.5066164249,710729.1526956414,500.1405151327256,1397834.8968633153,526064.2909287881,1923899.187792103,493.88176087596446,2329.7505030875163,0.9869582349649886,213.77957418506165,1708.7950238684778,0.9601938071174555,-43.0691260449082,1692.6978543326506,0.9816582416458526,1682.919372619228,3026.2787714565243,1.0059197074819615,-10811.164218997494,-6734.938072039473,0.9661425822644077,1332.008211406657,4089.7708554320407,1.0506625418838111,39.06429371602662,3101.593312724096,1.0729678492822468,1800.2100680412093,2678.907062281995,0.9340909501620227
cms_pen_1,reach,1.0,1,4,0.0909218203594977,0.070752545366494,7807590.959679099,822067.260384336,567311.5330468469,759282.9910303935,695.2296875547389,1581350.2514147295,526064.2909287881,2107414.5423435178,493.88176087596446,2704.4086302801734,0.990862812091993,213.77957418506165,2086.04388114654,0.9639913789653103,-43.0691260449082,2112.4309123632806,0.986110664285383,1682.919372619228,3431.6223528731516,0.9955869775314931,-10811.164218997494,-6717.333713011308,0.9609492867514606,1332.008211406657,4402.378430473324,1.055518084243776,39.06429371602662,3313.673193714117,1.0634810062238529,1800.2100680412093,2903.3622624874297,0.9318066949805459
cms_pen_1,tilt,0.0,1,4,0.0909218203594977,0.08995407399741573,7807590.959679099,95613.23574688195,0.0,0.0,60.13005034098343,95613.23574688195,526064.2909287881,621677.5266756701,493.88176087596446,609.5497360028113,1.0,213.77957418506165,289.8928600479935,1.0,-43.0691260449082,59.60337652799085,1.0,1682.919372619228,1769.762925018594,1.0,-10811.164218997494,-10548.082545893229,1.0,1332.008211406657,1659.6162920123102,1.0,39.06429371602662,258.9072847808633,1.0,1800.2100680412093,1841.629612165563,1.0
cms_pen_1,tilt,0.05,1,4,0.0909218203594977,0.08858150403222087,7807590.959679099,95613.23574688195,95632.80871438386,176051.12739118008,60.13005034098343,271664.36313806206,526064.2909287881,797728.6540668502,493.88176087596446,799.7367793715905,0.9975454500487956,213.77957418506165,463.20272097527294,0.9955416214551416,-43.0691260449082,248.56631096700366,0.9972102688616437,1682.919372619228,1873.8399286142924,1.0008294370022766,-10811.164218997494,-10084.74754294317,0.9860362913651345,1332.008211406657,1870.4833205368707,1.0073639658230007,39.06429371602662,563.8771211792754,1.0125939854174884,1800.2100680412093,1934.6706971260369,0.99695025505926
cms_pen_1,tilt,0.1,1,4,0.0909218203594977,0.08709545989946221,7807590.959679099,95613.23574688195,191269.46426190902,352109.33644523844,60.13005034098343,447722.5721921204,526064.2909287881,973786.8631209085,493.88176087596446,990.8697829013421,0.995090801363232,213.77957418506165,638.0789131866361,0.9910830635718473,-43.0691260449082,438.59713760010135,0.9944204255062532,1682.919372619228,1977.7487436123004,1.001658907368686,-10811.164218997494,-9608.081585495349,0.9720720210395913,1332.008211406657,2078.2980879477027,1.0147282278617893,39.06429371602662,861.3659347347634,1.0251884774284894,1800.2100680412093,2028.2865450691738,0.9939003874424213
cms_pen_1,tilt,0.2,1,4,0.0909218203594977,0.08373302447800457,7807590.959679099,95613.23574688195,382554.31678485486,704247.0012512198,60.13005034098343,799860.2369981018,526064.2909287881,1325924.5279268897,493.88176087596446,1376.0020418928464,0.9901812077651965,213.77957418506165,992.6160027671818,0.9821654097466656,-43.0691260449082,821.8988833238578,0.9888404021172837,1682.919372619228,2185.0634359423843,1.0033179482019567,-10811.164218997494,-8612.387303786167,0.944141795180902,1332.008211406657,2485.032142593188,1.0294576406582243,39.06429371602662,1434.975203808957,1.0503789813533004,1800.2100680412093,2217.263965977406,0.9878002841508373
cms_pen_1,tilt,0.3,1,4,0.0909218203594977,0.07974713222984564,7807590.959679099,95613.23574688195,573854.5594259645,1056412.9978367467,60.13005034098343,1152026.2335836284,526064.2909287881,1678090.524512417,493.88176087596446,1765.0039685402746,0.9852712191582267,213.77957418506165,1353.6794958863027,0.9732470384378753,-43.0691260449082,1209.5824862040954,0.9832599297789161,1682.919372619228,2391.710245150222,1.0049771225159192,-10811.164218997494,-7555.899007758661,0.9162093221527646,1332.008211406657,2880.322682784169,1.044188238532309,39.06429371602662,1981.7588622756587,1.0755715120190006,1800.2100680412093,2408.6054174295737,0.9816996900660239
cms_pen_1,tilt,0.5,1,4,0.0909218203594977,0.06920104979042074,7807590.959679099,95613.23574688195,956501.2224926997,1760830.0000244037,60.13005034098343,1856443.2357712858,526064.2909287881,2382507.5267000743,493.88176087596446,2554.8524785718423,0.9754500567267849,213.77957418506165,2096.1200485205377,0.9554081430230864,-43.0691260449082,1998.3992961235463,0.9720976380372451,1682.919372619228,2803.0130826194304,1.0082958716503614,-10811.164218997494,-5236.820759186561,0.860337633503263,1332.008211406657,3638.4521444424904,1.0736529900855576,39.06429371602662,3002.040269254882,1.1259626545515344,1800.2100680412093,2798.5600981201305,0.9694970292797653
cms_pen_1,selection rule,smooth,1,4,0.0909218203594977,-0.11226166158694051,7807590.959679099,95613.23574688195,7047935.779509499,5876077.493510617,60.13005034098343,5971690.729257499,526064.2909287881,6497755.020186287,493.88176087596446,8291.45217807393,1.1166900270460824,213.77957418506165,5315.0349247660215,0.8047062270515047,-43.0691260449082,5379.676499564383,0.8767983332480791,1682.919372619228,5126.039161487846,0.8265483201273535,-10811.164218997494,4616.660315872637,1.6034357916057387,1332.008211406657,8747.592045412232,1.4559956331724875,39.06429371602662,9626.546211302611,2.1705374506744364,1800.2100680412093,2866.675314667394,0.6610219714324219
cms_pen_1,plausibility,either,1,4,0.0909218203594977,0.08373302447800457,7807590.959679099,95613.23574688195,382554.31678485486,704247.0012512198,60.13005034098343,799860.2369981018,526064.2909287881,1325924.5279268897,493.88176087596446,1376.0020418928464,0.9901812077651965,213.77957418506165,992.6160027671818,0.9821654097466656,-43.0691260449082,821.8988833238578,0.9888404021172837,1682.919372619228,2185.0634359423843,1.0033179482019567,-10811.164218997494,-8612.387303786167,0.944141795180902,1332.008211406657,2485.032142593188,1.0294576406582243,39.06429371602662,1434.975203808957,1.0503789813533004,1800.2100680412093,2217.263965977406,0.9878002841508373
cms_pen_1,plausibility,system,1,4,0.0909218203594977,0.08319480292359493,7807590.959679099,64653.09752140134,383320.1104293651,687686.7064593176,60.021442758341735,752339.803980719,526064.2909287881,1278404.094909507,493.88176087596446,1394.0451575751474,0.993444572685125,213.77957418506165,996.9167744593121,0.9832786487521138,-43.0691260449082,795.9318221183172,0.9894160609667886,1682.919372619228,2270.260539063422,1.0065449776363733,-10811.164218997494,-8834.42980167745,0.9458477231353609,1332.008211406657,2346.7163316612277,1.021230907819413,39.06429371602662,1536.3614099407253,1.052802718682979,1800.2100680412093,2209.6739800448536,0.9893142746514826
cms_pen_1,plausibility,use,1,4,0.0909218203594977,0.0837144901007767,7807590.959679099,95677.71001961907,382673.9190867763,704204.745219999,60.17059746016725,799882.4552396181,526064.2909287881,1325946.7461684064,493.88176087596446,1375.2678794649976,0.9902141454238028,213.77957418506165,991.4259010981997,0.9821980807655736,-43.0691260449082,821.898883323858,0.9888732951749643,1682.919372619228,2185.0634359423843,1.0033513228446915,-10811.164218997494,-8612.387303786167,0.944173201371892,1332.008211406657,2483.4856907394624,1.0292763348486254,39.06429371602662,1436.9704351109374,1.0504139214471178,1800.2100680412093,2217.2639659774054,0.9878331426097494
cms_pen_1,plausibility,any,1,4,0.0909218203594977,0.08326058743763631,7807590.959679099,95563.36637972323,378228.1799718779,707643.7700910792,60.09868807681256,803207.1364708024,526064.2909287881,1329271.4273995906,493.88176087596446,1407.4679593572016,0.9914859051750365,213.77957418506165,988.8764660789255,0.9820033584843706,-43.0691260449082,899.5656264722729,0.9886447664749621,1682.919372619228,2263.57464619779,1.0053439272884184,-10811.164218997494,-8745.442209313818,0.9414980866929733,1332.008211406657,2354.23618025814,1.0254058215131414,39.06429371602662,1383.4853404432445,1.0482417972366482,1800.2100680412093,2251.166487938708,0.9890671786610186
cms_pen_1,plan cost model,WLS,1,4,0.0909218203594977,0.08655007915086466,7807590.959679099,95613.23574688195,-23930.916577580152,476545.92496984266,60.13005034098343,572159.1607167247,526064.2909287881,1098223.4516455128,493.88176087596446,1093.6071956171827,1.0051369149842244,213.77957418506165,816.7568719722473,1.0194079847263118,-43.0691260449082,574.3050409629777,1.0052141237093448,1682.919372619228,2075.0140132498595,1.0288069373541213,-10811.164218997494,-9016.193895776722,0.902026033365096,1332.008211406657,2457.7981089414375,0.9791554054392301,39.06429371602662,1331.8113348288557,1.0111916282144395,1800.2100680412093,1890.7772432725635,1.0435906730366689
cms_pen_1,share of added codes real,0.0,1,4,0.0909218203594977,,,95613.23574688195,,704247.0012512198,,799860.2369981017,,,,,,,,,,,,,,,,,,,,,,,,,,
cms_pen_1,share of added codes real,0.25,1,4,0.0909218203594977,,,25477.559968582947,,700182.4553367295,,725660.0153053125,,,,,,,,,,,,,,,,,,,,,,,,,,
cms_pen_1,share of added codes real,0.5,1,4,0.0909218203594977,,,-56614.26768149402,,691273.7184004469,,634659.4507189529,,,,,,,,,,,,,,,,,,,,,,,,,,
cms_pen_1,share of added codes real,1.0,1,4,0.0909218203594977,,,-243627.43494672794,,675607.4212144878,,431979.9862677598,,,,,,,,,,,,,,,,,,,,,,,,,,
cms_robust_adv,cost per code,0.0,1,4,0.09291897035130081,0.08985817912550198,7025408.793870983,172887.91176178676,280690.01774921024,609783.4812576325,60.018064065732105,782671.3930194193,-256117.874879328,526553.5181400912,-273.31140970322144,523.6731669063197,0.9978198930800104,-369.2109530789013,365.42235326768116,0.9844118619142702,-656.9154459859387,161.0684790239039,0.9939314278332219,1011.8043114613115,1547.5536127898351,1.0048281845366482,-12359.453251144292,-10416.814121626432,0.9273030377889718,474.1368262080329,1611.8257248512534,1.0263141486974938,-1669.495801877254,-401.4566392681462,1.0490968405579812,1396.448310995116,1752.6623968275583,0.9928247483019014
cms_robust_adv,cost per code,250.0,1,4,0.09291897035130081,0.08985817912550198,7025408.793870983,157883.39574535374,280690.01774921024,609783.4812576325,60.018064065732105,767666.8770029863,-256117.874879328,511549.00212365814,-273.31140970322144,523.6731669063197,0.9978198930800104,-369.2109530789013,365.42235326768116,0.9844118619142702,-656.9154459859387,161.0684790239039,0.9939314278332219,1011.8043114613115,1547.5536127898351,1.0048281845366482,-12359.453251144292,-10416.814121626432,0.9273030377889718,474.1368262080329,1611.8257248512534,1.0263141486974938,-1669.495801877254,-401.4566392681462,1.0490968405579812,1396.448310995116,1752.6623968275583,0.9928247483019014
cms_robust_adv,cost per code,500.0,1,4,0.09291897035130081,0.08985817912550198,7025408.793870983,142878.87972892073,280690.01774921024,609783.4812576325,60.018064065732105,752662.3609865532,-256117.874879328,496544.4861072251,-273.31140970322144,523.6731669063197,0.9978198930800104,-369.2109530789013,365.42235326768116,0.9844118619142702,-656.9154459859387,161.0684790239039,0.9939314278332219,1011.8043114613115,1547.5536127898351,1.0048281845366482,-12359.453251144292,-10416.814121626432,0.9273030377889718,474.1368262080329,1611.8257248512534,1.0263141486974938,-1669.495801877254,-401.4566392681462,1.0490968405579812,1396.448310995116,1752.6623968275583,0.9928247483019014
cms_robust_adv,cost per code,1000.0,1,4,0.09291897035130081,0.08985817912550198,7025408.793870983,112869.84769605464,280690.01774921024,609783.4812576325,60.018064065732105,722653.3289536871,-256117.874879328,466535.4540743591,-273.31140970322144,523.6731669063197,0.9978198930800104,-369.2109530789013,365.42235326768116,0.9844118619142702,-656.9154459859387,161.0684790239039,0.9939314278332219,1011.8043114613115,1547.5536127898351,1.0048281845366482,-12359.453251144292,-10416.814121626432,0.9273030377889718,474.1368262080329,1611.8257248512534,1.0263141486974938,-1669.495801877254,-401.4566392681462,1.0490968405579812,1396.448310995116,1752.6623968275583,0.9928247483019014
cms_robust_adv,cost per code,2000.0,1,4,0.09291897035130081,0.08985817912550198,7025408.793870983,52851.78363032255,280690.01774921024,609783.4812576325,60.018064065732105,662635.264887955,-256117.874879328,406517.3900086269,-273.31140970322144,523.6731669063197,0.9978198930800104,-369.2109530789013,365.42235326768116,0.9844118619142702,-656.9154459859387,161.0684790239039,0.9939314278332219,1011.8043114613115,1547.5536127898351,1.0048281845366482,-12359.453251144292,-10416.814121626432,0.9273030377889718,474.1368262080329,1611.8257248512534,1.0263141486974938,-1669.495801877254,-401.4566392681462,1.0490968405579812,1396.448310995116,1752.6623968275583,0.9928247483019014
cms_robust_adv,cost per code,3000.0,1,4,0.09291897035130081,0.08856749154215227,7025408.793870983,0.0,253487.01886338965,593120.252577967,0.0,593120.252577967,-256117.874879328,337002.3776986388,-273.31140970322144,369.3269786644947,0.9995770034838636,-369.2109530789013,264.2540320385185,0.9863104561371117,-656.9154459859387,56.92294522968613,0.9931118209532457,1011.8043114613115,1426.722098612525,1.0059873888112085,-12359.453251144292,-10651.33728732589,0.9268684993115357,474.1368262080329,1220.4479484656947,1.0170833195048792,-1669.495801877254,-632.531510968827,1.0497382729489184,1396.448310995116,1597.273202211143,0.9958299168669572
cms_robust_adv,codes per person,1,1,4,0.09291897035130081,0.08985817912550198,7025408.793870983,112869.84769605464,280690.01774921024,609783.4812576325,60.018064065732105,722653.3289536871,-256117.874879328,466535.4540743591,-273.31140970322144,523.6731669063197,0.9978198930800104,-369.2109530789013,365.42235326768116,0.9844118619142702,-656.9154459859387,161.0684790239039,0.9939314278332219,1011.8043114613115,1547.5536127898351,1.0048281845366482,-12359.453251144292,-10416.814121626432,0.9273030377889718,474.1368262080329,1611.8257248512534,1.0263141486974938,-1669.495801877254,-401.4566392681462,1.0490968405579812,1396.448310995116,1752.6623968275583,0.9928247483019014
cms_robust_adv,codes per person,2,1,4,0.09291897035130081,0.08818172139783975,7025408.793870983,206511.0498778729,316278.85611740715,625893.3183579819,120.00988154294926,832404.3682358548,-256117.874879328,576286.4933565266,-273.31140970322144,632.1578053568335,0.99654638736053,-369.2109530789013,455.8661670391844,0.9850891466562165,-656.9154459859387,273.73293084840526,0.9934116017676274,1011.8043114613115,1754.8812529952256,1.0072656514334055,-12359.453251144292,-10380.132217483835,0.9341629776743208,474.1368262080329,1284.7975920842177,1.012596557783898,-1669.495801877254,-101.06083023462095,1.0527980970343853,1396.448310995116,1765.7460969197477,0.9914668227982335
cms_robust_adv,codes per person,3,1,4,0.09291897035130081,0.08152354957464647,7025408.793870983,300500.1134209571,345757.7981019847,660572.9067591244,180.4467937920869,961073.0201800815,-256117.874879328,704955.1453007535,-273.31140970322144,832.1632618839102,0.9945592168506379,-369.2109530789013,601.1533864538762,0.9780990966556891,-656.9154459859387,393.42304704835357,0.9860137010216906,1011.8043114613115,2111.757992122472,1.0104249969055366,-12359.453251144292,-10134.572774111217,0.9383679449069042,474.1368262080329,1286.2155273165304,1.0114344395258974,-1669.495801877254,-226.0934485721822,1.0489414256948009,1396.448310995116,1913.1015995636885,0.9618481343177642
cms_robust_adv,reach,0.02,1,4,0.09291897035130081,0.08793265575367237,7025408.793870983,37624.84010232755,269634.390949203,600058.4972239775,20.006849568942524,637683.337326305,-256117.874879328,381565.46244697686,-273.31140970322144,426.7382555030917,1.0001294020434768,-369.2109530789013,294.5317495761747,0.9857817855607831,-656.9154459859387,69.15504800071115,0.9912016457815789,1011.8043114613115,1440.72538982437,1.0051714264836793,-12359.453251144292,-10507.467505838913,0.9268119233074203,474.1368262080329,1391.9189911252254,1.0196689326722217,-1669.495801877254,-521.3602834816467,1.0522261072143266,1396.448310995116,1604.7737263938338,0.995592201496271
cms_robust_adv,reach,0.04,1,4,0.09291897035130081,0.08926333481853443,7025408.793870983,75315.03654801505,278038.93197954615,603224.6561528936,40.048452097005224,678539.6927009086,-256117.874879328,422421.8178215804,-273.31140970322144,484.6433060912389,0.9993241152297044,-369.2109530789013,326.88652723094214,0.984564712051404,-656.9154459859387,135.68441674596468,0.9931714423754301,1011.8043114613115,1519.8668813184877,1.0055364023846982,-12359.453251144292,-10467.177130622675,0.9267778815544733,474.1368262080329,1501.3829237847654,1.020918908671921,-1669.495801877254,-456.58508076152356,1.0509335049585886,1396.448310995116,1619.5448561250346,0.9943429261795946
cms_robust_adv,reach,0.05,1,4,0.09291897035130081,0.08938423881459612,7025408.793870983,94107.37394469607,280127.561866055,605406.8390673071,50.04119801490621,699514.2130120031,-256117.874879328,443396.338132675,-273.31140970322144,515.1906852448745,0.9983716110110729,-369.2109530789013,337.74891632656465,0.98364517910183,-656.9154459859387,156.04896326585038,0.991933250689995,1011.8043114613115,1544.2336943009282,1.0034280290701179,-12359.453251144292,-10467.177130622673,0.9268013292650484,474.1368262080329,1562.630508448344,1.0251095902378131,-1669.495801877254,-432.60035206067045,1.049665044794012,1396.448310995116,1623.0236443581175,0.9934436500826352
cms_robust_adv,reach,0.06,1,4,0.09291897035130081,0.08985817912550198,7025408.793870983,112869.84769605464,280690.01774921024,609783.4812576325,60.018064065732105,722653.3289536871,-256117.874879328,466535.4540743591,-273.31140970322144,523.6731669063197,0.9978198930800104,-369.2109530789013,365.42235326768116,0.9844118619142702,-656.9154459859387,161.0684790239039,0.9939314278332219,1011.8043114613115,1547.5536127898351,1.0048281845366482,-12359.453251144292,-10416.814121626432,0.9273030377889718,474.1368262080329,1611.8257248512534,1.0263141486974938,-1669.495801877254,-401.4566392681462,1.0490968405579812,1396.448310995116,1752.6623968275583,0.9928247483019014
cms_robust_adv,reach,0.075,1,4,0.09291897035130081,0.08955459941992638,7025408.793870983,141189.07336125494,290317.78652537934,618081.2004301347,75.076692521074,759270.2737913895,-256117.874879328,503152.3989120614,-273.31140970322144,594.8912109044686,0.9969833265577907,-369.2109530789013,371.13655842781384,0.985228885103584,-656.9154459859387,185.49883935118768,0.991869099950304,1011.8043114613115,1557.1391349094488,1.004996291917488,-12359.453251144292,-10310.950942943837,0.9301436565901162,474.1368262080329,1705.4690885476869,1.0291859063838964,-1669.495801877254,-362.3970436950621,1.0499473836540827,1396.448310995116,1773.6839814895643,0.9918904854111327
cms_robust_adv,reach,0.1,1,4,0.09291897035130081,0.08880386911543225,7025408.793870983,188358.00705091876,304807.2391146884,621428.1541196312,100.15857348295886,809786.1611705499,-256117.874879328,553668.286291222,-273.31140970322144,654.7528381601298,0.9938782389599612,-369.2109530789013,439.504405480445,0.9784667439032592,-656.9154459859387,248.98265950333553,0.988128461105899,1011.8043114613115,1566.0107450901496,1.0080561369030618,-12359.453251144292,-10196.138016063624,0.9316784507580088,474.1368262080329,1804.8012487374076,1.0341478402497526,-1669.495801877254,-335.68612804984764,1.0490084538330842,1396.448310995116,1810.032496218052,0.9652452569528142
cms_robust_adv,reach,0.25,1,4,0.09291897035130081,0.08759105029107284,7025408.793870983,468071.7271019865,357614.26832014514,649841.515193215,250.1691468438128,1117913.2422952016,-256117.874879328,861795.3674158735,-273.31140970322144,1025.380562062912,0.9879143584709986,-369.2109530789013,736.8953492522045,0.970914620606103,-656.9154459859387,620.7665087950077,0.9870760836263688,1011.8043114613115,1793.1855889447243,1.0010415718507124,-12359.453251144292,-9525.938408529968,0.9384074137006374,474.1368262080329,2591.0226235653954,1.0498232856731762,-1669.495801877254,128.88457549746758,1.0450719947936644,1396.448310995116,1978.3786709985475,0.9527649655634686
cms_robust_adv,reach,0.5,1,4,0.09291897035130081,0.08117767180946811,7025408.793870983,868093.5883861375,511680.1994235353,680127.4401524315,500.1089454139559,1548221.0285385689,-256117.874879328,1292103.1536592406,-273.31140970322144,1696.3134694873897,0.9870685404475124,-369.2109530789013,1204.78671966604,0.9616825950945488,-656.9154459859387,1232.4865437787712,0.984280676074481,1011.8043114613115,2438.2458715750067,0.9999470088817971,-12359.453251144292,-7714.0645790026265,0.9611004611871743,474.1368262080329,3740.874761043236,1.0735154123294581,-1669.495801877254,1693.0641252845965,1.067149366044885,1396.448310995116,2282.490575128515,0.9451699988059973
cms_robust_adv,reach,1.0,1,4,0.09291897035130081,0.07556354879806315,7025408.793870983,1078273.980601515,497085.00669081137,706112.8916739527,695.2296875547389,1784386.8722754675,-256117.874879328,1528268.9973961394,-273.31140970322144,2146.165805068357,0.9853522175165425,-369.2109530789013,1714.480011083774,0.9612947607397743,-656.9154459859387,1759.5972767388955,0.9844954124069093,1011.8043114613115,2895.5476073061377,1.0010321508355469,-12359.453251144292,-7922.1215313914645,0.9430883640206796,474.1368262080329,3869.1497424931863,1.059907007361418,-1669.495801877254,1898.7511625412485,1.0547727615315006,1396.448310995116,2615.177310054905,0.9190137124315637
cms_robust_adv,tilt,0.0,1,4,0.09291897035130081,0.09463250472796336,7025408.793870983,112869.84769605464,0.0,0.0,60.018064065732105,112869.84769605464,-256117.874879328,-143248.0271832735,-273.31140970322144,-134.23180802421504,1.0,-369.2109530789013,-267.21130122488194,1.0,-656.9154459859387,-535.476402201775,1.0,1011.8043114613115,1143.3335625899163,1.0,-12359.453251144292,-12142.294110598556,1.0,474.1368262080329,861.0547619144578,1.0,-1669.495801877254,-1481.826705619465,1.0,1396.448310995116,1427.3349795426286,1.0
cms_robust_adv,tilt,0.05,1,4,0.09291897035130081,0.09358556694132125,7025408.793870983,112869.84769605464,70172.46564407859,152445.78603828425,60.018064065732105,265315.6337343389,-256117.874879328,9197.758855010781,-273.31140970322144,29.97526637800708,0.9994549735713077,-369.2109530789013,-110.9092547297246,0.9961029676329517,-656.9154459859387,-362.1340508011826,0.9984828577970223,1011.8043114613115,1244.7540121593152,1.001207045466875,-12359.453251144292,-11734.879169835784,0.9818257694944453,474.1368262080329,1052.427419400403,1.0065785335375832,-1669.495801877254,-1201.9094181625353,1.0122742033539858,1396.448310995116,1508.2283201378898,0.9982061880671428
cms_robust_adv,tilt,0.1,1,4,0.09291897035130081,0.0924474460274759,7025408.793870983,112869.84769605464,140344.95715029773,304891.62826063,60.018064065732105,417761.4759566846,-256117.874879328,161643.60107735655,-273.31140970322144,194.36159111494123,0.9989099469417456,-369.2109530789013,46.620647855279785,0.992205933829648,-656.9154459859387,-188.26406442954746,0.9969657150349003,1011.8043114613115,1345.9302504228199,1.0024140913786077,-12359.453251144292,-11312.096579590216,0.9636515322907586,474.1368262080329,1241.314941165463,1.0131570694996925,-1669.495801877254,-928.6989114142451,1.0245484112316434,1396.448310995116,1589.4129505176325,0.9964123754731742
cms_robust_adv,tilt,0.2,1,4,0.09291897035130081,0.08985817912550198,7025408.793870983,112869.84769605464,280690.01774921024,609783.4812576325,60.018064065732105,722653.3289536871,-256117.874879328,466535.4540743591,-273.31140970322144,523.6731669063197,0.9978198930800104,-369.2109530789013,365.42235326768116,0.9844118619142702,-656.9154459859387,161.0684790239039,0.9939314278332219,1011.8043114613115,1547.5536127898351,1.0048281845366482,-12359.453251144292,-10416.814121626432,0.9273030377889718,474.1368262080329,1611.8257248512534,1.0263141486974938,-1669.495801877254,-401.4566392681462,1.0490968405579812,1396.448310995116,1752.6623968275583,0.9928247483019014
cms_robust_adv,tilt,0.3,1,4,0.09291897035130081,0.08677036429749818,7025408.793870983,112869.84769605464,421035.18179685465,914675.5589912569,60.018064065732105,1027545.4066873115,-256117.874879328,771427.5318079835,-273.31140970322144,853.7052764056277,0.9967298384147938,-369.2109530789013,689.312806711503,0.9766177842538613,-656.9154459859387,512.5407077618163,0.9908971383949623,1011.8043114613115,1748.2106470331369,1.0072422794741238,-12359.453251144292,-9448.480797752087,0.8909545164946103,474.1368262080329,1972.9573107371646,1.0394712375934143,-1669.495801877254,101.67566753895323,1.0736452879790344,1396.448310995116,1917.0960654116757,0.9892371184861792
cms_robust_adv,tilt,0.5,1,4,0.09291897035130081,0.07854745769714755,7025408.793870983,112869.84769605464,701725.8202387799,1524460.3886693614,60.018064065732105,1637330.2363654159,-256117.874879328,1381212.3614860878,-273.31140970322144,1515.9405764363266,0.9945497266739114,-369.2109530789013,1352.8552261721466,0.9610296116979216,-656.9154459859387,1221.9833399958397,0.9848285528086879,1011.8043114613115,2146.6533867526045,1.0120704746873856,-12359.453251144292,-7253.720487040016,0.8182573935280429,474.1368262080329,2668.47228112793,1.0657854444796548,-1669.495801877254,1041.9361825751828,1.1227422371053628,1396.448310995116,2249.5679885876048,0.9820618509213724
cms_robust_adv,selection rule,smooth,1,4,0.09291897035130081,-0.020979828966296132,7025408.793870983,112869.84769605464,4591085.37027191,4515869.996387206,60.018064065732105,4628739.844083261,-256117.874879328,4372621.969203933,-273.31140970322144,5626.751678100432,1.0971825574798546,-369.2109530789013,3563.7004539512636,0.8756692938120191,-656.9154459859387,3353.785397156792,0.9437312121628582,1011.8043114613115,3450.3876201019775,0.8678654215089204,-12359.453251144292,5246.968066357298,1.3243869804819164,474.1368262080329,7548.739999381199,1.5585897495970267,-1669.495801877254,6358.378910218729,1.5007926939450376,1396.448310995116,1777.084870990963,0.8248982492207024
cms_robust_adv,plausibility,either,1,4,0.09291897035130081,0.08985817912550198,7025408.793870983,112869.84769605464,280690.01774921024,609783.4812576325,60.018064065732105,722653.3289536871,-256117.874879328,466535.4540743591,-273.31140970322144,523.6731669063197,0.9978198930800104,-369.2109530789013,365.42235326768116,0.9844118619142702,-656.9154459859387,161.0684790239039,0.9939314278332219,1011.8043114613115,1547.5536127898351,1.0048281845366482,-12359.453251144292,-10416.814121626432,0.9273030377889718,474.1368262080329,1611.8257248512534,1.0263141486974938,-1669.495801877254,-401.4566392681462,1.0490968405579812,1396.448310995116,1752.6623968275583,0.9928247483019014
cms_robust_adv,plausibility,system,1,4,0.09291897035130081,0.0870087304085908,7025408.793870983,102473.24842427738,293333.43199830205,611817.1732131668,60.00602005248579,714290.4216374442,-256117.874879328,458172.5467581161,-273.31140970322144,545.9055172328926,1.0001328719956024,-369.2109530789013,386.8192977799787,0.9848276923189914,-656.9154459859387,160.927101989611,0.9895750783051045,1011.8043114613115,1622.359834096496,1.011465414169735,-12359.453251144292,-10294.784653753572,0.9322347381000218,474.1368262080329,1516.6014067606152,1.0192207086571956,-1669.495801877254,-120.80246218682954,1.0563105355608724,1396.448310995116,1633.4116963507668,0.9946004795663356
cms_robust_adv,plausibility,use,1,4,0.09291897035130081,0.08994300128403698,7025408.793870983,112980.242158086,279315.5321637834,606323.0632119374,60.076765853941644,719303.3053700234,-256117.874879328,463185.4304906951,-273.31140970322144,522.4518760730883,0.9977585526258705,-369.2109530789013,362.75378148491023,0.9841385374623968,-656.9154459859387,162.50198159574424,0.9936291567106696,1011.8043114613115,1487.525308719269,1.0055323441992658,-12359.453251144292,-10369.935279618549,0.9281131132795181,474.1368262080329,1608.8830551747014,1.024612214807817,-1669.495801877254,-411.8719648383726,1.048370110402964,1396.448310995116,1744.0148334980174,0.9921743337158689
cms_robust_adv,plausibility,any,1,4,0.09291897035130081,0.08786132949403558,7025408.793870983,112889.91351609043,288754.4820315588,616515.5283673705,60.028733980656405,729405.4418834609,-256117.874879328,473287.56700413267,-273.31140970322144,527.9495281952911,0.9992319717337168,-369.2109530789013,397.31104507522764,0.9852955900168306,-656.9154459859387,152.92618925911418,0.9902813142021136,1011.8043114613115,1546.833549503551,1.0043305294081188,-12359.453251144292,-10427.704188393494,0.9288675258800333,474.1368262080329,1600.0853053940025,1.0212319994219232,-1669.495801877254,-386.07929613832556,1.0508468925312497,1396.448310995116,1685.388757398417,0.9944013497698359
cms_robust_adv,plan cost model,WLS,1,4,0.09291897035130081,0.09391355252731826,7025408.793870983,112869.84769605464,-153694.2396560265,455401.0144485882,60.018064065732105,568270.8621446429,-256117.874879328,312152.9872653147,-273.31140970322144,319.9455047632649,1.0074714616770868,-369.2109530789013,279.728202892111,1.0308533398723285,-656.9154459859387,-36.901021084238934,1.0166330565054669,1011.8043114613115,1444.2845391541214,1.0404532648748912,-12359.453251144292,-11058.31295064423,0.8800460097189701,474.1368262080329,1615.57781504609,0.9724422223973084,-1669.495801877254,-385.85095423112966,0.9822106270932417,1396.448310995116,1424.8712475003363,1.0854250292200758
cms_robust_adv,share of added codes real,0.0,1,4,0.09291897035130081,,,112869.84769605464,,609783.4812576325,,722653.3289536871,,,,,,,,,,,,,,,,,,,,,,,,,,
cms_robust_adv,share of added codes real,0.25,1,4,0.09291897035130081,,,18827.872663234197,,603895.2311248948,,622723.103788129,,,,,,,,,,,,,,,,,,,,,,,,,,
cms_robust_adv,share of added codes real,0.5,1,4,0.09291897035130081,,,-66852.65567177511,,596827.5672565163,,529974.9115847412,,,,,,,,,,,,,,,,,,,,,,,,,,
cms_robust_adv,share of added codes real,1.0,1,4,0.09291897035130081,,,-225739.02078037252,,584441.2720159598,,358702.2512355873,,,,,,,,,,,,,,,,,,,,,,,,,,
cms,cost per code,0.0,2,0,0.06253483966998485,0.057674254413777826,7450390.3280869825,741020.1889594144,550243.8207973355,880526.3810832832,60.006583138156046,1621546.5700426975,-1174143.6614468908,447402.9085958065,-1316.7756276254113,305.13380535071303,1.003081478982007,-1294.8975298561213,15.628053671480778,0.9791524701743485,-1100.2930316423356,312.8181213493951,1.0124577655985827,181.71068662008216,1058.366563045746,0.9967026818898318,-21637.471292332022,-15704.80938431461,0.9793299951278578,-547.7068361709272,1951.2084078002451,1.0436989358595306,-2801.385726871943,235.8352202998066,1.047147763421135,400.3420740374769,974.7879942938763,0.987630158504216
cms,cost per code,250.0,2,0,0.06253483966998485,0.057674254413777826,7450390.3280869825,726018.5431748753,550243.8207973355,880526.3810832832,60.006583138156046,1606544.9242581585,-1174143.6614468908,432401.2628112675,-1316.7756276254113,305.13380535071303,1.003081478982007,-1294.8975298561213,15.628053671480778,0.9791524701743485,-1100.2930316423356,312.8181213493951,1.0124577655985827,181.71068662008216,1058.366563045746,0.9967026818898318,-21637.471292332022,-15704.80938431461,0.9793299951278578,-547.7068361709272,1951.2084078002451,1.0436989358595306,-2801.385726871943,235.8352202998066,1.047147763421135,400.3420740374769,974.7879942938763,0.987630158504216
cms,cost per code,500.0,2,0,0.06253483966998485,0.057674254413777826,7450390.3280869825,711016.8973903364,550243.8207973355,880526.3810832832,60.006583138156046,1591543.2784736196,-1174143.6614468908,417399.6170267285,-1316.7756276254113,305.13380535071303,1.003081478982007,-1294.8975298561213,15.628053671480778,0.9791524701743485,-1100.2930316423356,312.8181213493951,1.0124577655985827,181.71068662008216,1058.366563045746,0.9967026818898318,-21637.471292332022,-15704.80938431461,0.9793299951278578,-547.7068361709272,1951.2084078002451,1.0436989358595306,-2801.385726871943,235.8352202998066,1.047147763421135,400.3420740374769,974.7879942938763,0.987630158504216
cms,cost per code,1000.0,2,0,0.06253483966998485,0.057674254413777826,7450390.3280869825,681013.6058212583,550243.8207973355,880526.3810832832,60.006583138156046,1561539.9869045415,-1174143.6614468908,387396.32545765047,-1316.7756276254113,305.13380535071303,1.003081478982007,-1294.8975298561213,15.628053671480778,0.9791524701743485,-1100.2930316423356,312.8181213493951,1.0124577655985827,181.71068662008216,1058.366563045746,0.9967026818898318,-21637.471292332022,-15704.80938431461,0.9793299951278578,-547.7068361709272,1951.2084078002451,1.0436989358595306,-2801.385726871943,235.8352202998066,1.047147763421135,400.3420740374769,974.7879942938763,0.987630158504216
cms,cost per code,2000.0,2,0,0.06253483966998485,0.057674254413777826,7450390.3280869825,621007.0226831022,550243.8207973355,880526.3810832832,60.006583138156046,1501533.4037663855,-1174143.6614468908,327389.7423194944,-1316.7756276254113,305.13380535071303,1.003081478982007,-1294.8975298561213,15.628053671480778,0.9791524701743485,-1100.2930316423356,312.8181213493951,1.0124577655985827,181.71068662008216,1058.366563045746,0.9967026818898318,-21637.471292332022,-15704.80938431461,0.9793299951278578,-547.7068361709272,1951.2084078002451,1.0436989358595306,-2801.385726871943,235.8352202998066,1.047147763421135,400.3420740374769,974.7879942938763,0.987630158504216
cms,cost per code,3000.0,2,0,0.06253483966998485,0.057674254413777826,7450390.3280869825,561000.4395449462,550243.8207973355,880526.3810832832,60.006583138156046,1441526.8206282293,-1174143.6614468908,267383.15918133844,-1316.7756276254113,305.13380535071303,1.003081478982007,-1294.8975298561213,15.628053671480778,0.9791524701743485,-1100.2930316423356,312.8181213493951,1.0124577655985827,181.71068662008216,1058.366563045746,0.9967026818898318,-21637.471292332022,-15704.80938431461,0.9793299951278578,-547.7068361709272,1951.2084078002451,1.0436989358595306,-2801.385726871943,235.8352202998066,1.047147763421135,400.3420740374769,974.7879942938763,0.987630158504216
cms,codes per person,1,2,0,0.06253483966998485,0.057674254413777826,7450390.3280869825,681013.6058212583,550243.8207973355,880526.3810832832,60.006583138156046,1561539.9869045415,-1174143.6614468908,387396.32545765047,-1316.7756276254113,305.13380535071303,1.003081478982007,-1294.8975298561213,15.628053671480778,0.9791524701743485,-1100.2930316423356,312.8181213493951,1.0124577655985827,181.71068662008216,1058.366563045746,0.9967026818898318,-21637.471292332022,-15704.80938431461,0.9793299951278578,-547.7068361709272,1951.2084078002451,1.0436989358595306,-2801.385726871943,235.8352202998066,1.047147763421135,400.3420740374769,974.7879942938763,0.987630158504216
cms,codes per person,2,2,0,0.06253483966998485,0.03826702753876088,7450390.3280869825,1356957.080573388,685659.4423861749,1001980.5362463437,120.00865297236177,2358937.616819732,-1174143.6614468908,1184793.9553728409,-1316.7756276254113,1118.4505991475535,1.0052575386753093,-1294.8975298561213,868.3605304273208,0.9825672254672897,-1100.2930316423356,974.7951836514038,1.0097457701419164,181.71068662008216,2419.098205288312,0.9987046508517293,-21637.471292332022,-15247.746449631668,0.9807150238080408,-547.7068361709272,3895.3786577271426,1.0509996767439649,-2801.385726871943,-23.82490884199437,1.034790259450582,400.3420740374769,1348.2669804981617,0.9889460475442461
cms,codes per person,3,2,0,0.06253483966998485,0.012687556446102422,7450390.3280869825,1964714.3643834684,815097.973193646,995577.6928623932,180.1073578453034,2960292.0572458617,-1174143.6614468908,1786148.3957989712,-1316.7756276254113,1437.9968313539646,1.0068555019010246,-1294.8975298561213,613.094404113193,0.9818157741845374,-1100.2930316423356,1813.3378960349762,1.0107432847500895,181.71068662008216,3102.16829451774,0.9994501623752352,-21637.471292332022,-19169.033718204253,0.9811108975048598,-547.7068361709272,5400.62054316219,1.053228821083867,-2801.385726871943,400.4764280325326,1.0345674327692544,400.3420740374769,2084.467957392152,0.9872824726551781
cms,reach,0.02,2,0,0.06253483966998485,0.06177563611345516,7450390.3280869825,227291.2273124461,425165.5971840992,819731.6325603368,20.027455856553857,1047022.859872783,-1174143.6614468908,-127120.80157410809,-1316.7756276254113,-114.84282140348604,1.0063785633771072,-1294.8975298561213,-259.1435500532689,0.9887302460286385,-1100.2930316423356,-69.40071267387721,1.0164991861196917,181.71068662008216,781.885481338419,0.9993441131395848,-21637.471292332022,-16039.204484636726,0.9813648735541602,-547.7068361709272,1119.1221257161487,1.0379471338228345,-2801.385726871943,-546.4202655357833,1.0382288336653793,400.3420740374769,837.1138415487428,1.0095423072202718
cms,reach,0.04,2,0,0.06253483966998485,0.05988211354378481,7450390.3280869825,455223.24444570445,491908.0022999892,852634.922889694,40.11137403240351,1307858.1673353985,-1174143.6614468908,133714.5058885075,-1316.7756276254113,122.5296680864809,1.0046399800603951,-1294.8975298561213,-108.85437397420327,0.9824681556182818,-1100.2930316423356,171.0751154415465,1.0188027342564767,181.71068662008216,865.5828486026835,0.9981694783133654,-21637.471292332022,-15713.876837015436,0.983192104103013,-547.7068361709272,1533.3658098293943,1.0414226004428309,-2801.385726871943,-109.72105714559775,1.0438015943340582,400.3420740374769,924.4706843656797,1.002248474932699
cms,reach,0.05,2,0,0.06253483966998485,0.05979257952057582,7450390.3280869825,568415.5229363127,519796.3954997254,858493.8109328626,50.08515695213378,1426909.3338691753,-1174143.6614468908,252765.67242228411,-1316.7756276254113,215.51968802493366,1.0040503395568758,-1294.8975298561213,-22.82947932847194,0.9808030242862458,-1100.2930316423356,267.1845430665288,1.0143397015275373,181.71068662008216,991.1528150402365,0.9992673080422659,-21637.471292332022,-15680.895219490087,0.9831809958523853,-547.7068361709272,1750.8255185476582,1.043564883735376,-2801.385726871943,15.568011963457227,1.045066212464413,400.3420740374769,940.6090191537814,0.9936928145122019
cms,reach,0.06,2,0,0.06253483966998485,0.057674254413777826,7450390.3280869825,681013.6058212583,550243.8207973355,880526.3810832832,60.006583138156046,1561539.9869045415,-1174143.6614468908,387396.32545765047,-1316.7756276254113,305.13380535071303,1.003081478982007,-1294.8975298561213,15.628053671480778,0.9791524701743485,-1100.2930316423356,312.8181213493951,1.0124577655985827,181.71068662008216,1058.366563045746,0.9967026818898318,-21637.471292332022,-15704.80938431461,0.9793299951278578,-547.7068361709272,1951.2084078002451,1.0436989358595306,-2801.385726871943,235.8352202998066,1.047147763421135,400.3420740374769,974.7879942938763,0.987630158504216
cms,reach,0.075,2,0,0.06253483966998485,0.05551423553809176,7450390.3280869825,851685.0146135197,594135.8501666608,910633.6185451874,75.04506106790106,1762318.633158707,-1174143.6614468908,588174.9717118164,-1316.7756276254113,462.87063436163777,1.0035997082641113,-1294.8975298561213,165.3120051146325,0.9788522379524424,-1100.2930316423356,556.6693214170438,1.0129682516445842,181.71068662008216,1301.0568922228967,0.9947726140151683,-21637.471292332022,-15349.675234093029,0.9843476205073788,-547.7068361709272,2324.9557644240176,1.0464411466142332,-2801.385726871943,551.9731027781057,1.0489660211944083,400.3420740374769,982.6719725184705,0.9850898137900439
cms,reach,0.1,2,0,0.06253483966998485,0.054533621792170694,7450390.3280869825,1136019.3117963742,652469.5855063885,907435.9224897771,100.09878906553267,2043455.2342861514,-1174143.6614468908,869311.5728392605,-1316.7756276254113,756.9666009644374,1.001812650798131,-1294.8975298561213,362.97232042704366,0.9788990858872135,-1100.2930316423356,974.7087324207203,1.0144237469130137,181.71068662008216,1629.835661273357,0.993939488375868,-21637.471292332022,-15100.859015413966,0.982787614342194,-547.7068361709272,2700.4181805661665,1.0501987999448514,-2801.385726871943,1015.6023190001343,1.053492505754366,400.3420740374769,1157.8692959751052,0.9834603275974653
cms,reach,0.25,2,0,0.06253483966998485,0.04049295983754564,7450390.3280869825,2838419.414312998,1037416.3434626079,1156077.2519139573,250.1034474348418,3994496.666226955,-1174143.6614468908,2820353.0047800634,-1316.7756276254113,2450.79834674974,0.9960804964296935,-1294.8975298561213,1796.6730239469907,0.960395784167659,-1100.2930316423356,2479.002219956971,0.9989274204189754,181.71068662008216,3915.877994894478,0.9790234424042719,-21637.471292332022,-12321.472498792265,1.0069685479635935,-547.7068361709272,5502.716102497508,1.0784377425211085,-2801.385726871943,3543.9040998003,1.0631576699234833,400.3420740374769,2214.205172908445,0.9511975069536537
cms,reach,0.5,2,0,0.06253483966998485,0.018530441612089388,7450390.3280869825,5509254.478981413,1734408.268594591,1418135.2354336856,500.11118552575346,6927389.714415099,-1174143.6614468908,5753246.052968208,-1316.7756276254113,5742.920224799493,0.9830731509026345,-1294.8975298561213,3952.1452029397315,0.9373050217851566,-1100.2930316423356,5328.248305966336,0.9898260222484007,181.71068662008216,6183.226075201621,0.9613081443004512,-21637.471292332022,-5005.035079794627,1.036289707581889,-547.7068361709272,10329.141854961961,1.10332961166429,-2801.385726871943,9505.166441597821,1.1223253781488134,400.3420740374769,3830.039548485284,0.9004715723593305
cms,reach,1.0,2,0,0.06253483966998485,0.009173080062196526,7450390.3280869825,6313858.960231566,1468899.1233217875,1353224.6894257017,695.6331554280972,7667083.649657267,-1174143.6614468908,6492939.988210376,-1316.7756276254113,6717.801669450605,0.9840622005380575,-1294.8975298561213,5029.008750731091,0.9384947396842095,-1100.2930316423356,6196.771870746345,0.9880134447720569,181.71068662008216,7240.943741943818,0.9778363602211843,-21637.471292332022,-4971.195874074487,1.0137311426821907,-547.7068361709272,11230.012559804136,1.0848695398997965,-2801.385726871943,9966.06090325186,1.098988909636907,400.3420740374769,4671.634208050453,0.8985533770166005
cms,tilt,0.0,2,0,0.06253483966998485,0.059441944668853886,7450390.3280869825,681013.6058212583,0.0,0.0,60.006583138156046,681013.6058212583,-1174143.6614468908,-493130.0556256327,-1316.7756276254113,-667.6382449828577,1.0,-1294.8975298561213,-912.5536069757698,1.0,-1100.2930316423356,-443.612605591965,1.0,181.71068662008216,618.1966600591498,1.0,-21637.471292332022,-20774.291201279928,1.0,-547.7068361709272,698.1785990247597,1.0,-2801.385726871943,-1466.4801530331404,1.0,400.3420740374769,639.8470016469089,1.0
cms,tilt,0.05,2,0,0.06253483966998485,0.05906520851463026,7450390.3280869825,681013.6058212583,137559.23348497684,220128.84010146782,60.006583138156046,901142.4459227261,-1174143.6614468908,-273001.2155241648,-1316.7756276254113,-423.88666791848374,1.0007703601035458,-1294.8975298561213,-684.1582544307977,0.9947881827755625,-1100.2930316423356,-252.74589678402737,1.0031144024192644,181.71068662008216,727.965402489292,0.999175680789775,-21637.471292332022,-19526.685913896683,0.9948325634584638,-547.7068361709272,1021.5878605413543,1.0109245972307976,-2801.385726871943,-1026.0332533409608,1.0117867933298086,400.3420740374769,722.8019546883265,0.9969075783313204
cms,tilt,0.1,2,0,0.06253483966998485,0.058648476485409606,7450390.3280869825,681013.6058212583,275119.6147699467,440259.5169671778,60.006583138156046,1121273.1227884362,-1174143.6614468908,-52870.53865845493,-1316.7756276254113,-180.50803691993482,1.001540726635009,-1294.8975298561213,-453.3551792227367,0.9895763220635042,-1100.2930316423356,-63.05912220493134,1.006228830825233,181.71068662008216,837.9163309156359,0.998351354701396,-21637.471292332022,-18266.041562714832,0.9896650837996211,-547.7068361709272,1338.0845930920311,1.0218492856168915,-2801.385726871943,-595.726592227847,1.023573685009113,400.3420740374769,806.2738627375444,0.9938151308593453
cms,tilt,0.2,2,0,0.06253483966998485,0.057674254413777826,7450390.3280869825,681013.6058212583,550243.8207973355,880526.3810832832,60.006583138156046,1561539.9869045415,-1174143.6614468908,387396.32545765047,-1316.7756276254113,305.13380535071303,1.003081478982007,-1294.8975298561213,15.628053671480778,0.9791524701743485,-1100.2930316423356,312.8181213493951,1.0124577655985827,181.71068662008216,1058.366563045746,0.9967026818898318,-21637.471292332022,-15704.80938431461,0.9793299951278578,-547.7068361709272,1951.2084078002451,1.0436989358595306,-2801.385726871943,235.8352202998066,1.047147763421135,400.3420740374769,974.7879942938763,0.987630158504216
cms,tilt,0.3,2,0,0.06253483966998485,0.056467888570349456,7450390.3280869825,681013.6058212583,825372.6181970942,1320800.5925322343,60.006583138156046,2001814.1983534924,-1174143.6614468908,827670.5369066014,-1316.7756276254113,789.2940926991765,1.0046222570416385,-1294.8975298561213,494.7122081779744,0.9687284443281777,-1100.2930316423356,684.1047911660046,1.0186868043226514,181.71068662008216,1279.5510061583402,0.9950539815646192,-21637.471292332022,-13088.897996353358,0.9689947339803922,-547.7068361709272,2539.196962634577,1.0655489507370446,-2801.385726871943,1030.7930210150328,1.0707222352459134,400.3420740374769,1145.4289108855446,0.9814450829320287
cms,tilt,0.5,2,0,0.06253483966998485,0.05303287571112847,7450390.3280869825,681013.6058212583,1375643.9875734653,2201371.058164374,60.006583138156046,2882384.663985632,-1174143.6614468908,1708241.0025387409,-1316.7756276254113,1753.1970389616185,1.0077038903013755,-1294.8975298561213,1484.5173314985402,0.9478798707473739,-1100.2930316423356,1413.2387378348806,1.0311451936333549,181.71068662008216,1724.1372461264175,0.9917564983704922,-21637.471292332022,-7685.880792760351,0.9483236942410849,-547.7068361709272,3645.7073977950577,1.1092500744332083,-2801.385726871943,2520.1564793688526,1.117872359173133,400.3420740374769,1493.254208257923,0.9690746221261437
cms,selection rule,smooth,2,0,0.06253483966998485,-2.510926590042882,7450390.3280869825,681013.6058212583,30615593.66092988,28259564.122391827,60.006583138156046,28940577.728213083,-1174143.6614468908,27766434.0667662,-1316.7756276254113,37327.08069455731,1.9976862492866772,-1294.8975298561213,29625.880179370895,0.6488173452905925,-1100.2930316423356,15155.84124816448,0.6329071376336718,181.71068662008216,11313.460880939845,0.38347587570109704,-21637.471292332022,42850.120429465765,3.233171580523071,-547.7068361709272,27926.842279714157,1.6267097210544597,-2801.385726871943,35901.61988629528,3.9315596393977277,400.3420740374769,9558.211551841352,0.31226656063612956
cms,plausibility,either,2,0,0.06253483966998485,0.057674254413777826,7450390.3280869825,681013.6058212583,550243.8207973355,880526.3810832832,60.006583138156046,1561539.9869045415,-1174143.6614468908,387396.32545765047,-1316.7756276254113,305.13380535071303,1.003081478982007,-1294.8975298561213,15.628053671480778,0.9791524701743485,-1100.2930316423356,312.8181213493951,1.0124577655985827,181.71068662008216,1058.366563045746,0.9967026818898318,-21637.471292332022,-15704.80938431461,0.9793299951278578,-547.7068361709272,1951.2084078002451,1.0436989358595306,-2801.385726871943,235.8352202998066,1.047147763421135,400.3420740374769,974.7879942938763,0.987630158504216
cms,plausibility,system,2,0,0.06253483966998485,0.0613857247375964,7450390.3280869825,627861.4867746602,537271.6371201514,767054.1390736084,60.022062642711646,1394915.6258482686,-1174143.6614468908,220771.9644013777,-1316.7756276254113,480.272341932579,1.006320510927027,-1294.8975298561213,50.79660873110844,0.9821228386977352,-1100.2930316423356,-207.72961829185726,1.0124136178795977,181.71068662008216,869.1889409460501,0.9964812518490714,-21637.471292332022,-13482.379555213583,0.9961652319566635,-547.7068361709272,2297.824411977658,1.0459666594049186,-2801.385726871943,140.3361408193426,1.0395337061994168,400.3420740374769,927.2954214277901,0.9978846859903118
cms,plausibility,use,2,0,0.06253483966998485,0.057351742672235084,7450390.3280869825,681218.8575371015,551641.2885752328,881443.1304252446,60.02466861258082,1562661.987962346,-1174143.6614468908,388518.32651545515,-1316.7756276254113,295.4885939449938,1.0029269474482971,-1294.8975298561213,3.0661313107163393,0.9795738315980568,-1100.2930316423356,319.66352665173963,1.0128789192969785,181.71068662008216,1058.3665630457458,0.9967104085729892,-21637.471292332022,-15641.906136506246,0.9810066742415535,-547.7068361709272,1958.6197254320834,1.043831897794798,-2801.385726871943,242.09407845477966,1.04740216953696,400.3420740374769,974.4032461628877,0.98733693283906
cms,plausibility,any,2,0,0.06253483966998485,0.05413477200710615,7450390.3280869825,681732.7254567955,540201.8955942211,908477.2671809258,60.06994738202327,1590209.9926377214,-1174143.6614468908,416066.3311908305,-1316.7756276254113,395.1464103367259,1.005392873673513,-1294.8975298561213,249.304422496158,0.9850088322990482,-1100.2930316423356,462.0709420906494,1.016926285534515,181.71068662008216,1270.6403291168642,0.9988897010269767,-21637.471292332022,-15486.671229581376,0.9856332549408287,-547.7068361709272,1963.6492638123211,1.0404215346427406,-2801.385726871943,273.3282610854874,1.045296269265894,400.3420740374769,1040.1193404190774,1.0024033205192928
cms,plan cost model,WLS,2,0,0.06253483966998485,0.06379082645269252,7450390.3280869825,681013.6058212583,214968.56334505964,679546.2905143346,60.006583138156046,1360559.896335593,-1174143.6614468908,186416.23488870208,-1316.7756276254113,170.87510236689832,1.0144878081509394,-1294.8975298561213,-179.1126687070579,1.008166309525015,-1100.2930316423356,64.98835279950428,1.0202999885468977,181.71068662008216,830.9961750746744,1.0158647716970761,-21637.471292332022,-16991.543495684746,0.9345260153816872,-547.7068361709272,1476.5751374089314,0.9950951521499108,-2801.385726871943,45.76376591001489,1.0112134803607031,400.3420740374769,935.0423371685727,1.0527765577447166
cms,share of added codes real,0.0,2,0,0.06253483966998485,,,681013.6058212583,,880526.3810832832,,1561539.9869045415,,,,,,,,,,,,,,,,,,,,,,,,,,
cms,share of added codes real,0.25,2,0,0.06253483966998485,,,479953.21885777527,,847247.0662445249,,1327200.2851023,,,,,,,,,,,,,,,,,,,,,,,,,,
cms,share of added codes real,0.5,2,0,0.06253483966998485,,,260125.36273556182,,810891.1606937672,,1071016.523429329,,,,,,,,,,,,,,,,,,,,,,,,,,
cms,share of added codes real,1.0,2,0,0.06253483966998485,,,-138088.16432366622,,745126.3801345646,,607038.2158108983,,,,,,,,,,,,,,,,,,,,,,,,,,
cms_pen_1,cost per code,0.0,2,0,0.05955937526220689,0.06022953588052149,7441502.570275562,149884.69414437757,331656.5407829374,839446.3267923055,60.004743858009455,989331.0209366829,-1183031.419258311,-193700.39832162825,-1679.0313465787845,-529.951749277894,0.9918831010028019,-1350.8930668517037,-463.99895572752973,0.9801441349012799,-1442.333107835592,-529.9666971057752,0.9973946711217982,538.0042528840303,1040.0418532393946,1.0141909499882633,-23852.11773327019,-18861.92798701211,0.9407680365988313,-1068.6414512916976,476.96130680728095,1.0161294439043318,-2742.2772957581224,-860.9925656707902,1.0570849061507128,512.1144156243591,884.2456917398866,0.9880349280476026
cms_pen_1,cost per code,250.0,2,0,0.05955937526220689,0.06022953588052149,7441502.570275562,134883.5081798752,331656.5407829374,839446.3267923055,60.004743858009455,974329.8349721807,-1183031.419258311,-208701.58428613062,-1679.0313465787845,-529.951749277894,0.9918831010028019,-1350.8930668517037,-463.99895572752973,0.9801441349012799,-1442.333107835592,-529.9666971057752,0.9973946711217982,538.0042528840303,1040.0418532393946,1.0141909499882633,-23852.11773327019,-18861.92798701211,0.9407680365988313,-1068.6414512916976,476.96130680728095,1.0161294439043318,-2742.2772957581224,-860.9925656707902,1.0570849061507128,512.1144156243591,884.2456917398866,0.9880349280476026
cms_pen_1,cost per code,500.0,2,0,0.05955937526220689,0.06022953588052149,7441502.570275562,119882.32221537284,331656.5407829374,839446.3267923055,60.004743858009455,959328.6490076781,-1183031.419258311,-223702.77025063298,-1679.0313465787845,-529.951749277894,0.9918831010028019,-1350.8930668517037,-463.99895572752973,0.9801441349012799,-1442.333107835592,-529.9666971057752,0.9973946711217982,538.0042528840303,1040.0418532393946,1.0141909499882633,-23852.11773327019,-18861.92798701211,0.9407680365988313,-1068.6414512916976,476.96130680728095,1.0161294439043318,-2742.2772957581224,-860.9925656707902,1.0570849061507128,512.1144156243591,884.2456917398866,0.9880349280476026
cms_pen_1,cost per code,1000.0,2,0,0.05955937526220689,0.06022953588052149,7441502.570275562,89879.95028636811,331656.5407829374,839446.3267923055,60.004743858009455,929326.2770786735,-1183031.419258311,-253705.1421796377,-1679.0313465787845,-529.951749277894,0.9918831010028019,-1350.8930668517037,-463.99895572752973,0.9801441349012799,-1442.333107835592,-529.9666971057752,0.9973946711217982,538.0042528840303,1040.0418532393946,1.0141909499882633,-23852.11773327019,-18861.92798701211,0.9407680365988313,-1068.6414512916976,476.96130680728095,1.0161294439043318,-2742.2772957581224,-860.9925656707902,1.0570849061507128,512.1144156243591,884.2456917398866,0.9880349280476026
cms_pen_1,cost per code,2000.0,2,0,0.05955937526220689,0.06022953588052149,7441502.570275562,29875.206428358666,331656.5407829374,839446.3267923055,60.004743858009455,869321.5332206641,-1183031.419258311,-313709.88603764714,-1679.0313465787845,-529.951749277894,0.9918831010028019,-1350.8930668517037,-463.99895572752973,0.9801441349012799,-1442.333107835592,-529.9666971057752,0.9973946711217982,538.0042528840303,1040.0418532393946,1.0141909499882633,-23852.11773327019,-18861.92798701211,0.9407680365988313,-1068.6414512916976,476.96130680728095,1.0161294439043318,-2742.2772957581224,-860.9925656707902,1.0570849061507128,512.1144156243591,884.2456917398866,0.9880349280476026
cms_pen_1,cost per code,3000.0,2,0,0.05955937526220689,0.05984116375020243,7441502.570275562,0.0,303017.1727417845,815853.6184017595,0.0,815853.6184017595,-1183031.419258311,-367177.80085655145,-1679.0313465787845,-676.519221776539,0.9934712888089899,-1350.8930668517037,-556.1904567428286,0.9819305902426222,-1442.333107835592,-642.9347980081524,0.9985159793999753,538.0042528840303,941.9801661984638,1.0162527306322395,-23852.11773327019,-19097.811926762675,0.9426724502549415,-1068.6414512916976,123.5483923895081,1.0064034528602237,-2742.2772957581224,-1052.2779241828775,1.0553321402900953,512.1144156243591,816.0702492738437,0.9926374447353704
cms_pen_1,codes per person,1,2,0,0.05955937526220689,0.06022953588052149,7441502.570275562,89879.95028636811,331656.5407829374,839446.3267923055,60.004743858009455,929326.2770786735,-1183031.419258311,-253705.1421796377,-1679.0313465787845,-529.951749277894,0.9918831010028019,-1350.8930668517037,-463.99895572752973,0.9801441349012799,-1442.333107835592,-529.9666971057752,0.9973946711217982,538.0042528840303,1040.0418532393946,1.0141909499882633,-23852.11773327019,-18861.92798701211,0.9407680365988313,-1068.6414512916976,476.96130680728095,1.0161294439043318,-2742.2772957581224,-860.9925656707902,1.0570849061507128,512.1144156243591,884.2456917398866,0.9880349280476026
cms_pen_1,codes per person,2,2,0,0.05955937526220689,0.0602083330696489,7441502.570275562,161189.01806309936,355599.10903049505,810059.77044083,120.04324750702352,971248.7885039294,-1183031.419258311,-211782.6307543817,-1679.0313465787845,-484.738468489613,0.9920218330137659,-1350.8930668517037,-384.7624005092641,0.9795893893504019,-1442.333107835592,-491.13537201498184,1.0012877549869592,538.0042528840303,1147.7505521263984,1.013424660773866,-23852.11773327019,-18699.353569050923,0.9504667910245694,-1068.6414512916976,683.4556218144915,1.0154116375098983,-2742.2772957581224,-757.8517211169676,1.0576241501412016,512.1144156243591,921.8677608518553,0.9868730727007764
cms_pen_1,codes per person,3,2,0,0.05955937526220689,0.05763635927887867,7441502.570275562,232287.66129035508,386837.35919953627,861759.415281411,180.34943848505824,1094047.076571766,-1183031.419258311,-88984.34268654512,-1679.0313465787845,-383.73006745424453,0.9901987126469293,-1350.8930668517037,-259.5233193256718,0.9791209446951633,-1442.333107835592,-332.36943671654825,1.0018196144992348,538.0042528840303,1370.0173824132391,1.0103151510850046,-23852.11773327019,-18683.60157677288,0.9410254433321187,-1068.6414512916976,871.3137561048106,1.0143971891179622,-2742.2772957581224,-617.9057704294212,1.0578098283299633,512.1144156243591,1196.8410137601968,0.990108676371141
cms_pen_1,reach,0.02,2,0,0.05955937526220689,0.060024167774498816,7441502.570275562,30083.492537594517,312675.460187136,821293.0731568111,20.084037188730836,851376.5656944056,-1183031.419258311,-331654.85356390575,-1679.0313465787845,-640.6963334226209,0.9921196705021011,-1350.8930668517037,-527.1285204760529,0.9818029994105033,-1442.333107835592,-614.5163113588068,0.9975068845825156,538.0042528840303,959.4535669103324,1.0159323011994956,-23852.11773327019,-19167.645735940096,0.9356429956272534,-1068.6414512916976,273.7302074115045,1.008241943594714,-2742.2772957581224,-975.5023387522408,1.0568099857908557,512.1144156243591,821.826702420861,0.9917513633020354
cms_pen_1,reach,0.04,2,0,0.05955937526220689,0.06037285330140285,7441502.570275562,60029.81541520138,327619.99671191047,831292.3302023215,40.07649855564131,891322.145617523,-1183031.419258311,-291709.2736407881,-1679.0313465787845,-588.6486428419906,0.9921274446719291,-1350.8930668517037,-498.62283194885356,0.9819005440208476,-1442.333107835592,-570.2737888255383,0.9982951531701546,538.0042528840303,974.1592240290109,1.0140911474265488,-23852.11773327019,-18945.513537923787,0.9391459312197387,-1068.6414512916976,384.87838136710553,1.0121696280537436,-2742.2772957581224,-880.8886285884407,1.0576241300577036,512.1144156243591,852.853241332828,0.9886700640478864
cms_pen_1,reach,0.05,2,0,0.05955937526220689,0.06030423224776338,7441502.570275562,74937.79582444877,330458.72539682535,839143.5821195146,50.0292137390273,914081.3779439633,-1183031.419258311,-268950.0413143477,-1679.0313465787845,-551.3943529624743,0.9914816187539623,-1350.8930668517037,-489.08215852694417,0.9794531429575042,-1442.333107835592,-547.1210577787392,0.9983193240262949,538.0042528840303,1005.8026562943875,1.0141306277204951,-23852.11773327019,-18873.745684579117,0.9415725043101526,-1068.6414512916976,443.11886999542514,1.0137254510282545,-2742.2772957581224,-866.843406486535,1.0576838515852727,512.1144156243591,881.6328756348149,0.9892239706728667
cms_pen_1,reach,0.06,2,0,0.05955937526220689,0.06022953588052149,7441502.570275562,89879.95028636811,331656.5407829374,839446.3267923055,60.004743858009455,929326.2770786735,-1183031.419258311,-253705.1421796377,-1679.0313465787845,-529.951749277894,0.9918831010028019,-1350.8930668517037,-463.99895572752973,0.9801441349012799,-1442.333107835592,-529.9666971057752,0.9973946711217982,538.0042528840303,1040.0418532393946,1.0141909499882633,-23852.11773327019,-18861.92798701211,0.9407680365988313,-1068.6414512916976,476.96130680728095,1.0161294439043318,-2742.2772957581224,-860.9925656707902,1.0570849061507128,512.1144156243591,884.2456917398866,0.9880349280476026
cms_pen_1,reach,0.075,2,0,0.05955937526220689,0.06128239829457127,7441502.570275562,112697.1831901156,333024.9673989674,834484.723345961,75.2377542410333,947181.9065360767,-1183031.419258311,-235849.51272223445,-1679.0313465787845,-511.2509445007684,0.9903279263232945,-1350.8930668517037,-448.674780287093,0.9801421230565327,-1442.333107835592,-496.11059444822416,0.9988911742715815,538.0042528840303,1082.3910421548867,1.013262190132829,-23852.11773327019,-18853.553545581744,0.9401373136768268,-1068.6414512916976,520.1080134476681,1.0156202592801724,-2742.2772957581224,-828.4197054452425,1.0561119861196273,512.1144156243591,924.7187590142216,0.9886645745012235
cms_pen_1,reach,0.1,2,0,0.05955937526220689,0.06109129204829111,7441502.570275562,149862.28667552795,340421.63632506167,847127.444529138,100.04954494622703,996989.731204666,-1183031.419258311,-186041.6880536453,-1679.0313465787845,-449.420407927407,0.9904369638329954,-1350.8930668517037,-361.30635566414054,0.9799398231814773,-1442.333107835592,-400.27500464534137,1.0019806012520847,538.0042528840303,1162.3417199428934,1.0080520522185479,-23852.11773327019,-18745.588349391135,0.9412586835564072,-1068.6414512916976,585.0087543246108,1.0154892787570418,-2742.2772957581224,-775.6777854658473,1.0564590303249424,512.1144156243591,1083.2603759784809,0.9902356451508303
cms_pen_1,reach,0.25,2,0,0.05955937526220689,0.06120228868120281,7441502.570275562,372339.5306720899,382352.1874883416,836386.4054483643,250.0109702916509,1208725.9361204542,-1183031.419258311,25694.51686214314,-1679.0313465787845,-206.4687883469879,0.9891286158565417,-1350.8930668517037,-142.8790243457212,0.9711894484535681,-1442.333107835592,-161.57001019673123,0.9996213343586867,538.0042528840303,1361.7239851941108,0.9956451866540411,-23852.11773327019,-18423.77144316256,0.9420410568670894,-1068.6414512916976,1302.3934677509296,1.0286832146721876,-2742.2772957581224,-446.9451926558157,1.0579019872401882,512.1144156243591,1156.403917618745,0.9766452834461979
cms_pen_1,reach,0.5,2,0,0.05955937526220689,0.06166499395618197,7441502.570275562,630108.6788464505,509391.5176996553,868690.5496039524,500.07183871598676,1498799.228450403,-1183031.419258311,315767.80919209204,-1679.0313465787845,336.96206197978574,0.9909814988868556,-1350.8930668517037,194.5811283880135,0.9664449945979131,-1442.333107835592,311.3321743791086,0.9985945391549055,538.0042528840303,1940.8516373207585,0.9993142350144458,-23852.11773327019,-16842.960470031794,0.9581115184479915,-1068.6414512916976,2006.9804990531338,1.034314130951911,-2742.2772957581224,842.8076076068569,1.079916777760544,512.1144156243591,1255.9156203813125,0.9688321673963067
cms_pen_1,reach,1.0,2,0,0.05955937526220689,0.0596718858180757,7441502.570275562,729856.0129904646,498355.9229229595,898064.2703997366,700.2671485070282,1627920.2833902014,-1183031.419258311,444888.8641318901,-1679.0313465787845,673.9809338108232,0.9934753329298918,-1350.8930668517037,576.3991478855307,0.9652166657362059,-1442.333107835592,660.5762184195605,0.9976965950056035,538.0042528840303,2288.193350232408,0.9970658834495475,-23852.11773327019,-16761.389867903796,0.9542496433834151,-1068.6414512916976,2310.1618296978236,1.0288555101002623,-2742.2772957581224,1024.6604752394985,1.0722779856827156,512.1144156243591,1575.1447986648834,0.9500479778008271
cms_pen_1,tilt,0.0,2,0,0.05955937526220689,0.06038908946994803,7441502.570275562,89879.95028636811,0.0,0.0,60.004743858009455,89879.95028636811,-1183031.419258311,-1093151.468971943,-1679.0313465787845,-1550.2265743993223,1.0,-1350.8930668517037,-1261.5706882353975,1.0,-1442.333107835592,-1345.6987526073428,1.0,538.0042528840303,638.1207531802805,1.0,-23852.11773327019,-23599.413377379286,1.0,-1068.6414512916976,-734.8298278514826,1.0,-2742.2772957581224,-2591.9137019425266,1.0,512.1144156243591,555.3329498919829,1.0
cms_pen_1,tilt,0.05,2,0,0.05955937526220689,0.06038792263883008,7441502.570275562,89879.95028636811,82912.52726999145,209857.5119234958,60.004743858009455,299737.46220986394,-1183031.419258311,-883293.957048447,-1679.0313465787845,-1296.7187269341416,0.9979708146027687,-1350.8930668517037,-1065.165735617859,0.9950361299898368,-1442.333107835592,-1142.1684325182018,0.9993486804115148,538.0042528840303,739.6647181744778,1.0035476686969942,-23852.11773327019,-22468.469597390205,0.9851922963160595,-1068.6414512916976,-428.2378999784958,1.004032282777872,-2742.2772957581224,-2140.925944691896,1.0142709497806153,512.1144156243591,636.8194368477943,0.9970087900205478
cms_pen_1,tilt,0.1,2,0,0.05955937526220689,0.06036293837299367,7441502.570275562,89879.95028636811,165826.12647661744,419717.73699496774,60.004743858009455,509597.6872813358,-1183031.419258311,-673433.7319769753,-1679.0313465787845,-1042.1745606985971,0.9959416029711643,-1350.8930668517037,-866.7887963642054,0.9900721958041585,-1442.333107835592,-938.3700035484533,0.9986973524024281,538.0042528840303,840.4945695427922,1.0070953832601095,-23852.11773327019,-21302.994966887007,0.9703844011903596,-1068.6414512916976,-124.09480609861714,1.0080646176872103,-2742.2772957581224,-1702.4474469768584,1.0285420840635537,512.1144156243591,718.7974071194359,0.9940175413691639
cms_pen_1,tilt,0.2,2,0,0.05955937526220689,0.06022953588052149,7441502.570275562,89879.95028636811,331656.5407829374,839446.3267923055,60.004743858009455,929326.2770786735,-1183031.419258311,-253705.1421796377,-1679.0313465787845,-529.951749277894,0.9918831010028019,-1350.8930668517037,-463.99895572752973,0.9801441349012799,-1442.333107835592,-529.9666971057752,0.9973946711217982,538.0042528840303,1040.0418532393946,1.0141909499882633,-23852.11773327019,-18861.92798701211,0.9407680365988313,-1068.6414512916976,476.96130680728095,1.0161294439043318,-2742.2772957581224,-860.9925656707902,1.0570849061507128,512.1144156243591,884.2456917398866,0.9880349280476026
cms_pen_1,tilt,0.3,2,0,0.05955937526220689,0.05995938673638823,7441502.570275562,89879.95028636811,497491.24308526533,1259185.7698129562,60.004743858009455,1349065.7200993244,-1183031.419258311,166034.30084101317,-1679.0313465787845,-13.506568887914035,0.9878244940908414,-1350.8930668517037,-52.955014071516445,0.9702158172814066,-1442.333107835592,-120.4845755441213,0.9960919561568036,538.0042528840303,1236.821410403474,1.021286700191577,-23852.11773327019,-16262.101158662303,0.9111509061957134,-1068.6414512916976,1068.5667885485072,1.0241944786594506,-2742.2772957581224,-63.76389742680242,1.0856284662901028,512.1144156243591,1051.7141382413636,0.9820521600293157
cms_pen_1,tilt,0.5,2,0,0.05955937526220689,0.058824058618522246,7441502.570275562,89879.95028636811,829173.5123432407,2098697.217208078,60.004743858009455,2188577.1674944465,-1183031.419258311,1005545.7482361351,-1679.0313465787845,1032.2614702666265,0.9797069654198466,-1350.8930668517037,794.931278944324,0.9503584118508471,-1442.333107835592,701.7332566446639,0.9934864251684945,538.0042528840303,1622.3045248223157,1.0354787510521515,-23852.11773327019,-10519.906875877103,0.8519143478358921,-1068.6414512916976,2224.303631930389,1.0403251738160386,-2742.2772957581224,1411.2653339616336,1.1427178008400851,512.1144156243591,1392.8613462052804,0.970086159878565
cms_pen_1,selection rule,smooth,2,0,0.05955937526220689,0.04633806429669618,7441502.570275562,89879.95028636811,7606427.623195467,6309624.495690315,60.004743858009455,6399504.445976684,-1183031.419258311,5216473.026718373,-1679.0313465787845,4290.823451121863,1.1026400247071333,-1350.8930668517037,5150.181370580345,0.7720326825017962,-1442.333107835592,980.4257128511837,0.8448611360672382,538.0042528840303,4621.249865846068,0.8058911013793314,-23852.11773327019,9804.573886366228,0.9730210098298336,-1068.6414512916976,4184.9036165444795,1.5853292147166103,-2742.2772957581224,8729.70760237508,2.334335487477046,512.1144156243591,3506.7917157416964,0.7336175611067804
cms_pen_1,plausibility,either,2,0,0.05955937526220689,0.06022953588052149,7441502.570275562,89879.95028636811,331656.5407829374,839446.3267923055,60.004743858009455,929326.2770786735,-1183031.419258311,-253705.1421796377,-1679.0313465787845,-529.951749277894,0.9918831010028019,-1350.8930668517037,-463.99895572752973,0.9801441349012799,-1442.333107835592,-529.9666971057752,0.9973946711217982,538.0042528840303,1040.0418532393946,1.0141909499882633,-23852.11773327019,-18861.92798701211,0.9407680365988313,-1068.6414512916976,476.96130680728095,1.0161294439043318,-2742.2772957581224,-860.9925656707902,1.0570849061507128,512.1144156243591,884.2456917398866,0.9880349280476026
cms_pen_1,plausibility,system,2,0,0.05955937526220689,0.0617632189281655,7441502.570275562,55254.76233058207,343035.3226378022,796971.6110204228,60.032635242644545,852226.3733510048,-1183031.419258311,-330805.0459073063,-1679.0313465787845,-553.2862101767153,0.9931738530587937,-1350.8930668517037,-482.65466651256384,0.9820313640531876,-1442.333107835592,-555.7964411346572,0.9984903518058816,538.0042528840303,1051.924710515746,1.0139431347197148,-23852.11773327019,-18634.025207999526,0.9467571072516671,-1068.6414512916976,97.15149129085616,1.0106301068376138,-2742.2772957581224,-670.5595809178296,1.059643558029705,512.1144156243591,882.6312773046178,0.990104646690818
cms_pen_1,plausibility,use,2,0,0.05955937526220689,0.06019891621288154,7441502.570275562,89973.99734287646,331894.86741741,840053.9965412748,60.06753060320013,930027.9938841512,-1183031.419258311,-253003.42537415988,-1679.0313465787845,-531.6653401243965,0.9913507857293699,-1350.8930668517037,-464.8597027975297,0.9804927768224788,-1442.333107835592,-524.5476985702682,0.9986006037200872,538.0042528840303,1028.1569386934423,1.0122806163148808,-23852.11773327019,-18861.927987012106,0.9407461986649523,-1068.6414512916976,475.0958775145676,1.0160904242331847,-2742.2772957581224,-857.7344231240514,1.0572248438297942,512.1144156243591,903.2906582096548,0.9895114666421362
cms_pen_1,plausibility,any,2,0,0.05955937526220689,0.05977407925837941,7441502.570275562,90155.57409851138,337355.3178151688,845437.8125466187,60.18875304132707,935593.3866451302,-1183031.419258311,-247438.03261318107,-1679.0313465787845,-522.699904262875,0.9912228189501102,-1350.8930668517037,-451.9669357636133,0.980273824331257,-1442.333107835592,-525.1020552757674,0.9977514487374313,538.0042528840303,1031.4884477109233,1.0147256976324643,-23852.11773327019,-18866.83094069837,0.9389695101515766,-1068.6414512916976,504.21533978788875,1.01187249704953,-2742.2772957581224,-821.2372909762324,1.0578000979066136,512.1144156243591,897.1445660977437,0.9884843397392771
cms_pen_1,plan cost model,WLS,2,0,0.05955937526220689,0.0654855431911423,7441502.570275562,89879.95028636811,-36854.79688364882,632502.4269480268,60.004743858009455,722382.3772343948,-1183031.419258311,-460649.04202391626,-1679.0313465787845,-711.1852640043661,1.0055261964860247,-1350.8930668517037,-590.4898620267159,1.0134061507756789,-1442.333107835592,-683.4336008279282,1.0109323101182042,538.0042528840303,815.469688777543,1.0452964680621095,-23852.11773327019,-20414.86087727296,0.8930467578335879,-1068.6414512916976,-61.446782872036835,0.9660841027837993,-2742.2772957581224,-1037.4316046545378,1.0089364855152623,512.1144156243591,1007.6728754154934,1.0658271780571407
cms_pen_1,share of added codes real,0.0,2,0,0.05955937526220689,,,89879.95028636811,,839446.3267923055,,929326.2770786736,,,,,,,,,,,,,,,,,,,,,,,,,,
cms_pen_1,share of added codes real,0.25,2,0,0.05955937526220689,,,7884.632615744424,,834320.5644894735,,842205.1971052178,,,,,,,,,,,,,,,,,,,,,,,,,,
cms_pen_1,share of added codes real,0.5,2,0,0.05955937526220689,,,-73828.51406545621,,832862.7812916936,,759034.2672262373,,,,,,,,,,,,,,,,,,,,,,,,,,
cms_pen_1,share of added codes real,1.0,2,0,0.05955937526220689,,,-244288.8514534192,,816005.1746509835,,571716.3231975643,,,,,,,,,,,,,,,,,,,,,,,,,,
cms_robust_adv,cost per code,0.0,2,0,0.0581730792275329,0.06015635646397677,6738305.265892167,165831.82230287834,262542.6586158898,795634.8115561262,60.090056655432775,961466.6338590045,-1886228.7236417055,-924762.0897827009,-2371.9303249721825,-1268.3980466534756,0.9968979977615953,-1898.2420061506557,-985.3707904241891,0.9900747770057008,-2053.5456615764115,-1180.2214427169026,1.00842873294188,-103.94421394313026,356.35048686427467,1.0112906656523444,-25051.16812754497,-20248.279384220066,0.9347113274127933,-1811.25612834494,-293.20568333352196,1.0094329884461781,-4208.771120762876,-2436.3333519663174,1.0386269769007768,114.44728922704459,475.1992120047894,1.020644037444484
cms_robust_adv,cost per code,250.0,2,0,0.0581730792275329,0.06015635646397677,6738305.265892167,150809.30813902014,262542.6586158898,795634.8115561262,60.090056655432775,946444.1196951463,-1886228.7236417055,-939784.603946559,-2371.9303249721825,-1268.3980466534756,0.9968979977615953,-1898.2420061506557,-985.3707904241891,0.9900747770057008,-2053.5456615764115,-1180.2214427169026,1.00842873294188,-103.94421394313026,356.35048686427467,1.0112906656523444,-25051.16812754497,-20248.279384220066,0.9347113274127933,-1811.25612834494,-293.20568333352196,1.0094329884461781,-4208.771120762876,-2436.3333519663174,1.0386269769007768,114.44728922704459,475.1992120047894,1.020644037444484
cms_robust_adv,cost per code,500.0,2,0,0.0581730792275329,0.06015635646397677,6738305.265892167,135786.79397516197,262542.6586158898,795634.8115561262,60.090056655432775,931421.6055312882,-1886228.7236417055,-954807.1181104172,-2371.9303249721825,-1268.3980466534756,0.9968979977615953,-1898.2420061506557,-985.3707904241891,0.9900747770057008,-2053.5456615764115,-1180.2214427169026,1.00842873294188,-103.94421394313026,356.35048686427467,1.0112906656523444,-25051.16812754497,-20248.279384220066,0.9347113274127933,-1811.25612834494,-293.20568333352196,1.0094329884461781,-4208.771120762876,-2436.3333519663174,1.0386269769007768,114.44728922704459,475.1992120047894,1.020644037444484
cms_robust_adv,cost per code,1000.0,2,0,0.0581730792275329,0.06015635646397677,6738305.265892167,105741.76564744556,262542.6586158898,795634.8115561262,60.090056655432775,901376.5772035718,-1886228.7236417055,-984852.1464381336,-2371.9303249721825,-1268.3980466534756,0.9968979977615953,-1898.2420061506557,-985.3707904241891,0.9900747770057008,-2053.5456615764115,-1180.2214427169026,1.00842873294188,-103.94421394313026,356.35048686427467,1.0112906656523444,-25051.16812754497,-20248.279384220066,0.9347113274127933,-1811.25612834494,-293.20568333352196,1.0094329884461781,-4208.771120762876,-2436.3333519663174,1.0386269769007768,114.44728922704459,475.1992120047894,1.020644037444484
cms_robust_adv,cost per code,2000.0,2,0,0.0581730792275329,0.06015635646397677,6738305.265892167,45651.70899201278,262542.6586158898,795634.8115561262,60.090056655432775,841286.520548139,-1886228.7236417055,-1044942.2030935663,-2371.9303249721825,-1268.3980466534756,0.9968979977615953,-1898.2420061506557,-985.3707904241891,0.9900747770057008,-2053.5456615764115,-1180.2214427169026,1.00842873294188,-103.94421394313026,356.35048686427467,1.0112906656523444,-25051.16812754497,-20248.279384220066,0.9347113274127933,-1811.25612834494,-293.20568333352196,1.0094329884461781,-4208.771120762876,-2436.3333519663174,1.0386269769007768,114.44728922704459,475.1992120047894,1.020644037444484
cms_robust_adv,cost per code,3000.0,2,0,0.0581730792275329,0.05958792180060524,6738305.265892167,0.0,227144.766217241,763276.4796914274,0.0,763276.4796914274,-1886228.7236417055,-1122952.243950278,-2371.9303249721825,-1482.356777833021,0.9963694194751368,-1898.2420061506557,-1098.244738816299,0.990557055913191,-2053.5456615764115,-1300.5626951257755,1.0042003342603756,-103.94421394313026,224.75000187565334,1.0133571861912276,-25051.16812754497,-20652.693942226048,0.9287344543602795,-1811.25612834494,-623.5019506287642,1.0015037749430347,-4208.771120762876,-2607.9062030598493,1.0380982053282277,114.44728922704459,441.23423223152514,1.0298320547195758
cms_robust_adv,codes per person,1,2,0,0.0581730792275329,0.06015635646397677,6738305.265892167,105741.76564744556,262542.6586158898,795634.8115561262,60.090056655432775,901376.5772035718,-1886228.7236417055,-984852.1464381336,-2371.9303249721825,-1268.3980466534756,0.9968979977615953,-1898.2420061506557,-985.3707904241891,0.9900747770057008,-2053.5456615764115,-1180.2214427169026,1.00842873294188,-103.94421394313026,356.35048686427467,1.0112906656523444,-25051.16812754497,-20248.279384220066,0.9347113274127933,-1811.25612834494,-293.20568333352196,1.0094329884461781,-4208.771120762876,-2436.3333519663174,1.0386269769007768,114.44728922704459,475.1992120047894,1.020644037444484
cms_robust_adv,codes per person,2,2,0,0.0581730792275329,0.06113806705105218,6738305.265892167,197482.7504191064,288166.33473758533,820352.4790584606,120.42570352341721,1017835.2294775669,-1886228.7236417055,-868393.4941641387,-2371.9303249721825,-1118.384857532011,0.9977817399606872,-1898.2420061506557,-870.2604828164186,0.9874199053180155,-2053.5456615764115,-912.8219967839752,1.0076273375170444,-103.94421394313026,498.94825157815797,1.0050734804062518,-25051.16812754497,-20234.317781838137,0.9327273899314192,-1811.25612834494,-63.898920546351626,1.013348967199596,-4208.771120762876,-2296.093843334936,1.0358838931570158,114.44728922704459,546.6655448349597,1.023929977269312
cms_robust_adv,codes per person,3,2,0,0.0581730792275329,0.05842498731150847,6738305.265892167,283191.63016493124,321062.6910979449,832166.8947342759,180.13544246483883,1115358.524899207,-1886228.7236417055,-770870.1987424983,-2371.9303249721825,-978.3224560560619,0.996278385432913,-1898.2420061506557,-769.4537340503034,0.9878449672674011,-2053.5456615764115,-911.9171993086305,1.0029564817982686,-103.94421394313026,730.4379806020189,1.005879682981983,-25051.16812754497,-20193.455752488495,0.932090592544584,-1811.25612834494,291.47236031988,1.023289952744644,-4208.771120762876,-2292.301171820993,1.0362511285731233,114.44728922704459,535.8156060863233,1.0190592800507146
cms_robust_adv,reach,0.02,2,0,0.0581730792275329,0.05991602726443912,6738305.265892167,35283.247830300454,238474.31597329612,767632.9914249777,20.05047247063485,802916.2392552781,-1886228.7236417055,-1083312.4843864276,-2371.9303249721825,-1425.4482985728398,0.9959056051165504,-1898.2420061506557,-1066.9567105991987,0.9903083569794933,-2053.5456615764115,-1285.881524719503,1.0055484965413888,-103.94421394313026,224.75000187565334,1.0134108297497624,-25051.16812754497,-20497.022645751007,0.929954567776081,-1811.25612834494,-446.61414332601737,1.0040948729535233,-4208.771120762876,-2515.0795536011624,1.0380597182040099,114.44728922704459,445.66899609894904,1.029886570399596
cms_robust_adv,reach,0.04,2,0,0.0581730792275329,0.05978563049990082,6738305.265892167,70686.80577895185,251954.41502467287,780150.1818836733,40.169313780996035,850836.9876626251,-1886228.7236417055,-1035391.7359790805,-2371.9303249721825,-1359.0214637577421,0.9967160448355479,-1898.2420061506557,-1034.9763719533162,0.9894515276786254,-2053.5456615764115,-1252.9687815490886,1.0063109550399616,-103.94421394313026,305.5036573304628,1.014602309901098,-25051.16812754497,-20301.846907868574,0.933756065799182,-1811.25612834494,-368.4554925921707,1.0058184373350525,-4208.771120762876,-2449.6312196761237,1.039526925098873,114.44728922704459,481.2091754204805,1.0278486267178715
cms_robust_adv,reach,0.05,2,0,0.0581730792275329,0.06004395711193089,6738305.265892167,88239.42463404585,256909.99556094295,797396.8100242002,50.14397095638712,885636.234658246,-1886228.7236417055,-1000592.4889834595,-2371.9303249721825,-1281.8365845200017,0.9967756210050354,-1898.2420061506557,-1013.1481100666144,0.9892216862623361,-2053.5456615764115,-1211.633973924299,1.0084746166851282,-103.94421394313026,325.3305843026989,1.0151734509218433,-25051.16812754497,-20263.625398151948,0.9347079290652617,-1811.25612834494,-332.9988357795301,1.007586840264521,-4208.771120762876,-2436.4449706752625,1.039911342586543,114.44728922704459,476.0068478991174,1.02317179003609
cms_robust_adv,reach,0.06,2,0,0.0581730792275329,0.06015635646397677,6738305.265892167,105741.76564744556,262542.6586158898,795634.8115561262,60.090056655432775,901376.5772035718,-1886228.7236417055,-984852.1464381336,-2371.9303249721825,-1268.3980466534756,0.9968979977615953,-1898.2420061506557,-985.3707904241891,0.9900747770057008,-2053.5456615764115,-1180.2214427169026,1.00842873294188,-103.94421394313026,356.35048686427467,1.0112906656523444,-25051.16812754497,-20248.279384220066,0.9347113274127933,-1811.25612834494,-293.20568333352196,1.0094329884461781,-4208.771120762876,-2436.3333519663174,1.0386269769007768,114.44728922704459,475.1992120047894,1.020644037444484
cms_robust_adv,reach,0.075,2,0,0.0581730792275329,0.06044697428981505,6738305.265892167,132019.93467723738,268325.4974915983,790344.5837292578,75.02319736982157,922364.5184064951,-1886228.7236417055,-963864.2052352106,-2371.9303249721825,-1275.5962966818017,0.9967424771404999,-1898.2420061506557,-971.1381181268965,0.987587153591227,-2053.5456615764115,-1145.1758372498741,1.0066729504031946,-103.94421394313026,354.2347257955803,1.0079746631585114,-25051.16812754497,-20159.9371169768,0.935488984926419,-1811.25612834494,-199.72832812783878,1.0112513544270132,-4208.771120762876,-2342.5458409019716,1.039244907364104,114.44728922704459,493.08911785479864,1.0216087308607884
cms_robust_adv,reach,0.1,2,0,0.0581730792275329,0.061795705722620164,6738305.265892167,176454.75497029402,274234.049182426,792793.413326663,100.27424980435462,969248.1682969569,-1886228.7236417055,-916980.5553447483,-2371.9303249721825,-1210.6973732735166,0.9971713664719611,-1898.2420061506557,-924.0553393557126,0.9885611470111559,-2053.5456615764115,-1066.8391191106844,1.0061149083363874,-103.94421394313026,438.50881952405274,1.0099652755290751,-25051.16812754497,-20046.073045273133,0.9359660017796351,-1811.25612834494,-84.01162939890652,1.0158295773735209,-4208.771120762876,-2313.030778929905,1.0373959380917221,114.44728922704459,566.535175892559,1.0240776905642288
cms_robust_adv,reach,0.25,2,0,0.0581730792275329,0.0621262872459597,6738305.265892167,438770.1080987493,318627.48528964503,813124.7400617258,250.0782280053498,1251894.848160475,-1886228.7236417055,-634333.8754812302,-2371.9303249721825,-872.4880510119231,0.9961265437980668,-1898.2420061506557,-686.4627734544351,0.9800533892988651,-2053.5456615764115,-768.955013773889,1.0031300059061308,-103.94421394313026,721.2857699984719,1.0044447804304695,-25051.16812754497,-19508.586145742018,0.943833666501781,-1811.25612834494,700.9632135444424,1.0325851599460196,-4208.771120762876,-1933.893634498301,1.0392060336594355,114.44728922704459,654.3250315918709,1.0025094657264357
cms_robust_adv,reach,0.5,2,0,0.0581730792275329,0.06376395578732175,6738305.265892167,813420.8129101385,471796.1953670992,826440.0176953231,500.0291345988732,1639860.8306054617,-1886228.7236417055,-246367.89303624345,-2371.9303249721825,-231.3400447949602,0.9896399209835472,-1898.2420061506557,-291.6843571556761,0.9652567020516469,-2053.5456615764115,-147.96240335247342,0.9957865696562836,-103.94421394313026,1479.338841382754,1.006952400658903,-25051.16812754497,-17541.3551013817,0.9627177787192801,-1811.25612834494,1319.7903233597146,1.037871842935425,-4208.771120762876,-276.55911425872824,1.0670337645240524,114.44728922704459,937.8213182686778,0.9735568573168923
cms_robust_adv,reach,1.0,2,0,0.0581730792275329,0.06185506361592763,6738305.265892167,1010772.2891509563,461549.2634020213,849385.46773563,700.2671485070282,1860157.7568865863,-1886228.7236417055,-26070.966755118945,-2371.9303249721825,226.63938412591787,0.988066025389946,-1898.2420061506557,252.77369798585642,0.9661268315286173,-2053.5456615764115,338.75454903379523,0.9935735642669333,-103.94421394313026,1850.2137119465958,0.9910424178205725,-25051.16812754497,-17662.91197556861,0.9496201365267138,-1811.25612834494,1712.2142868813016,1.041386928635881,-4208.771120762876,-129.21337142727558,1.054504029316006,114.44728922704459,1370.7280221320354,0.9450622573062268
cms_robust_adv,tilt,0.0,2,0,0.0581730792275329,0.05884794132574678,6738305.265892167,105741.76564744556,0.0,0.0,60.090056655432775,105741.76564744556,-1886228.7236417055,-1780486.9579942597,-2371.9303249721825,-2220.166441220043,1.0,-1898.2420061506557,-1792.3495594660135,1.0,-2053.5456615764115,-1923.5007067390625,1.0,-103.94421394313026,16.44609810445614,1.0,-25051.16812754497,-24812.534366510805,1.0,-1811.25612834494,-1490.5807814607185,1.0,-4208.771120762876,-4058.7933839396214,1.0,114.44728922704459,161.87747642753254,1.0
cms_robust_adv,tilt,0.05,2,0,0.0581730792275329,0.05917616609769194,6738305.265892167,105741.76564744556,65634.70937552725,198905.8079203075,60.090056655432775,304647.5735677531,-1886228.7236417055,-1581581.1500739525,-2371.9303249721825,-1982.7818025886318,0.9992245107272345,-1898.2420061506557,-1592.1132952033822,0.997518730364991,-2053.5456615764115,-1736.5114073761831,1.00210715256698,-103.94421394313026,102.13850371346057,1.0028226253312686,-25051.16812754497,-23728.287682165897,0.9836780694102566,-1811.25612834494,-1189.1285868067275,1.0023582127890058,-4208.771120762876,-3641.5460183049945,1.0096566036784402,114.44728922704459,241.41332387682354,1.0051609342464554
cms_robust_adv,tilt,0.1,2,0,0.0581730792275329,0.05950368363641878,6738305.265892167,105741.76564744556,131270.05559717148,397813.545801038,60.090056655432775,503555.31144848355,-1886228.7236417055,-1382673.412193222,-2371.9303249721825,-1745.0261048658454,0.9984490139299849,-1898.2420061506557,-1390.8764374168477,0.9950374366545048,-2053.5456615764115,-1550.3050279851273,1.0042143255794216,-103.94421394313026,187.35069427713233,1.00564527805015,-25051.16812754497,-22607.441554598685,0.9673559804506773,-1811.25612834494,-889.0885903753424,1.0047164484594822,-4208.771120762876,-3232.2004189618187,1.0193133010538074,114.44728922704459,320.1373599634937,1.0103219185688685
cms_robust_adv,tilt,0.2,2,0,0.0581730792275329,0.06015635646397677,6738305.265892167,105741.76564744556,262542.6586158898,795634.8115561262,60.090056655432775,901376.5772035718,-1886228.7236417055,-984852.1464381336,-2371.9303249721825,-1268.3980466534756,0.9968979977615953,-1898.2420061506557,-985.3707904241891,0.9900747770057008,-2053.5456615764115,-1180.2214427169026,1.00842873294188,-103.94421394313026,356.35048686427467,1.0112906656523444,-25051.16812754497,-20248.279384220066,0.9347113274127933,-1811.25612834494,-293.20568333352196,1.0094329884461781,-4208.771120762876,-2436.3333519663174,1.0386269769007768,114.44728922704459,475.1992120047894,1.020644037444484
cms_robust_adv,tilt,0.3,2,0,0.0581730792275329,0.060805366385347503,6738305.265892167,105741.76564744556,393817.8091303066,1193463.7974899875,60.090056655432775,1299205.563137433,-1886228.7236417055,-587023.1605042728,-2371.9303249721825,-790.2752682710494,0.9953469514939549,-1898.2420061506557,-575.7715558587568,0.9851120210507838,-2053.5456615764115,-813.2111847651958,1.0126432220897559,-103.94421394313026,523.4771441430763,1.016936162809772,-25051.16812754497,-17718.316145709374,0.9020660408679068,-1811.25612834494,297.1460405228569,1.0141496199627522,-4208.771120762876,-1669.5102407198774,1.0579410275518182,114.44728922704459,627.1589991083653,1.0309663566326766
cms_robust_adv,tilt,0.5,2,0,0.0581730792275329,0.06208866323507489,6738305.265892167,105741.76564744556,656375.7529428619,1989144.9307929575,60.090056655432775,2094886.6964404031,-1886228.7236417055,208657.97279869756,-2371.9303249721825,170.4826624111271,0.9922447686574162,-1898.2420061506557,255.95815365530268,0.9751862202113976,-2053.5456615764115,-88.25877892351706,1.0210724457512825,-103.94421394313026,852.2342543591948,1.0282274858030827,-25051.16812754497,-12066.000565679988,0.8367735671833629,-1811.25612834494,1461.561159204662,1.0235831575961911,-4208.771120762876,-216.86030472211962,1.0965702533097583,114.44728922704459,922.1374228333889,1.0516115959701176
cms_robust_adv,selection rule,smooth,2,0,0.0581730792275329,0.1368719276625635,6738305.265892167,105741.76564744556,5297162.019075126,4425561.451015835,60.090056655432775,4531303.21666328,-1886228.7236417055,2645074.493021575,-2371.9303249721825,1364.1220817076119,1.0843939627127681,-1898.2420061506557,2944.54686414919,0.8274155703426826,-2053.5456615764115,-106.05467132096408,0.9225542718561398,-103.94421394313026,2547.439402300187,0.8204847768601279,-25051.16812754497,9256.627104079173,0.934319351879342,-1811.25612834494,2177.6697290570914,1.5627798571531668,-4208.771120762876,3807.7058893628455,1.756191960731438,114.44728922704459,3789.3160667235884,0.9135837441306085
cms_robust_adv,plausibility,either,2,0,0.0581730792275329,0.06015635646397677,6738305.265892167,105741.76564744556,262542.6586158898,795634.8115561262,60.090056655432775,901376.5772035718,-1886228.7236417055,-984852.1464381336,-2371.9303249721825,-1268.3980466534756,0.9968979977615953,-1898.2420061506557,-985.3707904241891,0.9900747770057008,-2053.5456615764115,-1180.2214427169026,1.00842873294188,-103.94421394313026,356.35048686427467,1.0112906656523444,-25051.16812754497,-20248.279384220066,0.9347113274127933,-1811.25612834494,-293.20568333352196,1.0094329884461781,-4208.771120762876,-2436.3333519663174,1.0386269769007768,114.44728922704459,475.1992120047894,1.020644037444484
cms_robust_adv,plausibility,system,2,0,0.0581730792275329,0.061901218458913276,6738305.265892167,94750.53264359402,271690.26669071603,739735.3013243685,60.19802571507814,834485.8339679624,-1886228.7236417055,-1051742.889673743,-2371.9303249721825,-1354.2949285914183,0.9947983745235294,-1898.2420061506557,-994.424197811726,0.9899715617911578,-2053.5456615764115,-1205.5528473417853,1.0032211163837652,-103.94421394313026,364.89840232783405,1.0133803384909588,-25051.16812754497,-20105.970991108014,0.9303369597687997,-1811.25612834494,-604.572465443442,1.004898455165692,-4208.771120762876,-2128.215410477386,1.0448216370161783,114.44728922704459,468.1308509497581,1.027550846697389
cms_robust_adv,plausibility,use,2,0,0.0581730792275329,0.0600508250695192,6738305.265892167,105636.42824060803,263789.0634679792,797358.2556730703,60.03019638445992,902994.6839136783,-1886228.7236417055,-983234.0397280272,-2371.9303249721825,-1279.0756650926994,0.9959659970410808,-1898.2420061506557,-990.1840715968414,0.9885712887972613,-2053.5456615764115,-1174.0378661829413,1.0082348698785883,-103.94421394313026,356.3504868642744,1.0113016930825274,-25051.16812754497,-20257.471238524176,0.9347215197978853,-1811.25612834494,-259.0866191996055,1.0110381670250772,-4208.771120762876,-2450.9995764463856,1.0386383024146602,114.44728922704459,454.08144592342165,1.0203018673535365
cms_robust_adv,plausibility,any,2,0,0.0581730792275329,0.05950867347348887,6738305.265892167,105859.66078258098,263872.997688495,791677.4731821013,60.15705312845654,897537.1339646822,-1886228.7236417055,-988691.5896770232,-2371.9303249721825,-1294.8007077741188,0.996877979615853,-1898.2420061506557,-962.276595823268,0.9895621249046295,-2053.5456615764115,-1174.7740096104944,1.0064875870431358,-103.94421394313026,300.4467027929309,1.0108308096291487,-25051.16812754497,-20252.28300163815,0.9337521063358153,-1811.25612834494,-268.29306042607436,1.0066302133511391,-4208.771120762876,-2377.032019548842,1.040433528428471,114.44728922704459,508.45745474400667,1.0275433892181804
cms_robust_adv,plan cost model,WLS,2,0,0.0581730792275329,0.06502232640027561,6738305.265892167,105741.76564744556,-130899.39860062469,586671.300148664,60.090056655432775,692413.0657961096,-1886228.7236417055,-1193815.6578455959,-2371.9303249721825,-1460.6780002502614,1.0081940906080629,-1898.2420061506557,-1117.9917748192431,1.020306850948854,-2053.5456615764115,-1353.054729028395,1.0097378732735507,-103.94421394313026,153.78640865776515,1.0425811308224,-25051.16812754497,-21786.63747842344,0.8824976734783239,-1811.25612834494,-923.4576709875454,0.9577638979500602,-4208.771120762876,-2646.0251369936677,0.9803993010238158,114.44728922704459,568.698250225681,1.0906378946547615
cms_robust_adv,share of added codes real,0.0,2,0,0.0581730792275329,,,105741.76564744556,,795634.8115561262,,901376.5772035718,,,,,,,,,,,,,,,,,,,,,,,,,,
cms_robust_adv,share of added codes real,0.25,2,0,0.0581730792275329,,,15980.897100930537,,786495.1804922876,,802476.0775932182,,,,,,,,,,,,,,,,,,,,,,,,,,
cms_robust_adv,share of added codes real,0.5,2,0,0.0581730792275329,,,-70186.98515086887,,780048.0898524167,,709861.1047015478,,,,,,,,,,,,,,,,,,,,,,,,,,
cms_robust_adv,share of added codes real,1.0,2,0,0.0581730792275329,,,-228902.1464495409,,765545.8899040605,,536643.7434545197,,,,,,,,,,,,,,,,,,,,,,,,,,
cms,cost per code,0.0,2,1,0.1547706145915696,0.09886773417972183,7944988.4751308635,790785.4564322578,646844.4710879974,689754.283021623,60.019915184321704,1480539.7394538808,785207.6272290103,2265747.366682891,1057.210984590931,2511.204504207062,1.001231994521225,1425.7416236050592,2539.4890273028536,0.980142014925027,246.2553490800157,1608.2496716813166,0.9943554096762155,557.9338162294675,1804.7119549494628,0.9772824911500672,-5351.6104092340765,-1555.4321962151923,1.0181034146179053,582.1298927690725,3073.077099577633,1.0391198060108302,1693.4864921813949,4571.025922873773,1.0561963939101477,1993.7309082488898,2528.409816833247,0.9900659654778172
cms,cost per code,250.0,2,1,0.1547706145915696,0.09886773417972183,7944988.4751308635,775780.4776361773,646844.4710879974,689754.283021623,60.019915184321704,1465534.7606578006,785207.6272290103,2250742.38788681,1057.210984590931,2511.204504207062,1.001231994521225,1425.7416236050592,2539.4890273028536,0.980142014925027,246.2553490800157,1608.2496716813166,0.9943554096762155,557.9338162294675,1804.7119549494628,0.9772824911500672,-5351.6104092340765,-1555.4321962151923,1.0181034146179053,582.1298927690725,3073.077099577633,1.0391198060108302,1693.4864921813949,4571.025922873773,1.0561963939101477,1993.7309082488898,2528.409816833247,0.9900659654778172
cms,cost per code,500.0,2,1,0.1547706145915696,0.09886773417972183,7944988.4751308635,760775.498840097,646844.4710879974,689754.283021623,60.019915184321704,1450529.78186172,785207.6272290103,2235737.40909073,1057.210984590931,2511.204504207062,1.001231994521225,1425.7416236050592,2539.4890273028536,0.980142014925027,246.2553490800157,1608.2496716813166,0.9943554096762155,557.9338162294675,1804.7119549494628,0.9772824911500672,-5351.6104092340765,-1555.4321962151923,1.0181034146179053,582.1298927690725,3073.077099577633,1.0391198060108302,1693.4864921813949,4571.025922873773,1.0561963939101477,1993.7309082488898,2528.409816833247,0.9900659654778172
cms,cost per code,1000.0,2,1,0.1547706145915696,0.09886773417972183,7944988.4751308635,730765.5412479361,646844.4710879974,689754.283021623,60.019915184321704,1420519.824269559,785207.6272290103,2205727.4514985695,1057.210984590931,2511.204504207062,1.001231994521225,1425.7416236050592,2539.4890273028536,0.980142014925027,246.2553490800157,1608.2496716813166,0.9943554096762155,557.9338162294675,1804.7119549494628,0.9772824911500672,-5351.6104092340765,-1555.4321962151923,1.0181034146179053,582.1298927690725,3073.077099577633,1.0391198060108302,1693.4864921813949,4571.025922873773,1.0561963939101477,1993.7309082488898,2528.409816833247,0.9900659654778172
cms,cost per code,2000.0,2,1,0.1547706145915696,0.09886773417972183,7944988.4751308635,670745.6260636144,646844.4710879974,689754.283021623,60.019915184321704,1360499.9090852374,785207.6272290103,2145707.5363142476,1057.210984590931,2511.204504207062,1.001231994521225,1425.7416236050592,2539.4890273028536,0.980142014925027,246.2553490800157,1608.2496716813166,0.9943554096762155,557.9338162294675,1804.7119549494628,0.9772824911500672,-5351.6104092340765,-1555.4321962151923,1.0181034146179053,582.1298927690725,3073.077099577633,1.0391198060108302,1693.4864921813949,4571.025922873773,1.0561963939101477,1993.7309082488898,2528.409816833247,0.9900659654778172
cms,cost per code,3000.0,2,1,0.1547706145915696,0.09886773417972183,7944988.4751308635,610725.7108792927,646844.4710879974,689754.283021623,60.019915184321704,1300479.9939009156,785207.6272290103,2085687.6211299258,1057.210984590931,2511.204504207062,1.001231994521225,1425.7416236050592,2539.4890273028536,0.980142014925027,246.2553490800157,1608.2496716813166,0.9943554096762155,557.9338162294675,1804.7119549494628,0.9772824911500672,-5351.6104092340765,-1555.4321962151923,1.0181034146179053,582.1298927690725,3073.077099577633,1.0391198060108302,1693.4864921813949,4571.025922873773,1.0561963939101477,1993.7309082488898,2528.409816833247,0.9900659654778172
cms,codes per person,1,2,1,0.1547706145915696,0.09886773417972183,7944988.4751308635,730765.5412479361,646844.4710879974,689754.283021623,60.019915184321704,1420519.824269559,785207.6272290103,2205727.4514985695,1057.210984590931,2511.204504207062,1.001231994521225,1425.7416236050592,2539.4890273028536,0.980142014925027,246.2553490800157,1608.2496716813166,0.9943554096762155,557.9338162294675,1804.7119549494628,0.9772824911500672,-5351.6104092340765,-1555.4321962151923,1.0181034146179053,582.1298927690725,3073.077099577633,1.0391198060108302,1693.4864921813949,4571.025922873773,1.0561963939101477,1993.7309082488898,2528.409816833247,0.9900659654778172
cms,codes per person,2,2,1,0.1547706145915696,0.005697134491385758,7944988.4751308635,1368313.2278064596,780684.9026666103,851383.9437000569,120.01872581386026,2219697.1715065166,785207.6272290103,3004904.798735527,1057.210984590931,3242.3916112685974,1.0012587194762472,1425.7416236050592,3157.6036655387547,0.9810265784926373,246.2553490800157,2447.6107146391137,0.9949579737586336,557.9338162294675,2382.035360024437,0.9809282169805313,-5351.6104092340765,-935.5161099169405,1.0190588642665501,582.1298927690725,4500.4287608129325,1.0435266156636913,1693.4864921813949,4936.819388298211,1.0484819808183434,1993.7309082488898,2679.054851599418,0.9863890424443132
cms,codes per person,3,2,1,0.1547706145915696,-0.12195475609360695,7944988.4751308635,1947790.7904690003,903966.4256884363,978321.1887742444,180.09457996026205,2926111.979243245,785207.6272290103,3711319.6064722557,1057.210984590931,4056.8224678676597,1.0007774524292101,1425.7416236050592,3849.3388868289003,0.9817930699760148,246.2553490800157,3111.325656704047,0.9960424522624729,557.9338162294675,2749.294188901774,0.9808198959682921,-5351.6104092340765,188.51996313479836,1.0159190061616763,582.1298927690725,5961.574145786385,1.0412518176719585,1693.4864921813949,6071.730162119462,1.0484801804795993,1993.7309082488898,2909.856747352822,0.9874952260210252
cms,reach,0.02,2,1,0.1547706145915696,0.11921595572198795,7944988.4751308635,243643.36345500287,525738.5271729113,628471.2211397566,20.01114336182233,872114.5845947594,785207.6272290103,1657322.2118237696,1057.210984590931,2097.4616934180017,1.0031337815110293,1425.7416236050592,2124.630006123848,0.9825345000010212,246.2553490800157,1065.0008851509774,0.9934493638190446,557.9338162294675,1407.452369398129,0.9887229205616913,-5351.6104092340765,-2281.643118301646,1.011469581934252,582.1298927690725,2164.1744524719043,1.0328035035829854,1693.4864921813949,3695.587278521739,1.0491861625461634,1993.7309082488898,2348.1288379580938,0.9955447702402441
cms,reach,0.04,2,1,0.1547706145915696,0.11158973828956886,7944988.4751308635,487427.95298920496,584423.2943889664,643752.6096992543,40.0338860353485,1131180.5626884594,785207.6272290103,1916388.1899174692,1057.210984590931,2274.49138025933,1.0016757670508487,1425.7416236050592,2321.7566294558346,0.9816948714615736,246.2553490800157,1340.7960537001034,0.9937860960094624,557.9338162294675,1651.9396005371943,0.9850035980762564,-5351.6104092340765,-1620.3193214371745,1.0173593328606618,582.1298927690725,2626.3071021374767,1.0321636639509446,1693.4864921813949,4139.952330932955,1.0521659172345172,1993.7309082488898,2398.6116692281403,0.9905596694110311
cms,reach,0.05,2,1,0.1547706145915696,0.10456190718862068,7944988.4751308635,611638.5290195465,620387.0450304636,671583.284466779,50.235664605265285,1283221.8134863256,785207.6272290103,2068429.4407153353,1057.210984590931,2365.235424416008,1.0011693140215738,1425.7416236050592,2476.882971711049,0.9820425377781972,246.2553490800157,1525.0206148282991,0.9942276919378715,557.9338162294675,1719.249985462602,0.9822640454633973,-5351.6104092340765,-1607.0437441936467,1.0181101403130024,582.1298927690725,2802.874528181764,1.0345574984374462,1693.4864921813949,4395.349814247808,1.0551156035796159,1993.7309082488898,2477.5700747887445,0.9904491591520411
cms,reach,0.06,2,1,0.1547706145915696,0.09886773417972183,7944988.4751308635,730765.5412479361,646844.4710879974,689754.283021623,60.019915184321704,1420519.824269559,785207.6272290103,2205727.4514985695,1057.210984590931,2511.204504207062,1.001231994521225,1425.7416236050592,2539.4890273028536,0.980142014925027,246.2553490800157,1608.2496716813166,0.9943554096762155,557.9338162294675,1804.7119549494628,0.9772824911500672,-5351.6104092340765,-1555.4321962151923,1.0181034146179053,582.1298927690725,3073.077099577633,1.0391198060108302,1693.4864921813949,4571.025922873773,1.0561963939101477,1993.7309082488898,2528.409816833247,0.9900659654778172
cms,reach,0.075,2,1,0.1547706145915696,0.09502935243690791,7944988.4751308635,913195.5851764834,695644.2886067334,722085.5240484421,75.00342924680068,1635281.1092249255,785207.6272290103,2420488.7364539355,1057.210984590931,2661.7948382839995,1.0006999402500738,1425.7416236050592,2648.786626218109,0.9787418087673543,246.2553490800157,1828.258886257741,0.9928592731839652,557.9338162294675,1974.6015902875054,0.9782675147107772,-5351.6104092340765,-1377.8770905438328,1.0200709747603323,582.1298927690725,3467.186707861078,1.0433872118922147,1693.4864921813949,4815.6624920380955,1.058431756554925,1993.7309082488898,2546.3734464543495,0.9856706228887945
cms,reach,0.1,2,1,0.1547706145915696,0.0815323338906323,7944988.4751308635,1221151.107475658,766250.53958069,768081.5978576789,100.29671866131734,1989232.705333337,785207.6272290103,2774440.332562348,1057.210984590931,2873.923966284066,0.9985699620775328,1425.7416236050592,2911.6485533727955,0.9775905626910824,246.2553490800157,2023.37413718424,0.9877769359927806,557.9338162294675,2450.326037686631,0.9834947695862735,-5351.6104092340765,-971.218710426675,1.0218705455120694,582.1298927690725,3874.0058596407976,1.0476841551225986,1693.4864921813949,5324.341736690023,1.0623872012217142,1993.7309082488898,2689.404167364597,0.9785188938409374
cms,reach,0.25,2,1,0.1547706145915696,-0.01293547523334948,7944988.4751308635,3044507.138329198,1199694.7688038857,1028272.8197858738,250.05429225429643,4072779.958115072,785207.6272290103,4857987.585344082,1057.210984590931,4654.015612961842,0.9857512257378566,1425.7416236050592,4464.137960745455,0.9589879893488797,246.2553490800157,4100.589036290807,0.9898949216892544,557.9338162294675,4350.59095943652,0.9782035340374959,-5351.6104092340765,1336.06442662205,1.0396850723879962,582.1298927690725,6874.2024645531,1.0733923348293042,1693.4864921813949,8026.779039012099,1.0811524672905295,1993.7309082488898,3330.6290385317393,0.9312485725741372
cms,reach,0.5,2,1,0.1547706145915696,-0.17909002323008494,7944988.4751308635,5828441.425342624,1889779.6186329245,1453733.8466179606,500.0314624286898,7282175.271960584,785207.6272290103,8067382.899189595,1057.210984590931,8244.514511318032,0.9819682612933127,1425.7416236050592,6804.156928625144,0.934824445635442,246.2553490800157,7208.935257336343,0.9826756950727434,557.9338162294675,7076.047098337451,0.967239539226853,-5351.6104092340765,8369.963672883634,1.0871217182878083,582.1298927690725,12262.507990682167,1.0970130839881687,1693.4864921813949,13480.169332380872,1.1284204967133051,1993.7309082488898,5090.200378243262,0.8785354139485508
cms,reach,1.0,2,1,0.1547706145915696,-0.22113420999951283,7944988.4751308635,6877565.574150465,1543021.8775732035,1281780.5864446326,708.4949600164895,8159346.1605950985,785207.6272290103,8944553.787824107,1057.210984590931,9349.003897163899,0.9818592182228842,1425.7416236050592,8136.530717631482,0.9405243999092403,246.2553490800157,8325.121306015873,0.9823511854883545,557.9338162294675,8333.793403616713,0.9674803005556076,-5351.6104092340765,9144.66550116828,1.049938637608007,582.1298927690725,13214.420242098095,1.0957902728841773,1693.4864921813949,14116.24410521394,1.0996933341541002,1993.7309082488898,6032.327591104864,0.8907315594298844
cms,tilt,0.0,2,1,0.1547706145915696,0.1243052210586999,7944988.4751308635,730765.5412479361,0.0,0.0,60.019915184321704,730765.5412479361,785207.6272290103,1515973.1684769464,1057.210984590931,1744.6727281470266,1.0,1425.7416236050592,1920.9205581563288,1.0,246.2553490800157,925.2880111208159,1.0,557.9338162294675,1065.7774519189736,1.0,-5351.6104092340765,-3642.151269598978,1.0,582.1298927690725,2052.0953666264236,1.0,1693.4864921813949,3450.1697614633986,1.0,1993.7309082488898,2160.680658527577,1.0
cms,tilt,0.05,2,1,0.1547706145915696,0.11807153698781703,7944988.4751308635,730765.5412479361,161703.89365321523,172430.8674092451,60.019915184321704,903196.4086571812,785207.6272290103,1688404.0358861913,1057.210984590931,1936.4741196092832,1.0003079848710874,1425.7416236050592,2073.2411848472925,0.9950357255101377,246.2553490800157,1095.2969791619064,0.9985889154592323,557.9338162294675,1247.3374262908499,0.9943208765022654,-5351.6104092340765,-3113.44378879105,1.0045256514710714,582.1298927690725,2314.745512121594,1.009779514603054,1693.4864921813949,3742.017583320443,1.0140484708623327,1993.7309082488898,2251.9222125375654,0.9975166023152051
cms,tilt,0.1,2,1,0.1547706145915696,0.1117551731601647,7944988.4751308635,730765.5412479361,323412.60324218374,344866.87022964767,60.019915184321704,1075632.4114775837,785207.6272290103,1860840.038706594,1057.210984590931,2128.1631469850317,1.000615978914714,1425.7416236050592,2227.0939050323354,0.9900713031720915,246.2553490800157,1265.7921839447333,0.9971777888929308,557.9338162294675,1430.9887966489541,0.9886415838664024,-5351.6104092340765,-2589.463338205442,1.009051437727065,582.1298927690725,2572.364625187661,1.0195593204638687,1693.4864921813949,4025.897812096827,1.02809736012234,1993.7309082488898,2343.621944529749,0.995033130668779
cms,tilt,0.2,2,1,0.1547706145915696,0.09886773417972183,7944988.4751308635,730765.5412479361,646844.4710879974,689754.283021623,60.019915184321704,1420519.824269559,785207.6272290103,2205727.4514985695,1057.210984590931,2511.204504207062,1.001231994521225,1425.7416236050592,2539.4890273028536,0.980142014925027,246.2553490800157,1608.2496716813166,0.9943554096762155,557.9338162294675,1804.7119549494628,0.9772824911500672,-5351.6104092340765,-1555.4321962151923,1.0181034146179053,582.1298927690725,3073.077099577633,1.0391198060108302,1693.4864921813949,4571.025922873773,1.0561963939101477,1993.7309082488898,2528.409816833247,0.9900659654778172
cms,tilt,0.3,2,1,0.1547706145915696,0.08562910521013767,7944988.4751308635,730765.5412479361,970295.6052587832,1034662.2402114589,60.019915184321704,1765427.781459395,785207.6272290103,2550635.408688405,1057.210984590931,2893.7975881183506,1.0018480468228117,1425.7416236050592,2858.2975215574047,0.970212135205961,246.2553490800157,1952.6773305747995,0.9915328623348327,557.9338162294675,2187.2480067987067,0.9659227217905387,-5351.6104092340765,-539.5662187130268,1.0271559307206963,582.1298927690725,3555.315148542733,1.0586814567449876,1693.4864921813949,5087.930520004111,1.0842971015129694,1993.7309082488898,2715.0723760745673,0.9850985044006793
cms,tilt,0.5,2,1,0.1547706145915696,0.0580392138297976,7944988.4751308635,730765.5412479361,1617255.6794616708,1724539.7951279331,60.019915184321704,2455305.3363758693,785207.6272290103,3240512.963604879,1057.210984590931,3657.642080014873,1.0030802615243284,1425.7416236050592,3515.9611709873816,0.9503506011404151,246.2553490800157,2647.5115621668924,0.9858872632179726,557.9338162294675,2980.035824434097,0.9432011529000509,-5351.6104092340765,1439.5518681407718,1.0452625807548628,582.1298927690725,4468.3122653440605,1.0978082541913652,1693.4864921813949,6045.405070759918,1.1405035387619291,1993.7309082488898,3094.136837965784,0.9751626944821141
cms,selection rule,smooth,2,1,0.1547706145915696,-2.559605626602842,7944988.4751308635,730765.5412479361,36652762.01555115,32950283.39426892,60.019915184321704,33681048.93551685,785207.6272290103,34466256.56274587,1057.210984590931,41413.143669242694,1.8875367004828654,1425.7416236050592,47245.40593945126,0.9678454551218524,246.2553490800157,27687.414120610727,0.6724941586927973,557.9338162294675,-3380.714361508537,0.4180398428562163,-5351.6104092340765,52544.74344670046,6.187359668812075,582.1298927690725,38852.47321743096,2.517542165822441,1693.4864921813949,38995.19707464694,4.127856038733231,1993.7309082488898,11073.605961265315,0.1189749642989842
cms,plausibility,either,2,1,0.1547706145915696,0.09886773417972183,7944988.4751308635,730765.5412479361,646844.4710879974,689754.283021623,60.019915184321704,1420519.824269559,785207.6272290103,2205727.4514985695,1057.210984590931,2511.204504207062,1.001231994521225,1425.7416236050592,2539.4890273028536,0.980142014925027,246.2553490800157,1608.2496716813166,0.9943554096762155,557.9338162294675,1804.7119549494628,0.9772824911500672,-5351.6104092340765,-1555.4321962151923,1.0181034146179053,582.1298927690725,3073.077099577633,1.0391198060108302,1693.4864921813949,4571.025922873773,1.0561963939101477,1993.7309082488898,2528.409816833247,0.9900659654778172
cms,plausibility,system,2,1,0.1547706145915696,0.09306101751959661,7944988.4751308635,707230.8675936266,640232.3298426963,683545.98865852,60.0311339178922,1390776.8562521464,785207.6272290103,2175984.483481157,1057.210984590931,2785.5688532302133,1.0024587202833217,1425.7416236050592,2518.6518189039703,0.9797082355874215,246.2553490800157,1594.7939498363362,0.9979108084515241,557.9338162294675,1663.5241146045294,0.98441253321052,-5351.6104092340765,-121.99910845426174,1.0179838776660604,582.1298927690725,3560.160905211125,1.0373876828992268,1693.4864921813949,4070.356492284721,1.0499975196201097,1993.7309082488898,2615.693468612575,0.9889957191655964
cms,plausibility,use,2,1,0.1547706145915696,0.10362966388199757,7944988.4751308635,731198.0656796374,646717.2070314593,690647.2766273579,60.055439683275964,1421845.3423069953,785207.6272290103,2207052.969536006,1057.210984590931,2474.0722934016635,0.9997702433495677,1425.7416236050592,2511.7114454439675,0.9803481562580724,246.2553490800157,1675.7839711225363,0.9949029477746265,557.9338162294675,1843.406326484439,0.978415087894643,-5351.6104092340765,-1560.5502181633412,1.0176628603113915,582.1298927690725,3029.9427540145352,1.0379878616220473,1693.4864921813949,4518.791950455525,1.056100074423501,1993.7309082488898,2518.8551734492617,0.9904920781569856
cms,plausibility,any,2,1,0.1547706145915696,0.0913131376077535,7944988.4751308635,730989.9623731725,639619.0707659611,708797.9277531571,60.03834754893385,1439787.8901263296,785207.6272290103,2224995.5173553396,1057.210984590931,2504.0262237535967,1.0018154255011043,1425.7416236050592,2573.962904386709,0.9805719484449437,246.2553490800157,1649.5746321830652,0.9942013069373706,557.9338162294675,2014.4906680915963,0.9846976880149146,-5351.6104092340765,-1483.8219085802116,1.0170260365665702,582.1298927690725,2839.4133655151577,1.030872497671267,1693.4864921813949,4572.857344847093,1.05237063153093,1993.7309082488898,2604.721967040556,0.9900742340615453
cms,plan cost model,WLS,2,1,0.1547706145915696,0.11503877696984321,7944988.4751308635,730765.5412479361,317234.34971629985,452948.0599456304,60.019915184321704,1183713.6011935663,785207.6272290103,1968921.2284225768,1057.210984590931,2194.876639214796,1.009721559319978,1425.7416236050592,2299.2289749066827,1.004823020684736,246.2553490800157,1525.6805446807102,1.003028046044012,557.9338162294675,1505.500254159286,1.0010564576001273,-5351.6104092340765,-1935.735228778439,0.9852896474052059,582.1298927690725,2813.2135237354614,1.0107176080701346,1693.4864921813949,4244.9004181530145,1.0321227490601665,1993.7309082488898,2317.20214521606,0.9915686761630982
cms,share of added codes real,0.0,2,1,0.1547706145915696,,,730765.5412479361,,689754.283021623,,1420519.8242695592,,,,,,,,,,,,,,,,,,,,,,,,,,
cms,share of added codes real,0.25,2,1,0.1547706145915696,,,480671.4691798956,,647367.8703758678,,1128039.3395557634,,,,,,,,,,,,,,,,,,,,,,,,,,
cms,share of added codes real,0.5,2,1,0.1547706145915696,,,235493.28294904865,,604601.3102316587,,840094.5931807074,,,,,,,,,,,,,,,,,,,,,,,,,,
cms,share of added codes real,1.0,2,1,0.1547706145915696,,,-322015.4672794137,,507799.617335922,,185784.1500565083,,,,,,,,,,,,,,,,,,,,,,,,,,
cms_pen_1,cost per code,0.0,2,1,0.15195191735329705,0.1325781062335607,7919645.668519143,151301.21451112715,391627.6811052409,607388.165118977,60.16324396250286,758689.379630104,759864.8206172895,1518554.2002473937,509.40235399648634,1407.3679006163327,0.9915754043049237,1390.8431065946677,2075.9353861041977,0.9790965991168822,175.3175827498341,914.5257687130749,1.0045357662619165,704.2590062226235,1390.9754042440825,0.9889991671523458,-8116.856419116772,-5625.726698162294,0.9485059250330403,157.5205179178414,1399.369079228639,1.02308090055745,1415.7439858891387,2534.0542279549654,1.0520091384603667,2026.9599442103377,2442.721527951633,0.9820131981940452
cms_pen_1,cost per code,250.0,2,1,0.15195191735329705,0.1325781062335607,7919645.668519143,136260.40352050145,391627.6811052409,607388.165118977,60.16324396250286,743648.5686394784,759864.8206172895,1503513.389256768,509.40235399648634,1407.3679006163327,0.9915754043049237,1390.8431065946677,2075.9353861041977,0.9790965991168822,175.3175827498341,914.5257687130749,1.0045357662619165,704.2590062226235,1390.9754042440825,0.9889991671523458,-8116.856419116772,-5625.726698162294,0.9485059250330403,157.5205179178414,1399.369079228639,1.02308090055745,1415.7439858891387,2534.0542279549654,1.0520091384603667,2026.9599442103377,2442.721527951633,0.9820131981940452
cms_pen_1,cost per code,500.0,2,1,0.15195191735329705,0.1325781062335607,7919645.668519143,121219.59252987572,391627.6811052409,607388.165118977,60.16324396250286,728607.7576488527,759864.8206172895,1488472.5782661424,509.40235399648634,1407.3679006163327,0.9915754043049237,1390.8431065946677,2075.9353861041977,0.9790965991168822,175.3175827498341,914.5257687130749,1.0045357662619165,704.2590062226235,1390.9754042440825,0.9889991671523458,-8116.856419116772,-5625.726698162294,0.9485059250330403,157.5205179178414,1399.369079228639,1.02308090055745,1415.7439858891387,2534.0542279549654,1.0520091384603667,2026.9599442103377,2442.721527951633,0.9820131981940452
cms_pen_1,cost per code,1000.0,2,1,0.15195191735329705,0.1325781062335607,7919645.668519143,91137.97054862427,391627.6811052409,607388.165118977,60.16324396250286,698526.1356676013,759864.8206172895,1458390.9562848909,509.40235399648634,1407.3679006163327,0.9915754043049237,1390.8431065946677,2075.9353861041977,0.9790965991168822,175.3175827498341,914.5257687130749,1.0045357662619165,704.2590062226235,1390.9754042440825,0.9889991671523458,-8116.856419116772,-5625.726698162294,0.9485059250330403,157.5205179178414,1399.369079228639,1.02308090055745,1415.7439858891387,2534.0542279549654,1.0520091384603667,2026.9599442103377,2442.721527951633,0.9820131981940452
cms_pen_1,cost per code,2000.0,2,1,0.15195191735329705,0.1325781062335607,7919645.668519143,30974.72658612143,391627.6811052409,607388.165118977,60.16324396250286,638362.8917050983,759864.8206172895,1398227.712322388,509.40235399648634,1407.3679006163327,0.9915754043049237,1390.8431065946677,2075.9353861041977,0.9790965991168822,175.3175827498341,914.5257687130749,1.0045357662619165,704.2590062226235,1390.9754042440825,0.9889991671523458,-8116.856419116772,-5625.726698162294,0.9485059250330403,157.5205179178414,1399.369079228639,1.02308090055745,1415.7439858891387,2534.0542279549654,1.0520091384603667,2026.9599442103377,2442.721527951633,0.9820131981940452
cms_pen_1,cost per code,3000.0,2,1,0.15195191735329705,0.13623257391081267,7919645.668519143,0.0,371461.04618840007,619019.9206245817,0.0,619019.9206245817,759864.8206172895,1378884.7412418714,509.40235399648634,1325.9489205270243,0.995486989455132,1390.8431065946677,1955.971687865996,0.9817677600786696,175.3175827498341,832.9583529148418,1.0063005782833616,704.2590062226235,1287.1653816079545,0.9952566086058506,-8116.856419116772,-5928.984543549839,0.9462304345708358,157.5205179178414,1145.9543547855383,1.0203372708012535,1415.7439858891387,2404.6894031803545,1.05112414263148,2026.9599442103377,2373.024244511881,0.9850766752457109
cms_pen_1,codes per person,1,2,1,0.15195191735329705,0.1325781062335607,7919645.668519143,91137.97054862427,391627.6811052409,607388.165118977,60.16324396250286,698526.1356676013,759864.8206172895,1458390.9562848909,509.40235399648634,1407.3679006163327,0.9915754043049237,1390.8431065946677,2075.9353861041977,0.9790965991168822,175.3175827498341,914.5257687130749,1.0045357662619165,704.2590062226235,1390.9754042440825,0.9889991671523458,-8116.856419116772,-5625.726698162294,0.9485059250330403,157.5205179178414,1399.369079228639,1.02308090055745,1415.7439858891387,2534.0542279549654,1.0520091384603667,2026.9599442103377,2442.721527951633,0.9820131981940452
cms_pen_1,codes per person,2,2,1,0.15195191735329705,0.12900638896124816,7919645.668519143,172941.46235288033,418307.3026991704,636257.4527114651,120.067338554759,809198.9150643455,759864.8206172895,1569063.7356816349,509.40235399648634,1570.1840452797846,0.9902454239686042,1390.8431065946677,2177.1868563985004,0.973965398655584,175.3175827498341,1109.501461647565,1.000785271279353,704.2590062226235,1412.9879601351108,0.9890051913031817,-8116.856419116772,-5253.941985109259,0.9599732753796193,157.5205179178414,1701.61353872787,1.028474566933299,1415.7439858891387,2602.3736758466575,1.0489199317832172,2026.9599442103377,2439.5007851882806,0.9794429545780814
cms_pen_1,codes per person,3,2,1,0.15195191735329705,0.12271035977997047,7919645.668519143,253084.90301309412,443597.6609204521,665337.5027534743,180.00674239970297,918422.4057665685,759864.8206172895,1678287.2263838577,509.40235399648634,1702.7303818571047,0.990549572048259,1390.8431065946677,2240.5108162003316,0.9721896626839457,175.3175827498341,1260.6473138688675,1.0023455662190455,704.2590062226235,1656.7508021179942,0.9922510592720727,-8116.856419116772,-5369.112870128285,0.951991603631891,157.5205179178414,1929.976535511111,1.0292096955534704,1415.7439858891387,2659.4151078398854,1.0473891537372602,2026.9599442103377,2503.0422029938486,0.9757599576747621
cms_pen_1,reach,0.02,2,1,0.15195191735329705,0.13563223605445573,7919645.668519143,30307.13281576409,381915.1554159855,622181.4062678608,20.00675914136113,652488.539083625,759864.8206172895,1412353.3597009147,509.40235399648634,1381.7697507742903,0.9949119875949948,1390.8431065946677,1982.1509223881121,0.9813582484835085,175.3175827498341,883.212759257782,1.0060063527455065,704.2590062226235,1305.601529440297,0.9952468015666608,-8116.856419116772,-5693.536219211224,0.951732408733185,157.5205179178414,1264.0502298007364,1.0212521169536268,1415.7439858891387,2480.940063167621,1.0515609562111825,2026.9599442103377,2389.701432202394,0.9842155934418777
cms_pen_1,reach,0.04,2,1,0.15195191735329705,0.1330368195574142,7919645.668519143,60738.780995623376,389694.5938586713,612134.0587249423,40.09571506834349,672872.8397205657,759864.8206172895,1432737.6603378553,509.40235399648634,1376.9229703355747,0.9936970937730898,1390.8431065946677,2014.9923845168048,0.9806178148979815,175.3175827498341,827.8194129610986,1.0037996481590281,704.2590062226235,1354.2191162657762,0.9923069971868025,-8116.856419116772,-5620.897263780883,0.9513008268280312,157.5205179178414,1358.8325204823846,1.0211386611594548,1415.7439858891387,2526.345540742253,1.0527938516667448,2026.9599442103377,2402.427207815043,0.9838532372705787
cms_pen_1,reach,0.05,2,1,0.15195191735329705,0.13283721906011103,7919645.668519143,75841.57664264388,392046.6582543874,609413.4251618315,50.06557914977752,685255.0018044756,759864.8206172895,1445119.822421765,509.40235399648634,1391.6352457793157,0.9924031527752583,1390.8431065946677,2055.3444233424275,0.9803200526228525,175.3175827498341,853.3248883157255,1.002617577050531,704.2590062226235,1368.6551275814998,0.9911402235109373,-8116.856419116772,-5620.897263780882,0.9512887110999385,157.5205179178414,1369.5165433922416,1.0229374692956255,1415.7439858891387,2527.495252934029,1.0521758336330098,2026.9599442103377,2430.1690412246926,0.9852842369134078
cms_pen_1,reach,0.06,2,1,0.15195191735329705,0.1325781062335607,7919645.668519143,91137.97054862427,391627.6811052409,607388.165118977,60.16324396250286,698526.1356676013,759864.8206172895,1458390.9562848909,509.40235399648634,1407.3679006163327,0.9915754043049237,1390.8431065946677,2075.9353861041977,0.9790965991168822,175.3175827498341,914.5257687130749,1.0045357662619165,704.2590062226235,1390.9754042440825,0.9889991671523458,-8116.856419116772,-5625.726698162294,0.9485059250330403,157.5205179178414,1399.369079228639,1.02308090055745,1415.7439858891387,2534.0542279549654,1.0520091384603667,2026.9599442103377,2442.721527951633,0.9820131981940452
cms_pen_1,reach,0.075,2,1,0.15195191735329705,0.13158319465815393,7919645.668519143,113791.45426487648,394822.4925183758,603782.6244031271,75.11757155194951,717574.0786680036,759864.8206172895,1477438.8992852932,509.40235399648634,1421.823461893161,0.9904087874439584,1390.8431065946677,2094.521351697983,0.9775533840268763,175.3175827498341,931.1760256965426,1.0032138130867,704.2590062226235,1441.0861373893918,0.9905713753224142,-8116.856419116772,-5600.291866629912,0.9467342019249602,157.5205179178414,1428.0036086592168,1.023505535761396,1415.7439858891387,2570.6143201987766,1.0526976546727076,2026.9599442103377,2458.2506811752096,0.9822412359858532
cms_pen_1,reach,0.1,2,1,0.15195191735329705,0.13166527888753388,7919645.668519143,151586.73037770248,400732.63540935435,598468.2876154652,100.06750629065357,750055.0179931677,759864.8206172895,1509919.838610457,509.40235399648634,1461.738307681637,0.9892980475825819,1390.8431065946677,2139.9288749721322,0.9764497094371923,175.3175827498341,986.1955553090914,1.0020886196593821,704.2590062226235,1469.6978840054999,0.9880722142782444,-8116.856419116772,-5539.04082485338,0.9478656271554362,157.5205179178414,1553.8874517797851,1.026145521386784,1415.7439858891387,2609.29721096021,1.0517465541703843,2026.9599442103377,2474.111127216271,0.9797821606633367
cms_pen_1,reach,0.25,2,1,0.15195191735329705,0.12624158664941254,7919645.668519143,376759.68788404897,464908.27462162584,622434.7911911197,250.06634396601993,999194.4790751686,759864.8206172895,1759059.299692458,509.40235399648634,1821.750170338929,0.985673749960056,1390.8431065946677,2419.1249728122907,0.9654053406972952,175.3175827498341,1234.461493902194,0.9983685351343784,704.2590062226235,1826.8791469004655,0.9896038314084183,-8116.856419116772,-4923.8111344710205,0.9470289131912173,157.5205179178414,2296.4292828175453,1.038900990769837,1415.7439858891387,2982.4547393442203,1.0556302912011983,2026.9599442103377,2607.5405738508825,0.966094722796571
cms_pen_1,reach,0.5,2,1,0.15195191735329705,0.11315113253804865,7919645.668519143,671425.0045994247,599587.7527603497,665570.277014862,500.02558967633706,1336995.2816142868,759864.8206172895,2096860.1022315759,509.40235399648634,2364.1420705589267,0.9800008778713664,1390.8431065946677,2777.6086017170437,0.9525214910826024,175.3175827498341,1726.367205564647,0.9926969156575989,704.2590062226235,2384.4027291217144,0.9864922233257445,-8116.856419116772,-3583.9018634813783,0.9656446381880378,157.5205179178414,3099.9640764628675,1.0430653388273634,1415.7439858891387,4382.36830348993,1.0723939507113371,2026.9599442103377,2840.1322679059635,0.9386631079062242
cms_pen_1,reach,1.0,2,1,0.15195191735329705,0.10448425288209662,7919645.668519143,818408.1575071589,580312.5918584304,689359.6485368051,709.4618318512181,1507767.806043964,759864.8206172895,2267632.6266612536,509.40235399648634,2734.4489757218494,0.9833405770133228,1390.8431065946677,3213.4176054676414,0.9587544605661957,175.3175827498341,2212.486401162199,0.9888199241375779,704.2590062226235,2628.3000189486274,0.991354455999893,-8116.856419116772,-3556.7030827915232,0.9574875899887683,157.5205179178414,3397.8536984525967,1.047151141888773,1415.7439858891387,4583.902817021288,1.0662092402882164,2026.9599442103377,3161.19691878077,0.9158349253051226
cms_pen_1,tilt,0.0,2,1,0.15195191735329705,0.151669321112345,7919645.668519143,91137.97054862427,0.0,0.0,60.16324396250286,91137.97054862427,759864.8206172895,851002.791165914,509.40235399648634,638.5343521266844,1.0,1390.8431065946677,1495.5738420008872,1.0,175.3175827498341,327.0906593811028,1.0,704.2590062226235,807.2786280807563,1.0,-8116.856419116772,-7811.077605000422,1.0,157.5205179178414,476.550532065102,1.0,1415.7439858891387,1574.481715559682,1.0,2026.9599442103377,2068.4452729184304,1.0
cms_pen_1,tilt,0.05,2,1,0.15195191735329705,0.14711046598306476,7919645.668519143,91137.97054862427,97906.29115346419,151846.0655525685,60.16324396250286,242984.03610119276,759864.8206172895,1002848.8567184823,509.40235399648634,829.524487709113,0.9978938646097627,1390.8431065946677,1638.3766942225318,0.9947741833590916,175.3175827498341,474.44751285991873,1.0011339342790837,704.2590062226235,951.994603607915,0.9972498094601652,-8116.856419116772,-7286.118334403726,0.9871265639799385,157.5205179178414,711.2244105633764,1.0057701880614887,1415.7439858891387,1823.6106326437623,1.0130022010659996,2026.9599442103377,2160.7457831162073,0.9955033284430672
cms_pen_1,tilt,0.1,2,1,0.15195191735329705,0.14241302538481404,7919645.668519143,91137.97054862427,195813.00172036228,303692.78158713464,60.16324396250286,394830.75213575887,759864.8206172895,1154695.5727530485,509.40235399648634,1021.3233519418977,0.9957877201972093,1390.8431065946677,1782.6884550193633,0.9895483443316986,175.3175827498341,621.4715656489376,1.0022678734157433,704.2590062226235,1097.5115997195799,0.9944996071389952,-8116.856419116772,-6747.283473031361,0.9742530728123273,157.5205179178414,943.2219497668794,1.0115404008414537,1415.7439858891387,2066.4263264814244,1.0260044578311553,2026.9599442103377,2253.884317302415,0.9910066376231795
cms_pen_1,tilt,0.2,2,1,0.15195191735329705,0.1325781062335607,7919645.668519143,91137.97054862427,391627.6811052409,607388.165118977,60.16324396250286,698526.1356676013,759864.8206172895,1458390.9562848909,509.40235399648634,1407.3679006163327,0.9915754043049237,1390.8431065946677,2075.9353861041977,0.9790965991168822,175.3175827498341,914.5257687130749,1.0045357662619165,704.2590062226235,1390.9754042440825,0.9889991671523458,-8116.856419116772,-5625.726698162294,0.9485059250330403,157.5205179178414,1399.369079228639,1.02308090055745,1415.7439858891387,2534.0542279549654,1.0520091384603667,2026.9599442103377,2442.721527951633,0.9820131981940452
cms_pen_1,tilt,0.3,2,1,0.15195191735329705,0.12211233807995914,7919645.668519143,91137.97054862427,587444.038176199,911086.1506289684,60.16324396250286,1002224.1211775927,759864.8206172895,1762088.941794882,509.40235399648634,1796.7097072654617,0.9873630523226792,1390.8431065946677,2375.5132210477427,0.9686447643544003,175.3175827498341,1206.2622171024775,1.0068036785387693,704.2590062226235,1687.724291374773,0.9834986800394464,-8116.856419116772,-4441.5713325517,0.9227585566593041,157.5205179178414,1845.3439635722946,1.0346214991492602,1415.7439858891387,2979.124888973801,1.078014041890498,2026.9599442103377,2635.0511755997427,0.9730196817116061
cms_pen_1,tilt,0.5,2,1,0.15195191735329705,0.09904582024081987,7919645.668519143,91137.97054862427,979081.785462591,1518489.9277171525,60.16324396250286,1609627.898265777,759864.8206172895,2369492.718883067,509.40235399648634,2585.4555240701734,0.9789382400864581,1390.8431065946677,2994.4997643394695,0.9477408261818365,175.3175827498341,1785.8172433924394,1.0113395613855116,704.2590062226235,2291.3004538901987,0.9724975644324737,-8116.856419116772,-1863.2623458262783,0.8712631581171436,157.5205179178414,2708.1083750514726,1.057702992965403,1415.7439858891387,3807.8226967479955,1.1300245171649728,2026.9599442103377,3030.582628187493,0.9550324175828536
cms_pen_1,selection rule,smooth,2,1,0.15195191735329705,-0.23362112039712746,7919645.668519143,91137.97054862427,9328556.451240154,7451614.856496014,60.16324396250286,7542752.827044638,759864.8206172895,8302617.647661928,509.40235399648634,10166.305715376679,1.1191370245279006,1390.8431065946677,6306.211529759374,0.6950520589850202,175.3175827498341,10138.995958069743,0.9492336633985782,704.2590062226235,9746.623325616081,0.8574845166470317,-8116.856419116772,10332.995300491455,1.474589390316333,157.5205179178414,11565.02586056269,1.8378419773419303,1415.7439858891387,13867.847407371151,2.4775132153069053,2026.9599442103377,3854.9421715136405,0.5323203085670354
cms_pen_1,plausibility,either,2,1,0.15195191735329705,0.1325781062335607,7919645.668519143,91137.97054862427,391627.6811052409,607388.165118977,60.16324396250286,698526.1356676013,759864.8206172895,1458390.9562848909,509.40235399648634,1407.3679006163327,0.9915754043049237,1390.8431065946677,2075.9353861041977,0.9790965991168822,175.3175827498341,914.5257687130749,1.0045357662619165,704.2590062226235,1390.9754042440825,0.9889991671523458,-8116.856419116772,-5625.726698162294,0.9485059250330403,157.5205179178414,1399.369079228639,1.02308090055745,1415.7439858891387,2534.0542279549654,1.0520091384603667,2026.9599442103377,2442.721527951633,0.9820131981940452
cms_pen_1,plausibility,system,2,1,0.15195191735329705,0.13125927388524516,7919645.668519143,59109.578868300596,395289.06441095506,635231.416284539,60.06271776184272,694340.9951528397,759864.8206172895,1454205.8157701294,509.40235399648634,1443.813296474866,0.9940257734139151,1390.8431065946677,2032.9976121249877,0.9813759816702446,175.3175827498341,926.0868012800753,1.0037908515391607,704.2590062226235,1379.687749353197,0.995117416341862,-8116.856419116772,-5590.106778930692,0.948244446876228,157.5205179178414,1378.165660641664,1.0210644991425537,1415.7439858891387,2727.6506336296584,1.0548596828383139,2026.9599442103377,2418.8158826198724,0.984669611932246
cms_pen_1,plausibility,use,2,1,0.15195191735329705,0.13242081987877807,7919645.668519143,90913.1304806356,391563.1461969967,607308.7722306695,60.0148194608213,698221.9027113051,759864.8206172895,1458086.7233285948,509.40235399648634,1406.129201993081,0.9914945847076561,1390.8431065946677,2075.9620994529923,0.9791075279611615,175.3175827498341,915.4575253205926,1.0046444824748273,704.2590062226235,1394.9799020054365,0.986753582225971,-8116.856419116772,-5628.270216086305,0.9485053186999451,157.5205179178414,1393.2201817491627,1.023620164945269,1415.7439858891387,2535.7865275434997,1.0521668981051069,2026.9599442103377,2442.721527951633,0.9820125704414016
cms_pen_1,plausibility,any,2,1,0.15195191735329705,0.13179591090439624,7919645.668519143,90957.05229015318,399672.79063784634,622026.0148353573,60.04381372660724,712983.0671255105,759864.8206172895,1472847.8877428,509.40235399648634,1452.8569142381662,0.9939911575548355,1390.8431065946677,2053.0971894048603,0.9810996322454718,175.3175827498341,882.4532067400459,1.0049471982062945,704.2590062226235,1477.8481079674611,0.9925120628681438,-8116.856419116772,-5506.030851298549,0.9508414231279442,157.5205179178414,1434.8713609886026,1.0216607488086236,1415.7439858891387,2568.458428512886,1.0521241989944246,2026.9599442103377,2456.076796807491,0.9836091874810057
cms_pen_1,plan cost model,WLS,2,1,0.15195191735329705,0.14198087659605374,7919645.668519143,91137.97054862427,7697.9265584336035,378514.1605085582,60.16324396250286,469652.13105718244,759864.8206172895,1229516.9516744723,509.40235399648634,1090.3188470245282,1.001995464068292,1390.8431065946677,1755.5432810891639,1.006437911814165,175.3175827498341,767.9833017905883,1.007135343548712,704.2590062226235,1201.692495720867,1.017360056102252,-8116.856419116772,-6323.372993867504,0.9223863573585738,157.5205179178414,1157.1611620599356,0.996153766566754,1415.7439858891387,2407.221394143297,1.0102100686783342,2026.9599442103377,2171.853788258645,1.0064229850189133
cms_pen_1,share of added codes real,0.0,2,1,0.15195191735329705,,,91137.97054862427,,607388.165118977,,698526.1356676013,,,,,,,,,,,,,,,,,,,,,,,,,,
cms_pen_1,share of added codes real,0.25,2,1,0.15195191735329705,,,20149.548992856122,,601201.8927574165,,621351.4417502726,,,,,,,,,,,,,,,,,,,,,,,,,,
cms_pen_1,share of added codes real,0.5,2,1,0.15195191735329705,,,-46424.5311451001,,595385.237806866,,548960.7066617658,,,,,,,,,,,,,,,,,,,,,,,,,,
cms_pen_1,share of added codes real,1.0,2,1,0.15195191735329705,,,-202635.72698203882,,583968.197192556,,381332.4702105172,,,,,,,,,,,,,,,,,,,,,,,,,,
cms_robust_adv,cost per code,0.0,2,1,0.15761872970894952,0.13912886162896643,7103546.196778034,178417.803089589,289526.23504914495,529149.694633845,60.04529941549205,707567.497723434,-56234.651123819116,651332.8465996148,-250.70047944828923,606.3259021620223,0.9914539427022908,810.7318495946512,1426.1924800119841,0.9861858602312642,-545.4798110122885,120.11594972990946,0.9992019089005345,14.21969087937715,670.1902675597983,0.9955961042761596,-9541.566761117374,-7063.589192506743,0.9436576365920559,-746.3528524166157,606.2075614322341,1.022609756051163,-318.51743736444286,751.7488333596478,1.040963215708404,1600.7474212322115,1917.6492645350477,1.0026183163719447
cms_robust_adv,cost per code,250.0,2,1,0.15761872970894952,0.13912886162896643,7103546.196778034,163406.47823571597,289526.23504914495,529149.694633845,60.04529941549205,692556.172869561,-56234.651123819116,636321.5217457417,-250.70047944828923,606.3259021620223,0.9914539427022908,810.7318495946512,1426.1924800119841,0.9861858602312642,-545.4798110122885,120.11594972990946,0.9992019089005345,14.21969087937715,670.1902675597983,0.9955961042761596,-9541.566761117374,-7063.589192506743,0.9436576365920559,-746.3528524166157,606.2075614322341,1.022609756051163,-318.51743736444286,751.7488333596478,1.040963215708404,1600.7474212322115,1917.6492645350477,1.0026183163719447
cms_robust_adv,cost per code,500.0,2,1,0.15761872970894952,0.13912886162896643,7103546.196778034,148395.15338184295,289526.23504914495,529149.694633845,60.04529941549205,677544.848015688,-56234.651123819116,621310.1968918687,-250.70047944828923,606.3259021620223,0.9914539427022908,810.7318495946512,1426.1924800119841,0.9861858602312642,-545.4798110122885,120.11594972990946,0.9992019089005345,14.21969087937715,670.1902675597983,0.9955961042761596,-9541.566761117374,-7063.589192506743,0.9436576365920559,-746.3528524166157,606.2075614322341,1.022609756051163,-318.51743736444286,751.7488333596478,1.040963215708404,1600.7474212322115,1917.6492645350477,1.0026183163719447
cms_robust_adv,cost per code,1000.0,2,1,0.15761872970894952,0.13912886162896643,7103546.196778034,118372.50367409692,289526.23504914495,529149.694633845,60.04529941549205,647522.1983079419,-56234.651123819116,591287.5471841227,-250.70047944828923,606.3259021620223,0.9914539427022908,810.7318495946512,1426.1924800119841,0.9861858602312642,-545.4798110122885,120.11594972990946,0.9992019089005345,14.21969087937715,670.1902675597983,0.9955961042761596,-9541.566761117374,-7063.589192506743,0.9436576365920559,-746.3528524166157,606.2075614322341,1.022609756051163,-318.51743736444286,751.7488333596478,1.040963215708404,1600.7474212322115,1917.6492645350477,1.0026183163719447
cms_robust_adv,cost per code,2000.0,2,1,0.15761872970894952,0.13912886162896643,7103546.196778034,58327.20425860487,289526.23504914495,529149.694633845,60.04529941549205,587476.8988924499,-56234.651123819116,531242.2477686306,-250.70047944828923,606.3259021620223,0.9914539427022908,810.7318495946512,1426.1924800119841,0.9861858602312642,-545.4798110122885,120.11594972990946,0.9992019089005345,14.21969087937715,670.1902675597983,0.9955961042761596,-9541.566761117374,-7063.589192506743,0.9436576365920559,-746.3528524166157,606.2075614322341,1.022609756051163,-318.51743736444286,751.7488333596478,1.040963215708404,1600.7474212322115,1917.6492645350477,1.0026183163719447
cms_robust_adv,cost per code,3000.0,2,1,0.15761872970894952,0.14182779723415295,7103546.196778034,0.0,262768.12977410713,521862.72535663977,0.0,521862.72535663977,-56234.651123819116,465628.0742328207,-250.70047944828923,452.51113744360595,0.9915037842413897,810.7318495946512,1318.1106572949097,0.9883993160681294,-545.4798110122885,-35.14098809356985,0.9994214095499991,14.21969087937715,532.0164936957958,0.9964816234201024,-9541.566761117374,-7307.708516361653,0.9442035681778232,-746.3528524166157,192.50687264323065,1.0215595907369042,-318.51743736444286,551.1259013877575,1.0403403543500616,1600.7474212322115,1894.9374398980635,1.0061163830552668
cms_robust_adv,codes per person,1,2,1,0.15761872970894952,0.13912886162896643,7103546.196778034,118372.50367409692,289526.23504914495,529149.694633845,60.04529941549205,647522.1983079419,-56234.651123819116,591287.5471841227,-250.70047944828923,606.3259021620223,0.9914539427022908,810.7318495946512,1426.1924800119841,0.9861858602312642,-545.4798110122885,120.11594972990946,0.9992019089005345,14.21969087937715,670.1902675597983,0.9955961042761596,-9541.566761117374,-7063.589192506743,0.9436576365920559,-746.3528524166157,606.2075614322341,1.022609756051163,-318.51743736444286,751.7488333596478,1.040963215708404,1600.7474212322115,1917.6492645350477,1.0026183163719447
cms_robust_adv,codes per person,2,2,1,0.15761872970894952,0.1341471407199767,7103546.196778034,225658.57436766106,323337.5157711709,545787.0185556257,120.04137928254222,771445.5929232867,-56234.651123819116,715210.9417994674,-250.70047944828923,751.2513780912154,0.9914433602293429,810.7318495946512,1624.1350249834923,0.9814089160939824,-545.4798110122885,267.2361312085805,0.9973928515067362,14.21969087937715,768.6509747292334,0.9942449939091575,-9541.566761117374,-7087.226443896718,0.949104365585038,-746.3528524166157,868.1419649194811,1.0294613426493038,-318.51743736444286,805.364794724917,1.0397618175586343,1600.7474212322115,1944.4405331062947,0.981586126581058
cms_robust_adv,codes per person,3,2,1,0.15761872970894952,0.1266241994385744,7103546.196778034,321886.9783821581,349823.46560440684,586965.6930170876,180.09990169638542,908852.6713992457,-56234.651123819116,852618.0202754266,-250.70047944828923,889.6485989975496,0.9885936482604322,810.7318495946512,1773.4495426306946,0.9788782217145694,-545.4798110122885,433.47838260056926,0.9978182328063733,14.21969087937715,982.8161658543528,0.9979695913836589,-9541.566761117374,-6797.15734661186,0.9508524154303559,-746.3528524166157,1150.7782036943963,1.0289131110663932,-318.51743736444286,903.2647444576112,1.0371456660671055,1600.7474212322115,2073.451776130412,0.9801548006943703
cms_robust_adv,reach,0.02,2,1,0.15761872970894952,0.14009573317450763,7103546.196778034,39743.80010145616,273675.38402641413,523314.2527579315,20.160326958798723,563058.0528593876,-56234.651123819116,506823.40173556854,-250.70047944828923,493.37804618019504,0.9913164130649458,810.7318495946512,1343.9689407829032,0.9879848207419858,-545.4798110122885,10.823879679247222,0.9994858467172819,14.21969087937715,570.4039442950706,0.9972293230052237,-9541.566761117374,-7166.151304836888,0.9444417482838757,-746.3528524166157,395.6127607907682,1.0198127084176247,-318.51743736444286,614.0197794740379,1.0418895750857928,1600.7474212322115,1895.1147019978148,1.0043001466186128
cms_robust_adv,reach,0.04,2,1,0.15761872970894952,0.1393305755844656,7103546.196778034,79049.95491864686,281561.66323000396,527825.840537093,40.09865521590703,606875.7954557397,-56234.651123819116,550641.1443319208,-250.70047944828923,546.5800545428451,0.9915122274580379,810.7318495946512,1375.6710045837872,0.9885799409142342,-545.4798110122885,49.63596164266359,0.99886163569438,14.21969087937715,615.1645372465084,0.9955645478820155,-9541.566761117374,-7145.979570640707,0.9415618272405212,-746.3528524166157,503.6702037523559,1.0210605683163732,-318.51743736444286,718.7203239530663,1.0410024445293358,1600.7474212322115,1901.9786288467606,1.0048230184307116
cms_robust_adv,reach,0.05,2,1,0.15761872970894952,0.13905503382140727,7103546.196778034,98834.8095901607,287490.7904978929,528720.7844958354,50.13466430391121,627555.5940859962,-56234.651123819116,571320.9429621771,-250.70047944828923,577.3652530940456,0.9914574517782692,810.7318495946512,1394.8115942309482,0.9868341735108611,-545.4798110122885,80.16376982054013,0.9984558306479172,14.21969087937715,636.1378491377624,0.995466086182223,-9541.566761117374,-7111.0139400636,0.9415802023953773,-746.3528524166157,573.7910630110074,1.022069286571547,-318.51743736444286,739.2502547687212,1.0414031561248955,1600.7474212322115,1908.4894911362019,1.003090034220613
cms_robust_adv,reach,0.06,2,1,0.15761872970894952,0.13912886162896643,7103546.196778034,118372.50367409692,289526.23504914495,529149.694633845,60.04529941549205,647522.1983079419,-56234.651123819116,591287.5471841227,-250.70047944828923,606.3259021620223,0.9914539427022908,810.7318495946512,1426.1924800119841,0.9861858602312642,-545.4798110122885,120.11594972990946,0.9992019089005345,14.21969087937715,670.1902675597983,0.9955961042761596,-9541.566761117374,-7063.589192506743,0.9436576365920559,-746.3528524166157,606.2075614322341,1.022609756051163,-318.51743736444286,751.7488333596478,1.040963215708404,1600.7474212322115,1917.6492645350477,1.0026183163719447
cms_robust_adv,reach,0.075,2,1,0.15761872970894952,0.13924281010469508,7103546.196778034,148189.71488871696,296448.19885191997,532482.5368315376,75.17029313908611,680672.2517202545,-56234.651123819116,624437.6005964356,-250.70047944828923,639.0384250604997,0.9910939642267343,810.7318495946512,1460.578048668514,0.9844652891355858,-545.4798110122885,163.06296037824796,0.999915866358318,14.21969087937715,682.2656660477032,0.9956761414604071,-9541.566761117374,-7049.44585924033,0.9436798488061882,-746.3528524166157,651.5952164051441,1.024404332336045,-318.51743736444286,770.2138933400372,1.0414621580324206,1600.7474212322115,1947.5838306937683,0.9943279329016342
cms_robust_adv,reach,0.1,2,1,0.15761872970894952,0.13890189187108837,7103546.196778034,197161.1103242037,301555.403110149,529835.8724334616,100.01138385229812,726996.9827576653,-56234.651123819116,670762.3316338462,-250.70047944828923,700.7067763836893,0.9878452060128774,810.7318495946512,1524.896672211144,0.9786961384013246,-545.4798110122885,228.43544697164376,0.9980356332740605,14.21969087937715,798.7748346765839,0.9945929419636246,-9541.566761117374,-7014.266826048323,0.9420807769700337,-746.3528524166157,726.0746428940165,1.0248917337423826,-318.51743736444286,777.4249211272096,1.0416774205883201,1600.7474212322115,1985.5198725990992,0.9789556150039362
cms_robust_adv,reach,0.25,2,1,0.15761872970894952,0.13725501717771638,7103546.196778034,490358.3191588231,374935.4203130558,575201.3310141744,250.0122405096831,1065559.6501729975,-56234.651123819116,1009324.9990491782,-250.70047944828923,1105.1355132598342,0.9820129414809701,810.7318495946512,1896.2494908360773,0.9650881033890646,-545.4798110122885,555.2863428863496,0.9979360507014801,14.21969087937715,1205.096601588656,0.9895201810010854,-9541.566761117374,-6093.445153476252,0.9495129998735506,-746.3528524166157,1583.7471155539233,1.0456348036740124,-318.51743736444286,1295.9915821536117,1.0437240794201128,1600.7474212322115,2189.5404984306315,0.9554964883358568
cms_robust_adv,reach,0.5,2,1,0.15761872970894952,0.12524168547530945,7103546.196778034,920437.9628870103,547136.6091530708,648978.6925358295,500.0977683211139,1569416.6554228398,-56234.651123819116,1513182.0042990209,-250.70047944828923,1808.357585868506,0.9801715566342682,810.7318495946512,2358.767583955052,0.9553696501795266,-545.4798110122885,1239.7412038767836,0.9888067118249133,14.21969087937715,1850.8593784256404,0.9826207229368873,-9541.566761117374,-4486.971105788765,0.9685916434240343,-746.3528524166157,2547.8838546733878,1.0477581606172295,-318.51743736444286,3052.4037943242884,1.06918431150357,1600.7474212322115,2498.2754799043696,0.9416518118368389
cms_robust_adv,reach,1.0,2,1,0.15761872970894952,0.11806508189722797,7103546.196778034,1149174.5025918973,535560.4753814344,649003.334781294,709.4618318512181,1798177.8373731913,-56234.651123819116,1741943.1862493723,-250.70047944828923,2239.7879762861244,0.9864823978234296,810.7318495946512,2891.071029255492,0.963536845401808,-545.4798110122885,1802.1958474054525,0.9942845253718019,14.21969087937715,2177.911878146902,0.9896955452325086,-9541.566761117374,-4406.852795178632,0.9607760686827235,-746.3528524166157,2860.409860352736,1.054158624811013,-318.51743736444286,3219.5703670648745,1.0577334914182561,1600.7474212322115,2910.3030909752624,0.9104927686897314
cms_robust_adv,tilt,0.0,2,1,0.15761872970894952,0.1567334318311312,7103546.196778034,118372.50367409692,0.0,0.0,60.04529941549205,118372.50367409692,-56234.651123819116,62137.852550277756,-250.70047944828923,-102.24154569732138,1.0,810.7318495946512,913.6968321234567,1.0,-545.4798110122885,-402.1350002374133,1.0,14.21969087937715,141.18503471625385,1.0,-9541.566761117374,-9247.501525370328,1.0,-746.3528524166157,-345.28766518579005,1.0,-318.51743736444286,-108.12897532113338,1.0,1600.7474212322115,1627.2401435251663,1.0
cms_robust_adv,tilt,0.05,2,1,0.15761872970894952,0.15252731219703575,7103546.196778034,118372.50367409692,72381.32451273414,132286.9955346362,60.04529941549205,250659.49920873312,-56234.651123819116,194424.84808491392,-250.70047944828923,73.76191607801657,0.9978634925900072,810.7318495946512,1040.488290862537,0.9965464762345443,-545.4798110122885,-271.650851434077,0.9998004778708522,14.21969087937715,272.9986186844222,0.9988990296321387,-9541.566761117374,-8724.9260445441,0.9859144547334285,-746.3528524166157,-103.40360749177765,1.0056524207197155,-318.51743736444286,113.37719872581019,1.0102407707846297,1600.7474212322115,1699.9846670474524,1.0006545769745618
cms_robust_adv,tilt,0.1,2,1,0.15761872970894952,0.14819472490610752,7103546.196778034,118372.50367409692,144762.8051914981,264574.2764845403,60.04529941549205,382946.78015863727,-56234.651123819116,326712.12903481803,-250.70047944828923,250.52105281454038,0.9957269805704009,810.7318495946512,1168.1618716019339,0.9930929450179525,-545.4798110122885,-141.11433120010688,0.9996009553112262,14.21969087937715,405.1033742028105,0.9977980568888833,-9541.566761117374,-8187.201122432982,0.971828879076646,-746.3528524166157,135.77706953217216,1.011304853634788,-318.51743736444286,330.4381039334784,1.0204815636641926,1600.7474212322115,1772.6342379441458,1.001309155361403
cms_robust_adv,tilt,0.2,2,1,0.15761872970894952,0.13912886162896643,7103546.196778034,118372.50367409692,289526.23504914495,529149.694633845,60.04529941549205,647522.1983079419,-56234.651123819116,591287.5471841227,-250.70047944828923,606.3259021620223,0.9914539427022908,810.7318495946512,1426.1924800119841,0.9861858602312642,-545.4798110122885,120.11594972990946,0.9992019089005345,14.21969087937715,670.1902675597983,0.9955961042761596,-9541.566761117374,-7063.589192506743,0.9436576365920559,-746.3528524166157,606.2075614322341,1.022609756051163,-318.51743736444286,751.7488333596478,1.040963215708404,1600.7474212322115,1917.6492645350477,1.0026183163719447
cms_robust_adv,tilt,0.3,2,1,0.15761872970894952,0.12949018250783906,7103546.196778034,118372.50367409692,434290.28957698116,793726.2544553046,60.04529941549205,912098.7581294015,-56234.651123819116,855864.1070055823,-250.70047944828923,965.2125276753726,0.9871808863955502,810.7318495946512,1687.8641273255998,0.9792787456397419,-545.4798110122885,381.5560951463945,0.9988028607679134,14.21969087937715,936.4534930336101,0.9933941421617672,-9541.566761117374,-5870.82064201512,0.9154862725454423,-746.3528524166157,1066.352570811125,1.0339147072494408,-318.51743736444286,1156.8020438034973,1.0614449561332069,1600.7474212322115,2062.286703812061,1.0039274830316605
cms_robust_adv,tilt,0.5,2,1,0.15761872970894952,0.10828361112701068,7103546.196778034,118372.50367409692,723820.2726594,1322882.7991442468,60.04529941549205,1441255.3028183437,-56234.651123819116,1385020.6516945248,-250.70047944828923,1692.392661887622,0.9786347184657007,810.7318495946512,2222.443220452871,0.9654644270414244,-545.4798110122885,905.0669918446947,0.9980047593368387,14.21969087937715,1472.5404000181081,0.9889901894277302,-9541.566761117374,-3250.5997910339524,0.8591431797629989,-746.3528524166157,1957.1065618331775,1.0565247559929671,-318.51743736444286,1921.7601230444322,1.1024087021268731,1600.7474212322115,2350.4347040319553,1.006545833298761
cms_robust_adv,selection rule,smooth,2,1,0.15761872970894952,-0.15092662349534458,7103546.196778034,118372.50367409692,6294945.564437604,5721708.738778206,60.04529941549205,5840081.242452302,-56234.651123819116,5783846.591328482,-250.70047944828923,7678.173837228775,1.1430759269191189,810.7318495946512,5008.938291038566,0.8156067418075308,-545.4798110122885,6383.466508113464,0.9530868796731984,14.21969087937715,8735.83606237489,0.9622463819609126,-9541.566761117374,8914.439539879955,1.1338225304726677,-746.3528524166157,8706.38628645316,1.7946271948041226,-318.51743736444286,11304.791142272177,1.8443063940904743,1600.7474212322115,3052.2818275116524,0.6765555522008501
cms_robust_adv,plausibility,either,2,1,0.15761872970894952,0.13912886162896643,7103546.196778034,118372.50367409692,289526.23504914495,529149.694633845,60.04529941549205,647522.1983079419,-56234.651123819116,591287.5471841227,-250.70047944828923,606.3259021620223,0.9914539427022908,810.7318495946512,1426.1924800119841,0.9861858602312642,-545.4798110122885,120.11594972990946,0.9992019089005345,14.21969087937715,670.1902675597983,0.9955961042761596,-9541.566761117374,-7063.589192506743,0.9436576365920559,-746.3528524166157,606.2075614322341,1.022609756051163,-318.51743736444286,751.7488333596478,1.040963215708404,1600.7474212322115,1917.6492645350477,1.0026183163719447
cms_robust_adv,plausibility,system,2,1,0.15761872970894952,0.13579576174699715,7103546.196778034,106910.02706927557,303232.4544463166,551026.9718913577,60.028191110266036,657936.9989606333,-56234.651123819116,601702.3478368144,-250.70047944828923,575.4877118923267,0.9911030178196096,810.7318495946512,1394.1684286953275,0.9874169825217183,-545.4798110122885,74.6583889878609,0.9965006971345206,14.21969087937715,707.7202942101928,0.9929662443946419,-9541.566761117374,-7041.931677949554,0.9461547909940157,-746.3528524166157,499.6756975982651,1.0209547622924353,-318.51743736444286,1083.864384103841,1.0474483033716782,1600.7474212322115,1917.7309876581176,1.00466272970758
cms_robust_adv,plausibility,use,2,1,0.15761872970894952,0.13894048872307052,7103546.196778034,118449.26183673774,290412.1207343991,528191.8749879536,60.084235542677824,646641.1368246913,-56234.651123819116,590406.485700872,-250.70047944828923,593.4066311360939,0.9905858320522398,810.7318495946512,1417.338114906543,0.9856492214504557,-545.4798110122885,111.54733463821046,0.9974974372346777,14.21969087937715,661.8655901601245,0.9963973104737915,-9541.566761117374,-7104.286750464164,0.9415690719152067,-746.3528524166157,615.5895926847511,1.0234177855513917,-318.51743736444286,758.3761758807138,1.0419861593771802,1600.7474212322115,1915.4537355215148,0.9993504099554773
cms_robust_adv,plausibility,any,2,1,0.15761872970894952,0.1374859422224537,7103546.196778034,118290.79207271487,293212.6679476942,537930.4208637951,60.00385062106416,656221.21293651,-56234.651123819116,599986.5618126907,-250.70047944828923,629.6486672000112,0.9922580289270921,810.7318495946512,1445.2280003327169,0.9882482584643348,-545.4798110122885,105.67155798486154,0.998643881789928,14.21969087937715,722.5508129836196,0.9955249854774131,-9541.566761117374,-7052.621212831287,0.9422825453582829,-746.3528524166157,639.8543485733162,1.021841707337456,-318.51743736444286,823.6544151307442,1.041316935718817,1600.7474212322115,1939.976033076999,1.0043371816865434
cms_robust_adv,plan cost model,WLS,2,1,0.15761872970894952,0.1512228586250901,7103546.196778034,118372.50367409692,-83041.45299544714,357563.6707920303,60.04529941549205,475936.1744661272,-56234.651123819116,419701.5233423082,-250.70047944828923,331.008267019247,1.004425785115682,810.7318495946512,1185.0287186189987,1.0148659874020047,-545.4798110122885,7.274476601037823,1.0010911811117615,14.21969087937715,520.4476552464556,1.023850275179528,-9541.566761117374,-7863.231778843854,0.9058352897129267,-746.3528524166157,222.65819211416562,0.9890011447804027,-318.51743736444286,697.491322024469,0.9866839259158455,1600.7474212322115,1715.642098553862,1.0421440799856796
cms_robust_adv,share of added codes real,0.0,2,1,0.15761872970894952,,,118372.50367409692,,529149.694633845,,647522.1983079419,,,,,,,,,,,,,,,,,,,,,,,,,,
cms_robust_adv,share of added codes real,0.25,2,1,0.15761872970894952,,,46481.463235873205,,524376.1548650843,,570857.6181009575,,,,,,,,,,,,,,,,,,,,,,,,,,
cms_robust_adv,share of added codes real,0.5,2,1,0.15761872970894952,,,-25662.588188971342,,516804.09411349177,,491141.50592452043,,,,,,,,,,,,,,,,,,,,,,,,,,
cms_robust_adv,share of added codes real,1.0,2,1,0.15761872970894952,,,-174825.27734347826,,506565.25272039924,,331739.975376921,,,,,,,,,,,,,,,,,,,,,,,,,,
cms,cost per code,0.0,2,2,0.12520072527929804,0.10301225967564787,8006231.6476261625,776927.6227469278,631532.8819099751,796882.929794166,60.104340178615445,1573810.5525410937,211372.4504928426,1785183.0030339365,1020.9645824363569,2555.664754287583,1.0022244713624564,633.0772765712724,1545.1809144537579,0.9908613054064822,943.0236219549338,2077.8232671707297,0.9863717160087243,765.1403178275093,1861.8455637269253,0.9797742772478795,-6124.649606897267,-3351.3476799249734,1.0331584773503495,-708.7361283428863,2146.6151597659627,1.0364868040246569,296.49808625348953,3249.764254744084,1.0475242754307037,1480.1439348465335,1968.6146345932204,1.0063570923386793
cms,cost per code,250.0,2,2,0.12520072527929804,0.10301225967564787,8006231.6476261625,761901.537702274,631532.8819099751,796882.929794166,60.104340178615445,1558784.46749644,211372.4504928426,1770156.9179892826,1020.9645824363569,2555.664754287583,1.0022244713624564,633.0772765712724,1545.1809144537579,0.9908613054064822,943.0236219549338,2077.8232671707297,0.9863717160087243,765.1403178275093,1861.8455637269253,0.9797742772478795,-6124.649606897267,-3351.3476799249734,1.0331584773503495,-708.7361283428863,2146.6151597659627,1.0364868040246569,296.49808625348953,3249.764254744084,1.0475242754307037,1480.1439348465335,1968.6146345932204,1.0063570923386793
cms,cost per code,500.0,2,2,0.12520072527929804,0.10105096972635841,8006231.6476261625,753140.1572985029,630811.6527065118,800222.9735413516,60.60848841044492,1553363.1308398545,211372.4504928426,1764735.581332697,1020.9645824363569,2610.15468215467,1.0034269863102552,633.0772765712724,1582.2695019036566,0.9912178629570798,943.0236219549338,2036.2249229413012,0.9856749656127657,765.1403178275093,1858.7154532779732,0.9806266150046472,-6124.649606897267,-3411.699980729814,1.0326795969024791,-708.7361283428863,2131.7400317548486,1.0357207248401519,296.49808625348953,3310.493195981686,1.0462224107197033,1480.1439348465335,1901.400354974813,1.0037585317818403
cms,cost per code,1000.0,2,2,0.12520072527929804,0.10105096972635841,8006231.6476261625,722835.9130932803,630811.6527065118,800222.9735413516,60.60848841044492,1523058.8866346318,211372.4504928426,1734431.3371274746,1020.9645824363569,2610.15468215467,1.0034269863102552,633.0772765712724,1582.2695019036566,0.9912178629570798,943.0236219549338,2036.2249229413012,0.9856749656127657,765.1403178275093,1858.7154532779732,0.9806266150046472,-6124.649606897267,-3411.699980729814,1.0326795969024791,-708.7361283428863,2131.7400317548486,1.0357207248401519,296.49808625348953,3310.493195981686,1.0462224107197033,1480.1439348465335,1901.400354974813,1.0037585317818403
cms,cost per code,2000.0,2,2,0.12520072527929804,0.10150110727165118,8006231.6476261625,655990.907666796,623896.5265831646,787987.8042592255,60.03770886372166,1443978.7119260214,211372.4504928426,1655351.1624188637,1020.9645824363569,2565.3961366923468,1.0048451696317222,633.0772765712724,1642.4027096819632,0.9924573148543346,943.0236219549338,2043.5060475762255,0.9861539622233942,765.1403178275093,1874.1543332893268,0.9805339883011501,-6124.649606897267,-3381.1707668389445,1.0327082658107305,-708.7361283428863,2095.3862181361433,1.035657319964762,296.49808625348953,3209.1783931119444,1.045291928895499,1480.1439348465335,1921.3753034932267,1.006555163766841
cms,cost per code,3000.0,2,2,0.12520072527929804,0.10191660954154746,8006231.6476261625,596750.2070183188,627818.0000783787,797016.0325829417,60.11800132172834,1393766.2396012605,211372.4504928426,1605138.690094103,1020.9645824363569,2496.9051257598517,1.00232842174638,633.0772765712724,1612.6589744026498,0.9916973318372769,943.0236219549338,2053.020294098155,0.9869589898656311,765.1403178275093,1885.6301986456488,0.9814837800337058,-6124.649606897267,-3352.361391073432,1.0326908473647494,-708.7361283428863,2138.3364085987682,1.0346162175585738,296.49808625348953,3180.5921143851556,1.0451580127849782,1480.1439348465335,1922.065327312699,1.006226320061223
cms,codes per person,1,2,2,0.12520072527929804,0.10105096972635841,8006231.6476261625,722835.9130932803,630811.6527065118,800222.9735413516,60.60848841044492,1523058.8866346318,211372.4504928426,1734431.3371274746,1020.9645824363569,2610.15468215467,1.0034269863102552,633.0772765712724,1582.2695019036566,0.9912178629570798,943.0236219549338,2036.2249229413012,0.9856749656127657,765.1403178275093,1858.7154532779732,0.9806266150046472,-6124.649606897267,-3411.699980729814,1.0326795969024791,-708.7361283428863,2131.7400317548486,1.0357207248401519,296.49808625348953,3310.493195981686,1.0462224107197033,1480.1439348465335,1901.400354974813,1.0037585317818403
cms,codes per person,2,2,2,0.12520072527929804,0.0567824244310684,8006231.6476261625,1295985.8643084068,731004.7164476905,906986.447139034,120.48314706085444,2202972.3114474406,211372.4504928426,2414344.7619402832,1020.9645824363569,3025.2678491084853,0.999994452812409,633.0772765712724,2444.2448194378007,0.9941719815487964,943.0236219549338,2766.825692627736,0.986899221955694,765.1403178275093,2114.88436856968,0.9753614466450219,-6124.649606897267,-3525.2763393199252,1.02316009222833,-708.7361283428863,2592.614886843633,1.0352866229333284,296.49808625348953,3725.5369428931704,1.0396849751115853,1480.1439348465335,2089.470739681231,0.9982875588391911
cms,codes per person,3,2,2,0.12520072527929804,-0.033508062115686243,8006231.6476261625,1859450.075994986,858416.1488879364,1044447.2398639214,180.1804227284652,2903897.3158589075,211372.4504928426,3115269.7663517506,1020.9645824363569,3929.969216755789,1.002711967989051,633.0772765712724,2936.6447151978527,0.9924426144665631,943.0236219549338,3178.767293123208,0.9879394871264683,765.1403178275093,3062.228442274436,0.9810987184365944,-6124.649606897267,-2762.442015480796,1.0268400046799213,-708.7361283428863,4075.1482513837564,1.0372335274822557,296.49808625348953,4214.24150562097,1.039461701816286,1480.1439348465335,2592.723954738815,1.0012637575889143
cms,reach,0.02,2,2,0.12520072527929804,0.11819423362019477,8006231.6476261625,239147.26797110063,496367.12627734017,740746.9690463819,20.052067359505358,979894.2370174825,211372.4504928426,1191266.6875103253,1020.9645824363569,2018.820709263513,1.0068737773693393,633.0772765712724,1219.5800478094873,0.9939480799660364,943.0236219549338,1720.011680881929,0.9945685142304054,765.1403178275093,1622.4957517445644,0.9912003943593657,-6124.649606897267,-4083.107703602658,1.025990027238065,-708.7361283428863,1083.4195778920084,1.02653798571711,296.49808625348953,2071.07905618758,1.0367928360250946,1480.1439348465335,1855.917769920954,1.0194571295968418
cms,reach,0.04,2,2,0.12520072527929804,0.11217430815046647,8006231.6476261625,477459.3939546822,567677.1679665223,761711.5271341259,40.03410956868992,1239170.9210888082,211372.4504928426,1450543.3715816508,1020.9645824363569,2281.018285399353,1.0064977253569214,633.0772765712724,1305.922844983454,0.9921784210825977,943.0236219549338,1981.9190250034799,0.9922169188722265,765.1403178275093,1735.3595557235903,0.9831385136035605,-6124.649606897267,-3510.8904028500406,1.0321117431367663,-708.7361283428863,1650.3316935199364,1.0310100220019185,296.49808625348953,2740.6941405421685,1.0400296488514331,1480.1439348465335,1868.7571170832423,1.0163684447494241
cms,reach,0.05,2,2,0.12520072527929804,0.10512042215356643,8006231.6476261625,597234.836129789,600816.05244643,787795.2469013539,50.07706450138025,1385030.083031143,211372.4504928426,1596402.5335239854,1020.9645824363569,2456.375682781453,1.0046494945340776,633.0772765712724,1446.4184649733527,0.9915789215678802,943.0236219549338,1997.278796578801,0.988269385668375,765.1403178275093,1858.4799459549738,0.9818067016933214,-6124.649606897267,-3438.814213067514,1.0328248253094725,-708.7361283428863,1968.0017139216707,1.0328839063239819,296.49808625348953,3027.89429406283,1.0425306066853655,1480.1439348465335,1875.5677263507318,1.0085237110304706
cms,reach,0.06,2,2,0.12520072527929804,0.10105096972635841,8006231.6476261625,722835.9130932803,630811.6527065118,800222.9735413516,60.60848841044492,1523058.8866346318,211372.4504928426,1734431.3371274746,1020.9645824363569,2610.15468215467,1.0034269863102552,633.0772765712724,1582.2695019036566,0.9912178629570798,943.0236219549338,2036.2249229413012,0.9856749656127657,765.1403178275093,1858.7154532779732,0.9806266150046472,-6124.649606897267,-3411.699980729814,1.0326795969024791,-708.7361283428863,2131.7400317548486,1.0357207248401519,296.49808625348953,3310.493195981686,1.0462224107197033,1480.1439348465335,1901.400354974813,1.0037585317818403
cms,reach,0.075,2,2,0.12520072527929804,0.0959518042911306,8006231.6476261625,894665.7491346145,668189.0469011131,813744.6106038216,75.01611044144367,1708410.3597384363,211372.4504928426,1919782.8102312787,1020.9645824363569,2701.418339823606,1.0020869733647944,633.0772765712724,1809.1421030962076,0.9916518792519231,943.0236219549338,2161.111658524511,0.983281413349486,765.1403178275093,1924.737294322342,0.97759530260644,-6124.649606897267,-3222.3767146762116,1.0321743900505578,-708.7361283428863,2385.0050847780453,1.0382906734841564,296.49808625348953,3567.1270682098293,1.049034285876706,1480.1439348465335,1968.4607132947538,1.0002606924639779
cms,reach,0.1,2,2,0.12520072527929804,0.0874410094832564,8006231.6476261625,1193043.328340462,740491.51245909,864051.7052472228,100.03453263610918,2057095.0335876849,211372.4504928426,2268467.484080527,1020.9645824363569,2996.302382472286,1.000523497613677,633.0772765712724,2084.465963678983,0.9907214686215882,943.0236219549338,2438.3220633941637,0.9833648938123429,765.1403178275093,2164.6319888833173,0.9785530661173985,-6124.649606897267,-2971.2314282587954,1.03451342984484,-708.7361283428863,2988.9486129999914,1.0442079413544219,296.49808625348953,3950.438443115876,1.0538556694546992,1480.1439348465335,2128.0240248948944,0.9967370438752076
cms,reach,0.25,2,2,0.12520072527929804,0.04397772194056182,8006231.6476261625,2982191.5574202994,1138293.0554823424,1057041.3556363375,250.0513867278064,4039232.913056637,211372.4504928426,4250605.363549479,1020.9645824363569,4627.55133796695,0.9910022543745568,633.0772765712724,3642.3518723690895,0.9712282091230147,943.0236219549338,4379.602358432291,0.9753652881999317,765.1403178275093,3899.2358661803696,0.9721683601760395,-6124.649606897267,-940.7412006601168,1.0559548847012494,-708.7361283428863,5519.04194457969,1.069138157184837,296.49808625348953,6326.219762526012,1.0688719909474318,1480.1439348465335,3008.4562982707325,0.9440864199629838
cms,reach,0.5,2,2,0.12520072527929804,-0.04862839179010314,8006231.6476261625,5661402.907180861,1797017.589213741,1366058.6133251416,500.04587355251965,7027461.520506002,211372.4504928426,7238833.970998844,1020.9645824363569,7884.111102059339,0.9829547936439037,633.0772765712724,6215.393819580929,0.9514806462138778,943.0236219549338,7237.738855313953,0.9662170584998608,765.1403178275093,5809.664488864466,0.9426085007327858,-6124.649606897267,6555.395912807806,1.0909332796576203,-708.7361283428863,10436.870388354773,1.100689720921053,296.49808625348953,11720.404609153587,1.1119244055160813,1480.1439348465335,5022.724259319804,0.8895835610646482
cms,reach,1.0,2,2,0.12520072527929804,-0.07806785912830261,8006231.6476261625,6702697.379954941,1494730.1565566075,1275572.6022405913,716.4771019545321,7978269.982195532,211372.4504928426,8189642.432688374,1020.9645824363569,9047.948999083605,0.98050845714834,633.0772765712724,7408.345823319799,0.9530534559563166,943.0236219549338,8503.631923729008,0.9693958105685142,765.1403178275093,7331.73771891544,0.9467292645623195,-6124.649606897267,6945.261413901109,1.0626609341364484,-708.7361283428863,11638.09223642549,1.1041740582337551,296.49808625348953,12487.00490858897,1.0915317162695337,1480.1439348465335,6045.011544940223,0.8982648230343316
cms,tilt,0.0,2,2,0.12520072527929804,0.11253142727863652,8006231.6476261625,722835.9130932803,0.0,0.0,60.60848841044492,722835.9130932803,211372.4504928426,934208.363586123,1020.9645824363569,1771.376207097755,1.0,633.0772765712724,1087.9606993335688,1.0,943.0236219549338,1440.0733498395614,1.0,765.1403178275093,1222.4096104499733,1.0,-6124.649606897267,-4621.308694922853,1.0,-708.7361283428863,708.0492446490358,1.0,296.49808625348953,2145.8284713449457,1.0,1480.1439348465335,1558.189817036209,1.0
cms,tilt,0.05,2,2,0.12520072527929804,0.10980538853307187,8006231.6476261625,722835.9130932803,157698.1552114402,200049.7076169207,60.60848841044492,922885.620710201,211372.4504928426,1134258.0712030442,1020.9645824363569,1981.6029925463506,1.0008567207291486,633.0772765712724,1210.7184431309065,0.9978045319794895,943.0236219549338,1587.4997943367,0.9964188494513142,765.1403178275093,1379.1586823392731,0.9951567998770158,-6124.649606897267,-4311.564062918004,1.008169652736222,-708.7361283428863,1073.4119792296901,1.0089299117826034,296.49808625348953,2446.964165217803,1.0115552540423884,1480.1439348465335,1644.2314998565198,1.0009396045963272
cms,tilt,0.1,2,2,0.12520072527929804,0.10698640162183126,8006231.6476261625,722835.9130932803,315399.4823358718,400103.4389985177,60.60848841044492,1122939.352091798,211372.4504928426,1334311.8025846407,1020.9645824363569,2191.474400471838,1.0017134586902274,633.0772765712724,1334.0200710628496,0.9956090197997208,943.0236219549338,1735.9927662149228,0.9928376268719955,765.1403178275093,1537.4441387552515,0.990313502338755,-6124.649606897267,-4006.7929983677755,1.0163394697954038,-708.7361283428863,1432.3710524628118,1.017860003179884,296.49808625348953,2741.303515730948,1.023110740505127,1480.1439348465335,1730.1135213966743,1.0018792280916962
cms,tilt,0.2,2,2,0.12520072527929804,0.10105096972635841,8006231.6476261625,722835.9130932803,630811.6527065118,800222.9735413516,60.60848841044492,1523058.8866346318,211372.4504928426,1734431.3371274746,1020.9645824363569,2610.15468215467,1.0034269863102552,633.0772765712724,1582.2695019036566,0.9912178629570798,943.0236219549338,2036.2249229413012,0.9856749656127657,765.1403178275093,1858.7154532779732,0.9806266150046472,-6124.649606897267,-3411.699980729814,1.0326795969024791,-708.7361283428863,2131.7400317548486,1.0357207248401519,296.49808625348953,3310.493195981686,1.0462224107197033,1480.1439348465335,1901.400354974813,1.0037585317818403
cms,tilt,0.3,2,2,0.12520072527929804,0.09468468876068425,8006231.6476261625,722835.9130932803,946236.5118775663,1200358.604599771,60.60848841044492,1923194.5176930514,211372.4504928426,2134566.968185894,1020.9645824363569,3027.4242186365354,1.005140582864243,633.0772765712724,1832.7383615932513,0.9868265294614176,943.0236219549338,2340.86479314198,0.9785120162049238,765.1403178275093,2186.4106115214204,0.9709393379741627,-6124.649606897267,-2835.123143809064,1.04902038136089,-708.7361283428863,2807.4237825937553,1.0535821650241604,296.49808625348953,3855.100355288442,1.0693350106998316,1480.1439348465335,2072.0538500455446,1.0056379110749942
cms,tilt,0.5,2,2,0.12520072527929804,0.08046778607283989,8006231.6476261625,722835.9130932803,1577124.2996838123,2000678.1601488248,60.60848841044492,2723514.0732421046,211372.4504928426,2934886.523734948,1020.9645824363569,3857.7594812941848,1.0085679827907397,633.0772765712724,2340.454495902534,0.9780433324683889,943.0236219549338,2963.7617172276664,0.9641852528738485,765.1403178275093,2861.8588545900193,0.9515636147299962,-6124.649606897267,-1734.1655628801304,1.081703922490396,-708.7361283428863,4092.3907689467405,1.0893072011368394,296.49808625348953,4876.67349666447,1.115563000181175,1480.1439348465335,2411.4748236386113,1.0093968964885813
cms,selection rule,smooth,2,2,0.12520072527929804,0.22511743075748203,8006231.6476261625,722835.9130932803,35699433.427371845,-6765514.072408613,60.60848841044492,-6042678.159315332,211372.4504928426,-5831305.708822499,1020.9645824363569,18571.82789948294,1.154591199999199,633.0772765712724,15172.047682947212,0.46584728543806886,943.0236219549338,878.9005082238411,0.7054253197578001,765.1403178275093,12134.049386674345,0.20341530556869014,-6124.649606897267,-104742.46230455078,7.7607607359646975,-708.7361283428863,14101.492916829746,1.5638631165154,296.49808625348953,-17509.868907508062,3.7408987168332577,1480.1439348465335,19643.480783566516,0.25284923641146057
cms,plausibility,either,2,2,0.12520072527929804,0.10105096972635841,8006231.6476261625,722835.9130932803,630811.6527065118,800222.9735413516,60.60848841044492,1523058.8866346318,211372.4504928426,1734431.3371274746,1020.9645824363569,2610.15468215467,1.0034269863102552,633.0772765712724,1582.2695019036566,0.9912178629570798,943.0236219549338,2036.2249229413012,0.9856749656127657,765.1403178275093,1858.7154532779732,0.9806266150046472,-6124.649606897267,-3411.699980729814,1.0326795969024791,-708.7361283428863,2131.7400317548486,1.0357207248401519,296.49808625348953,3310.493195981686,1.0462224107197033,1480.1439348465335,1901.400354974813,1.0037585317818403
cms,plausibility,system,2,2,0.12520072527929804,0.09970184859795883,8006231.6476261625,679675.9407585327,613693.1599341967,754230.1774614364,60.15731719515513,1433906.118219969,211372.4504928426,1645278.568712812,1020.9645824363569,2587.2468701213666,1.003734893797391,633.0772765712724,1581.4031269633135,0.9936040039491597,943.0236219549338,2093.4775894963777,0.9884195393640679,765.1403178275093,1592.6197310585285,0.9730250781007335,-6124.649606897267,-2498.1274530126834,1.0228662673791433,-708.7361283428863,2459.728447298837,1.0402642673705291,296.49808625348953,2855.6295953998624,1.0391414704119344,1480.1439348465335,2108.5430280767446,1.0096857825681407
cms,plausibility,use,2,2,0.12520072527929804,0.10373083039474273,8006231.6476261625,716365.020415299,630357.2533336339,784920.9034114633,60.0659157230969,1501285.9238267622,211372.4504928426,1712658.3743196048,1020.9645824363569,2487.780772889318,1.00235320963502,633.0772765712724,1581.429652391297,0.992021905346807,943.0236219549338,2165.9597175840563,0.9882698735557581,765.1403178275093,1861.8348671046335,0.9802271866632775,-6124.649606897267,-3412.565389479603,1.0313286843661484,-708.7361283428863,2062.704412630791,1.0369363450149935,296.49808625348953,3177.34990409834,1.0457586160336487,1480.1439348465335,1915.163935823873,1.0044565028544776
cms,plausibility,any,2,2,0.12520072527929804,0.09877037230008823,8006231.6476261625,716407.3061027976,623213.2085734087,809047.0660769712,60.06946130177426,1525454.372179769,211372.4504928426,1736826.8226726113,1020.9645824363569,2578.8269813775596,1.004677489896716,633.0772765712724,1666.8274999307616,0.9922082673272732,943.0236219549338,2140.5578517297495,0.9885127570546386,765.1403178275093,1980.0700764924309,0.9794644507195394,-6124.649606897267,-3235.374237430209,1.0354917443568705,-708.7361283428863,2012.96170808072,1.0320596703887304,296.49808625348953,3114.992340502331,1.041357797725812,1480.1439348465335,1987.2122475478543,1.009882263854322
cms,plan cost model,WLS,2,2,0.12520072527929804,0.11216765734069456,8006231.6476261625,722835.9130932803,307445.85266750667,546189.8814535465,60.60848841044492,1269025.7945468267,211372.4504928426,1480398.2450396693,1020.9645824363569,2297.9208073346113,1.017521920875862,633.0772765712724,1419.107461524535,1.0174056460089307,943.0236219549338,1811.5996021254175,0.9939147749014705,765.1403178275093,1666.3807887755863,1.0132609454406962,-6124.649606897267,-3712.4507383600057,1.0026910413210357,-708.7361283428863,1721.4362082460816,0.9940977063935589,296.49808625348953,3137.763600877996,1.0386217396023798,1480.1439348465335,1574.9168654151972,1.0267408239429383
cms,share of added codes real,0.0,2,2,0.12520072527929804,,,722835.9130932803,,800222.9735413516,,1523058.886634632,,,,,,,,,,,,,,,,,,,,,,,,,,
cms,share of added codes real,0.25,2,2,0.12520072527929804,,,509710.0831004868,,766293.7032695344,,1276003.7863700213,,,,,,,,,,,,,,,,,,,,,,,,,,
cms,share of added codes real,0.5,2,2,0.12520072527929804,,,249114.8172998837,,723687.9453354145,,972802.7626352982,,,,,,,,,,,,,,,,,,,,,,,,,,
cms,share of added codes real,1.0,2,2,0.12520072527929804,,,-322899.792142486,,632947.0633681517,,310047.27122566564,,,,,,,,,,,,,,,,,,,,,,,,,,
cms_pen_1,cost per code,0.0,2,2,0.1208134270315866,0.11241959970667315,7991486.076115786,152788.84063122384,410868.3319429399,721035.8368879346,60.05108789339506,873824.6775191585,196626.8789824661,1070451.5565016246,648.8468699913582,1574.6583366523414,0.9941726914258715,581.4552467197075,1275.7459451475029,0.9819054448563286,552.6468415301736,1296.241323002153,0.9726135876839839,1042.5887966712157,1774.623183214463,0.9799377730447277,-9786.760622525573,-7669.839221743295,0.9759158857885697,-1019.3456617544621,540.4361041674752,1.030850643655482,341.533449645039,1639.5981681610676,1.061094787012224,1458.8949408587546,1821.2847766069035,0.99744556322604
cms_pen_1,cost per code,250.0,2,2,0.1208134270315866,0.11241959970667315,7991486.076115786,137776.06865787506,410868.3319429399,721035.8368879346,60.05108789339506,858811.9055458098,196626.8789824661,1055438.784528276,648.8468699913582,1574.6583366523414,0.9941726914258715,581.4552467197075,1275.7459451475029,0.9819054448563286,552.6468415301736,1296.241323002153,0.9726135876839839,1042.5887966712157,1774.623183214463,0.9799377730447277,-9786.760622525573,-7669.839221743295,0.9759158857885697,-1019.3456617544621,540.4361041674752,1.030850643655482,341.533449645039,1639.5981681610676,1.061094787012224,1458.8949408587546,1821.2847766069035,0.99744556322604
cms_pen_1,cost per code,500.0,2,2,0.1208134270315866,0.11241959970667315,7991486.076115786,122763.29668452631,410868.3319429399,721035.8368879346,60.05108789339506,843799.133572461,196626.8789824661,1040426.012554927,648.8468699913582,1574.6583366523414,0.9941726914258715,581.4552467197075,1275.7459451475029,0.9819054448563286,552.6468415301736,1296.241323002153,0.9726135876839839,1042.5887966712157,1774.623183214463,0.9799377730447277,-9786.760622525573,-7669.839221743295,0.9759158857885697,-1019.3456617544621,540.4361041674752,1.030850643655482,341.533449645039,1639.5981681610676,1.061094787012224,1458.8949408587546,1821.2847766069035,0.99744556322604
cms_pen_1,cost per code,1000.0,2,2,0.1208134270315866,0.11241959970667315,7991486.076115786,92737.75273782879,410868.3319429399,721035.8368879346,60.05108789339506,813773.5896257635,196626.8789824661,1010400.4686082297,648.8468699913582,1574.6583366523414,0.9941726914258715,581.4552467197075,1275.7459451475029,0.9819054448563286,552.6468415301736,1296.241323002153,0.9726135876839839,1042.5887966712157,1774.623183214463,0.9799377730447277,-9786.760622525573,-7669.839221743295,0.9759158857885697,-1019.3456617544621,540.4361041674752,1.030850643655482,341.533449645039,1639.5981681610676,1.061094787012224,1458.8949408587546,1821.2847766069035,0.99744556322604
cms_pen_1,cost per code,2000.0,2,2,0.1208134270315866,0.11332119369475246,7991486.076115786,32671.330096957958,407085.63466920034,713832.7638973087,60.02291529539911,746504.0939942667,196626.8789824661,943130.9729767326,648.8468699913582,1562.1205205795873,0.9945228085031789,581.4552467197075,1249.989730949203,0.9816342038451261,552.6468415301736,1288.3680348134103,0.9729345857657195,1042.5887966712157,1778.1287942345234,0.9799379353380138,-9786.760622525573,-7657.000257362944,0.9757562868869546,-1019.3456617544621,488.540262237668,1.0277186601536175,341.533449645039,1646.1012653474895,1.0614029256386546,1458.8949408587546,1846.5768911991793,0.9992072174396196
cms_pen_1,cost per code,3000.0,2,2,0.1208134270315866,0.11472004540617575,7991486.076115786,0.0,368835.79982055875,702351.8521307778,0.0,702351.8521307778,196626.8789824661,898978.7311132437,648.8468699913582,1433.1140043865555,0.997689192544451,581.4552467197075,1164.046996047471,0.9862218505912494,552.6468415301736,1151.8134254007246,0.979776220533595,1042.5887966712157,1631.0283708266466,0.9859043536819877,-9786.760622525573,-7790.513508202491,0.9793478863483015,-1019.3456617544621,162.9862042895816,1.0213580154582462,341.533449645039,1437.837763051232,1.0621877481335904,1458.8949408587546,1825.2877745093856,1.0034096013915794
cms_pen_1,codes per person,1,2,2,0.1208134270315866,0.11241959970667315,7991486.076115786,92737.75273782879,410868.3319429399,721035.8368879346,60.05108789339506,813773.5896257635,196626.8789824661,1010400.4686082297,648.8468699913582,1574.6583366523414,0.9941726914258715,581.4552467197075,1275.7459451475029,0.9819054448563286,552.6468415301736,1296.241323002153,0.9726135876839839,1042.5887966712157,1774.623183214463,0.9799377730447277,-9786.760622525573,-7669.839221743295,0.9759158857885697,-1019.3456617544621,540.4361041674752,1.030850643655482,341.533449645039,1639.5981681610676,1.061094787012224,1458.8949408587546,1821.2847766069035,0.99744556322604
cms_pen_1,codes per person,2,2,2,0.1208134270315866,0.11264958584780682,7991486.076115786,173965.89732454682,426953.1527945199,715777.6500747587,120.77125323977188,889743.5473993054,196626.8789824661,1086370.4263817715,648.8468699913582,1635.961682256311,0.9905793053361732,581.4552467197075,1367.18195548775,0.9780757960187543,552.6468415301736,1438.6552533322747,0.9744352677738211,1042.5887966712157,1906.0671164548312,0.9831908194036638,-9786.760622525573,-7575.481286565397,0.9704854274658533,-1019.3456617544621,639.1228157544526,1.0321160832731684,341.533449645039,1705.3625073639596,1.0591164110699542,1458.8949408587546,1904.6768807308763,0.9942243312014081
cms_pen_1,codes per person,3,2,2,0.1208134270315866,0.11159462388564689,7991486.076115786,251139.08644341415,436147.39900082495,734269.2311337206,180.9039465315064,985408.3175771348,196626.8789824661,1182035.1965596008,648.8468699913582,1754.4552156977386,0.9920079099767938,581.4552467197075,1480.8021012671684,0.9788326344434758,552.6468415301736,1646.1930619025559,0.9748821698185536,1042.5887966712157,1939.053740334917,0.9808763670595679,-9786.760622525573,-7597.834119536389,0.9653377751391623,-1019.3456617544621,924.1943366119384,1.0337840400918756,341.533449645039,1697.8961290242357,1.055901544462317,1458.8949408587546,1973.048215440588,0.9916225766648489
cms_pen_1,reach,0.02,2,2,0.1208134270315866,0.11436806106477637,7991486.076115786,30922.146465355712,384597.55044234736,702968.3853848102,20.023221184720995,733890.5318501658,196626.8789824661,930517.410832632,648.8468699913582,1457.1524831722131,0.9953524309068075,581.4552467197075,1190.559278098468,0.9850467587404493,552.6468415301736,1203.0293131388376,0.9770911370896797,1042.5887966712157,1720.139997281598,0.9786857484995717,-9786.760622525573,-7832.337662542006,0.975817146563283,-1019.3456617544621,271.117857505212,1.0241704729169139,341.533449645039,1497.707545293512,1.061340996820406,1458.8949408587546,1814.8247856076603,1.0022517477045645
cms_pen_1,reach,0.04,2,2,0.1208134270315866,0.11316866189649444,7991486.076115786,61949.771908362585,399639.07047515875,716550.8703279274,40.114743866629894,778500.64223629,196626.8789824661,975127.5212187557,648.8468699913582,1522.7981204488494,0.9948268141324228,581.4552467197075,1236.8043194537777,0.9830042741919662,552.6468415301736,1251.5075861001988,0.9756609091810282,1042.5887966712157,1744.3236084952246,0.977813138055747,-9786.760622525573,-7741.587376149584,0.975790307859393,-1019.3456617544621,407.66909986843166,1.0277565571118106,341.533449645039,1582.848924441835,1.060768812157763,1458.8949408587546,1820.8606000758225,0.9980157488829418
cms_pen_1,reach,0.05,2,2,0.1208134270315866,0.11289023036542889,7991486.076115786,77223.80804386467,404867.1032932219,717541.9278319,50.00524109544384,794765.7358757645,196626.8789824661,991392.6148582305,648.8468699913582,1558.4864968078004,0.9953128288042445,581.4552467197075,1257.1043523933408,0.9825988771994912,552.6468415301736,1275.5437466998096,0.9733720892680933,1042.5887966712157,1754.9961633194755,0.9787931002093551,-9786.760622525573,-7697.598203987166,0.9759193531909464,-1019.3456617544621,464.8629418116296,1.0296625109373254,341.533449645039,1615.4093945945008,1.0609847757873307,1458.8949408587546,1821.5498123965103,0.9979843335363863
cms_pen_1,reach,0.06,2,2,0.1208134270315866,0.11241959970667315,7991486.076115786,92737.75273782879,410868.3319429399,721035.8368879346,60.05108789339506,813773.5896257635,196626.8789824661,1010400.4686082297,648.8468699913582,1574.6583366523414,0.9941726914258715,581.4552467197075,1275.7459451475029,0.9819054448563286,552.6468415301736,1296.241323002153,0.9726135876839839,1042.5887966712157,1774.623183214463,0.9799377730447277,-9786.760622525573,-7669.839221743295,0.9759158857885697,-1019.3456617544621,540.4361041674752,1.030850643655482,341.533449645039,1639.5981681610676,1.061094787012224,1458.8949408587546,1821.2847766069035,0.99744556322604
cms_pen_1,reach,0.075,2,2,0.1208134270315866,0.1119329025755943,7991486.076115786,116097.61811158007,419582.82257306145,724357.7234890553,75.1774553901654,840455.3416006353,196626.8789824661,1037082.2205831014,648.8468699913582,1600.0137018685678,0.9927050626866192,581.4552467197075,1292.8934355985054,0.9796240558917683,552.6468415301736,1330.4914765426727,0.9730688832214832,1042.5887966712157,1792.1924292231226,0.9799375313424651,-9786.760622525573,-7583.754860448322,0.9731722752375107,-1019.3456617544621,612.0924135959939,1.030273913746827,341.533449645039,1699.7192426185036,1.062450197142478,1458.8949408587546,1834.406024612464,0.9936614306231083
cms_pen_1,reach,0.1,2,2,0.1208134270315866,0.11212091476153674,7991486.076115786,154552.4330515024,426730.9244354771,709232.7900963635,100.07835500986846,863785.223147866,196626.8789824661,1060412.1021303318,648.8468699913582,1655.8330968456903,0.9935067193042245,581.4552467197075,1329.2000715066256,0.979092712054146,552.6468415301736,1388.5478966298879,0.9734431147114274,1042.5887966712157,1806.5935568768477,0.9787868779575238,-9786.760622525573,-7562.518891934992,0.973355283457874,-1019.3456617544621,679.30948804947,1.0336144769145,341.533449645039,1726.8976616825714,1.0588611555215033,1458.8949408587546,1878.1272111117744,0.9948937895496424
cms_pen_1,reach,0.25,2,2,0.1208134270315866,0.11133613326180691,7991486.076115786,384885.9909637021,477007.5062445742,722196.7968209905,250.10740596625064,1107082.7877846926,196626.8789824661,1303709.6667671585,648.8468699913582,1932.3633204333694,0.9875081913042232,581.4552467197075,1556.7621355651872,0.9749820892477707,552.6468415301736,1691.3154098378982,0.9701057611416091,1042.5887966712157,2094.2175558742906,0.9845061153343729,-9786.760622525573,-7864.980440687311,0.9701260931717339,-1019.3456617544621,1238.0312176361201,1.0466249314343075,341.533449645039,2053.426242144729,1.0627732132667675,1458.8949408587546,2028.5094909377153,0.9742832143541761
cms_pen_1,reach,0.5,2,2,0.1208134270315866,0.10386677298285074,7991486.076115786,676199.3667792666,607889.4940839086,686074.7849516061,500.2570496262719,1362274.1517308725,196626.8789824661,1558901.0307133384,648.8468699913582,2436.380775724975,0.9830933997298544,581.4552467197075,1891.2144320874486,0.9669558121471314,552.6468415301736,2158.434850920149,0.9695416365556756,1042.5887966712157,2595.502702915588,0.9844806942472072,-9786.760622525573,-6433.097511719266,0.9934315457793333,-1019.3456617544621,1945.5858640479196,1.0506467050603208,341.533449645039,3347.7138869978,1.080141570590394,1458.8949408587546,2303.93710270125,0.938788013984705
cms_pen_1,reach,1.0,2,2,0.1208134270315866,0.09856209032473884,7991486.076115786,812860.5418894701,583928.1698900237,740993.4143501903,717.6280388131418,1553853.9562396603,196626.8789824661,1750480.8352221265,648.8468699913582,2888.1172202415555,0.9886532360391017,581.4552467197075,2391.3013700202464,0.96457966953761,552.6468415301736,2582.8604019035533,0.9793271826361829,1042.5887966712157,2977.478294020288,0.9828157804712975,-9786.760622525573,-6031.102689283047,0.995964296520413,-1019.3456617544621,2298.4016475074905,1.052264230827787,341.533449645039,3571.2690405646435,1.069121954859884,1458.8949408587546,2659.5780182401145,0.9328753350287975
cms_pen_1,tilt,0.0,2,2,0.1208134270315866,0.11956364779931128,7991486.076115786,92737.75273782879,0.0,0.0,60.05108789339506,92737.75273782879,196626.8789824661,289364.63172029477,648.8468699913582,769.7486938479809,1.0,581.4552467197075,681.9429623506448,1.0,552.6468415301736,678.0285333156156,1.0,1042.5887966712157,1120.6978720602945,1.0,-9786.760622525573,-9488.364969884004,1.0,-1019.3456617544621,-696.865216979554,1.0,341.533449645039,547.1791958525918,1.0,1458.8949408587546,1491.7750529831867,1.0
cms_pen_1,tilt,0.05,2,2,0.1208134270315866,0.11793438424348124,7991486.076115786,92737.75273782879,102716.49263923494,180257.92321859876,60.05108789339506,272995.6759564275,196626.8789824661,469622.55493889353,648.8468699913582,970.0942076623755,0.9985431812292992,581.4552467197075,828.3690952189828,0.9954763872128182,552.6468415301736,829.3844773262778,0.9931534362705183,1042.5887966712157,1281.706020483217,0.9949844720871207,-9786.760622525573,-9041.997904881877,0.9939790060518358,-1019.3456617544621,-380.4393055209177,1.0077126165868486,341.533449645039,832.6080212599735,1.015273608970448,1458.8949408587546,1573.9940892420295,0.9993613944767925
cms_pen_1,tilt,0.1,2,2,0.1208134270315866,0.11620577394942988,7991486.076115786,92737.75273782879,205433.37884129508,360516.53710347426,60.05108789339506,453254.2898413031,196626.8789824661,649881.168823769,648.8468699913582,1171.0259324477138,0.9970863568767322,581.4552467197075,976.1326418244913,0.9909527570932121,552.6468415301736,982.8423231318332,0.9863068463081223,1042.5887966712157,1444.3462420839273,0.9899689249570228,-9786.760622525573,-8590.188435013713,0.9879579890339641,-1019.3456617544621,-68.819006642896,1.015425262724932,341.533449645039,1109.577283670202,1.0305472764624104,1458.8949408587546,1656.3185864854845,0.9987227865067393
cms_pen_1,tilt,0.2,2,2,0.1208134270315866,0.11241959970667315,7991486.076115786,92737.75273782879,410868.3319429399,721035.8368879346,60.05108789339506,813773.5896257635,196626.8789824661,1010400.4686082297,648.8468699913582,1574.6583366523414,0.9941726914258715,581.4552467197075,1275.7459451475029,0.9819054448563286,552.6468415301736,1296.241323002153,0.9726135876839839,1042.5887966712157,1774.623183214463,0.9799377730447277,-9786.760622525573,-7669.839221743295,0.9759158857885697,-1019.3456617544621,540.4361041674752,1.030850643655482,341.533449645039,1639.5981681610676,1.061094787012224,1458.8949408587546,1821.2847766069035,0.99744556322604
cms_pen_1,tilt,0.3,2,2,0.1208134270315866,0.10813481148655446,7991486.076115786,92737.75273782879,616304.8593230282,1081557.8993851382,60.05108789339506,1174295.652122967,196626.8789824661,1370922.531105433,648.8468699913582,1980.666701799773,0.9912590036471611,581.4552467197075,1580.9342510293461,0.9728580632885524,552.6468415301736,1618.5934229559828,0.9589202241263779,1042.5887966712157,2111.734439815597,0.9699065442622308,-9786.760622525573,-6726.486026215763,0.9638736902627557,-1019.3456617544621,1131.7310276466255,1.0462761427930085,341.533449645039,2139.9595491469795,1.0916425316521308,1458.8949408587546,1986.6752539342556,0.9961683301577896
cms_pen_1,tilt,0.5,2,2,0.1208134270315866,0.09770140211991851,7991486.076115786,92737.75273782879,1027182.6369909253,1802610.3126447985,60.05108789339506,1895348.0653826273,196626.8789824661,2091974.9443650933,648.8468699913582,2799.8957276296305,0.9854315611051656,581.4552467197075,2208.670086898815,0.9547630921571353,552.6468415301736,2291.736671788626,0.9315331822059404,1042.5887966712157,2807.326350495396,0.9498438560830986,-9786.760622525573,-4767.229363240496,0.9397890223656281,-1019.3456617544621,2263.5260313103527,1.0771274956944266,341.533449645039,3061.134391709445,1.1527387232129893,1458.8949408587546,2318.73563460026,0.9936138346581859
cms_pen_1,selection rule,smooth,2,2,0.1208134270315866,-0.06239537072455881,7991486.076115786,92737.75273782879,7842608.067732022,6365009.646355494,60.05108789339506,6457747.399093322,196626.8789824661,6654374.27807579,648.8468699913582,7697.5617429136455,1.0940498748970777,581.4552467197075,5497.8775191794775,0.773929214730758,552.6468415301736,3931.917967925803,0.8455456609098181,1042.5887966712157,4729.814368876095,0.6929073401372841,-9786.760622525573,12155.50818077349,2.173736034752663,-1019.3456617544621,9672.461226089272,1.7264930000262717,341.533449645039,10514.809671083176,2.2318186211161537,1458.8949408587546,3093.991119449981,0.6834786849697426
cms_pen_1,plausibility,either,2,2,0.1208134270315866,0.11241959970667315,7991486.076115786,92737.75273782879,410868.3319429399,721035.8368879346,60.05108789339506,813773.5896257635,196626.8789824661,1010400.4686082297,648.8468699913582,1574.6583366523414,0.9941726914258715,581.4552467197075,1275.7459451475029,0.9819054448563286,552.6468415301736,1296.241323002153,0.9726135876839839,1042.5887966712157,1774.623183214463,0.9799377730447277,-9786.760622525573,-7669.839221743295,0.9759158857885697,-1019.3456617544621,540.4361041674752,1.030850643655482,341.533449645039,1639.5981681610676,1.061094787012224,1458.8949408587546,1821.2847766069035,0.99744556322604
cms_pen_1,plausibility,system,2,2,0.1208134270315866,0.1109681024897724,7991486.076115786,60264.49024252744,401124.14349749126,685840.8818626615,60.062640228936225,746105.3721051889,196626.8789824661,942732.2510876552,648.8468699913582,1546.2355765318491,0.9959470071489306,581.4552467197075,1222.785463475238,0.9842190274050024,552.6468415301736,1233.9666224786715,0.9780469201035508,1042.5887966712157,1759.4569243108938,0.9801548983532777,-9786.760622525573,-7490.235145798767,0.9768950545715938,-1019.3456617544621,402.3485083837555,1.0236644216601467,341.533449645039,1851.1117470705767,1.0640138520418747,1458.8949408587546,1859.8898117543538,1.0005251881506647
cms_pen_1,plausibility,use,2,2,0.1208134270315866,0.1131790769817198,7991486.076115786,92756.25466407742,408487.54247359233,715993.9238372161,60.06306856757094,808750.1785012935,196626.8789824661,1005377.0574837597,648.8468699913582,1540.5404992272925,0.9933532282599806,581.4552467197075,1244.7494239256534,0.9819371660630036,552.6468415301736,1275.945143771598,0.9733088909770344,1042.5887966712157,1790.757285567874,0.978949952137333,-9786.760622525573,-7613.262583602801,0.9757789681217395,-1019.3456617544621,479.6626096992467,1.0254606141533142,341.533449645039,1657.4863890957565,1.0623547313560395,1458.8949408587546,1834.8929248355878,0.9997656808277899
cms_pen_1,plausibility,any,2,2,0.1208134270315866,0.1116196885784344,7991486.076115786,92764.24393757078,408343.46613391925,726002.9751421358,60.068241914461375,818767.2190797065,196626.8789824661,1015394.0980621724,648.8468699913582,1590.747220951528,0.9960041890710524,581.4552467197075,1279.4588468216114,0.9837469088508547,552.6468415301736,1300.221575972542,0.97572089225661,1042.5887966712157,1759.3504852312549,0.9759033216924401,-9786.760622525573,-7730.4801008617615,0.9757663517597631,-1019.3456617544621,407.95901039972847,1.0266739033197267,341.533449645039,1670.7743157153732,1.0617136636040179,1458.8949408587546,1911.0845576201898,1.0007464268216995
cms_pen_1,plan cost model,WLS,2,2,0.1208134270315866,0.11939656720799452,7991486.076115786,92737.75273782879,-6058.365845275711,498140.6411902241,60.05108789339506,590878.3939280529,196626.8789824661,787505.2729105188,648.8468699913582,1233.631186511606,1.005991042977336,581.4552467197075,1120.7336169581902,1.0119511616083994,552.6468415301736,1138.7338202564379,0.9898502007252328,1042.5887966712157,1521.8875480051242,1.0280001656016342,-9786.760622525573,-8115.737175499159,0.9291526689229088,-1019.3456617544621,62.178466518269204,0.9863964749954152,341.533449645039,1489.8300479608506,1.0233732343588802,1458.8949408587546,1497.6731417393644,1.0330617383678857
cms_pen_1,share of added codes real,0.0,2,2,0.1208134270315866,,,92737.75273782879,,721035.8368879346,,813773.5896257634,,,,,,,,,,,,,,,,,,,,,,,,,,
cms_pen_1,share of added codes real,0.25,2,2,0.1208134270315866,,,9014.210687592957,,710363.8664102178,,719378.0770978108,,,,,,,,,,,,,,,,,,,,,,,,,,
cms_pen_1,share of added codes real,0.5,2,2,0.1208134270315866,,,-58238.9793749215,,703354.4141756485,,645115.434800727,,,,,,,,,,,,,,,,,,,,,,,,,,
cms_pen_1,share of added codes real,1.0,2,2,0.1208134270315866,,,-244308.5527376428,,686355.4065111751,,442046.8537735323,,,,,,,,,,,,,,,,,,,,,,,,,,
cms_robust_adv,cost per code,0.0,2,2,0.12216689818933468,0.11582759746930715,7196544.139528195,180191.86199398563,285987.3156118067,647363.456343517,60.02271292162549,827555.3183375027,-598315.0576051244,229240.26073237832,-108.51294899542309,731.3429019445357,0.9961735044393966,37.09537433836639,539.2510974758972,0.9859846791093353,-51.73272102274689,739.2252587496042,0.9847303683851562,389.38688132375216,1068.2639905739788,0.9883567468380832,-11379.251028072944,-9909.421068593372,0.9592589145329717,-1933.1623123513018,-532.4439418107389,1.0253164860757449,-1436.8320473479798,-102.97608001465288,1.0463660475070622,1008.1274667507067,1319.3807008318888,1.004074554857527
cms_robust_adv,cost per code,250.0,2,2,0.12216689818933468,0.11582759746930715,7196544.139528195,165186.18376357926,285987.3156118067,647363.456343517,60.02271292162549,812549.6401070964,-598315.0576051244,214234.58250197195,-108.51294899542309,731.3429019445357,0.9961735044393966,37.09537433836639,539.2510974758972,0.9859846791093353,-51.73272102274689,739.2252587496042,0.9847303683851562,389.38688132375216,1068.2639905739788,0.9883567468380832,-11379.251028072944,-9909.421068593372,0.9592589145329717,-1933.1623123513018,-532.4439418107389,1.0253164860757449,-1436.8320473479798,-102.97608001465288,1.0463660475070622,1008.1274667507067,1319.3807008318888,1.004074554857527
cms_robust_adv,cost per code,500.0,2,2,0.12216689818933468,0.11582759746930715,7196544.139528195,150180.5055331729,285987.3156118067,647363.456343517,60.02271292162549,797543.9618766899,-598315.0576051244,199228.90427156558,-108.51294899542309,731.3429019445357,0.9961735044393966,37.09537433836639,539.2510974758972,0.9859846791093353,-51.73272102274689,739.2252587496042,0.9847303683851562,389.38688132375216,1068.2639905739788,0.9883567468380832,-11379.251028072944,-9909.421068593372,0.9592589145329717,-1933.1623123513018,-532.4439418107389,1.0253164860757449,-1436.8320473479798,-102.97608001465288,1.0463660475070622,1008.1274667507067,1319.3807008318888,1.004074554857527
cms_robust_adv,cost per code,1000.0,2,2,0.12216689818933468,0.11582759746930715,7196544.139528195,120169.14907236016,285987.3156118067,647363.456343517,60.02271292162549,767532.6054158772,-598315.0576051244,169217.54781075285,-108.51294899542309,731.3429019445357,0.9961735044393966,37.09537433836639,539.2510974758972,0.9859846791093353,-51.73272102274689,739.2252587496042,0.9847303683851562,389.38688132375216,1068.2639905739788,0.9883567468380832,-11379.251028072944,-9909.421068593372,0.9592589145329717,-1933.1623123513018,-532.4439418107389,1.0253164860757449,-1436.8320473479798,-102.97608001465288,1.0463660475070622,1008.1274667507067,1319.3807008318888,1.004074554857527
cms_robust_adv,cost per code,2000.0,2,2,0.12216689818933468,0.11586078515842269,7196544.139528195,60287.20002785105,285398.92832045734,640580.9303748009,60.163187242742666,700868.130402652,-598315.0576051244,102553.07279752754,-108.51294899542309,725.7256048303998,0.9959359156490255,37.09537433836639,525.0604194786384,0.9861736535952677,-51.73272102274689,734.4893581994655,0.984672893404226,389.38688132375216,1037.351258917948,0.9886434011873031,-11379.251028072944,-9909.421068593374,0.9592465416128692,-1933.1623123513018,-554.9873086889065,1.0246771984574574,-1436.8320473479798,-102.97608001465332,1.046352551042961,1008.1274667507067,1319.3807008318886,1.0040616038866725
cms_robust_adv,cost per code,3000.0,2,2,0.12216689818933468,0.11575257073282186,7196544.139528195,123.80078544086372,285792.3431870447,639466.5194020018,60.06033836566469,639590.3201874427,-598315.0576051244,41275.26258231829,-108.51294899542309,730.4441540716192,0.9955788886753405,37.09537433836639,504.368123024453,0.9866030359324308,-51.73272102274689,746.7941024206322,0.9857027768926275,389.38688132375216,1037.351258917948,0.9886495584262178,-11379.251028072944,-9909.421068593374,0.9592525157690995,-1933.1623123513018,-549.7736438142317,1.0254263892304054,-1436.8320473479798,-102.97608001465304,1.0463590676925822,1008.1274667507067,1319.3807008318888,1.0040678571496515
cms_robust_adv,codes per person,1,2,2,0.12216689818933468,0.11582759746930715,7196544.139528195,120169.14907236016,285987.3156118067,647363.456343517,60.02271292162549,767532.6054158772,-598315.0576051244,169217.54781075285,-108.51294899542309,731.3429019445357,0.9961735044393966,37.09537433836639,539.2510974758972,0.9859846791093353,-51.73272102274689,739.2252587496042,0.9847303683851562,389.38688132375216,1068.2639905739788,0.9883567468380832,-11379.251028072944,-9909.421068593372,0.9592589145329717,-1933.1623123513018,-532.4439418107389,1.0253164860757449,-1436.8320473479798,-102.97608001465288,1.0463660475070622,1008.1274667507067,1319.3807008318888,1.004074554857527
cms_robust_adv,codes per person,2,2,2,0.12216689818933468,0.11710906057484549,7196544.139528195,230527.6531390999,323974.920606605,694279.8747389211,120.25328230124411,924807.5278780209,-598315.0576051244,326492.47027289675,-108.51294899542309,932.2938004097648,0.9945959208465726,37.09537433836639,843.9791562762474,0.9855443244221338,-51.73272102274689,924.6483230492677,0.9866305115076797,389.38688132375216,1107.6627556720352,0.9775107182098576,-11379.251028072944,-9257.377941197139,0.9585937976883308,-1933.1623123513018,-34.31527496768884,1.0376276121249552,-1436.8320473479798,2.087024651170054,1.0425765463550727,1008.1274667507067,1485.6427180966125,0.9998939164770473
cms_robust_adv,codes per person,3,2,2,0.12216689818933468,0.11290945112374673,7196544.139528195,325292.26538200147,350595.95979015337,713176.4073156865,180.6585820231616,1038468.6726976879,-598315.0576051244,440153.61509256356,-108.51294899542309,989.8899057824939,0.991995677271805,37.09537433836639,992.9191827758578,0.9864184095907911,-51.73272102274689,1087.5291019124445,0.9854600495424927,389.38688132375216,1142.0370652975741,0.9733246264164077,-11379.251028072944,-9137.63097091207,0.9591492424749629,-1933.1623123513018,192.44579444980533,1.0374674700101483,-1436.8320473479798,-15.577582243133557,1.0391906074484984,1008.1274667507067,1553.4916823446454,0.998948433831722
cms_robust_adv,reach,0.02,2,2,0.12216689818933468,0.11648087969392051,7196544.139528195,40708.88082198138,272323.55046431825,649815.7993451983,20.333483974885425,690524.6801671796,-598315.0576051244,92209.62256205533,-108.51294899542309,654.5579166105816,0.9967582910935403,37.09537433836639,416.0494996036071,0.9907818754371952,-51.73272102274689,654.5234240764798,0.9879573648318966,389.38688132375216,1011.6430460947735,0.9914184390496498,-11379.251028072944,-10101.744302372028,0.9578901083975055,-1933.1623123513018,-675.1701449520195,1.020845136062688,-1436.8320473479798,-162.12888233814346,1.045734771569536,1008.1274667507067,1255.554718189999,1.0076754746767995
cms_robust_adv,reach,0.04,2,2,0.12216689818933468,0.11595419933844553,7196544.139528195,80086.27636817515,285011.18295040313,650356.22190509,40.00191074428257,730442.4982732652,-598315.0576051244,132127.44066814074,-108.51294899542309,704.0202585432103,0.9961417798769515,37.09537433836639,459.1110057458871,0.9876667911223576,-51.73272102274689,711.2907354703758,0.9852167821705683,389.38688132375216,1041.4326818019688,0.9922543314419727,-11379.251028072944,-9890.050375101988,0.9608134216002499,-1933.1623123513018,-611.0741280414419,1.022852901353283,-1436.8320473479798,-101.15210022673327,1.047171069439546,1008.1274667507067,1266.3820685827125,1.0074639992342878
cms_robust_adv,reach,0.05,2,2,0.12216689818933468,0.11573283391146127,7196544.139528195,100104.96233303174,291465.84349156555,651019.4563072226,50.00094835095837,751124.4186402543,-598315.0576051244,152809.3610351299,-108.51294899542309,715.3160550247718,0.9955776704498752,37.09537433836639,493.54255304243907,0.9862468898749078,-51.73272102274689,722.4440341692368,0.9847926069699541,389.38688132375216,1061.4223235057661,0.9892846623643438,-11379.251028072944,-9872.240247052645,0.9608660270040583,-1933.1623123513018,-561.4560280314256,1.0244918043100288,-1436.8320473479798,-99.35608698793112,1.047734749704958,1008.1274667507067,1310.3660732072738,1.0072929550738512
cms_robust_adv,reach,0.06,2,2,0.12216689818933468,0.11582759746930715,7196544.139528195,120169.14907236016,285987.3156118067,647363.456343517,60.02271292162549,767532.6054158772,-598315.0576051244,169217.54781075285,-108.51294899542309,731.3429019445357,0.9961735044393966,37.09537433836639,539.2510974758972,0.9859846791093353,-51.73272102274689,739.2252587496042,0.9847303683851562,389.38688132375216,1068.2639905739788,0.9883567468380832,-11379.251028072944,-9909.421068593372,0.9592589145329717,-1933.1623123513018,-532.4439418107389,1.0253164860757449,-1436.8320473479798,-102.97608001465288,1.0463660475070622,1008.1274667507067,1319.3807008318888,1.004074554857527
cms_robust_adv,reach,0.075,2,2,0.12216689818933468,0.11757266409503497,7196544.139528195,150156.57317133056,288359.21295987285,679270.1754418382,75.00098781036343,829426.7486131687,-598315.0576051244,231111.69100804435,-108.51294899542309,805.9818152790855,0.995369880496371,37.09537433836639,730.6611241878667,0.9857379279403746,-51.73272102274689,775.5737434286598,0.985424401826333,389.38688132375216,1031.2826662178518,0.9835173197354983,-11379.251028072944,-9450.539591865307,0.9512992928941629,-1933.1623123513018,-376.1425407768945,1.0269677972847315,-1436.8320473479798,-74.42679708865039,1.045337597737853,1008.1274667507067,1449.4353369493385,1.001667664081379
cms_robust_adv,reach,0.1,2,2,0.12216689818933468,0.11688673285065132,7196544.139528195,200386.12103493357,300392.70567006565,690463.5003714665,100.0899041826068,890849.6214064001,-598315.0576051244,292534.56380127574,-108.51294899542309,865.8277685660464,0.9941024844626934,37.09537433836639,804.7181822332727,0.9873421615268317,-51.73272102274689,823.0790386297956,0.9852965915316991,389.38688132375216,1070.590560360401,0.9784264128187118,-11379.251028072944,-9389.362715508576,0.9514287041301052,-1933.1623123513018,-201.94055891453223,1.0311442468790906,-1436.8320473479798,36.900289899124594,1.0458142533703199,1008.1274667507067,1455.5817330923862,0.9984525815639307
cms_robust_adv,reach,0.25,2,2,0.12216689818933468,0.11623113805371965,7196544.139528195,499473.13163106254,374872.75851541694,676171.0115223968,250.02834185671503,1175644.1431534593,-598315.0576051244,577329.085548335,-108.51294899542309,1213.7181258150792,0.9869259495973326,37.09537433836639,1080.7124620741408,0.9806277095970672,-51.73272102274689,1221.0860400317576,0.980628914870354,389.38688132375216,1468.2240088427095,0.976491456799081,-11379.251028072944,-9346.35420230263,0.9582162107873339,-1933.1623123513018,539.7845471385832,1.046218243678544,-1436.8320473479798,373.103703101991,1.0449472081884819,1008.1274667507067,1616.0295558396535,0.9735552242407387
cms_robust_adv,reach,0.5,2,2,0.12216689818933468,0.1086428045429727,7196544.139528195,935484.4357540736,519776.5811158241,658964.3566753207,500.11937963476277,1594448.792429394,-598315.0576051244,996133.73482427,-108.51294899542309,1868.462377493097,0.9849133425275046,37.09537433836639,1491.7737137408833,0.9733887127186224,-51.73272102274689,1802.351416195395,0.9728793473337808,389.38688132375216,2004.4476086153015,0.9877625802881869,-11379.251028072944,-7687.338391696974,0.972292445932477,-1933.1623123513018,1468.5076705943477,1.05085118552017,-1436.8320473479798,2150.0705440281226,1.0659583562564192,1008.1274667507067,1978.3718904208304,0.951943090687985
cms_robust_adv,reach,1.0,2,2,0.12216689818933468,0.10274451465234558,7196544.139528195,1166083.20102774,504581.72253804345,711068.3584584564,717.6280388131418,1877151.5594861964,-598315.0576051244,1278836.501881072,-108.51294899542309,2349.735664473956,0.9876013037158642,37.09537433836639,2028.292157838569,0.9681474936576676,-51.73272102274689,2316.558585286703,0.9754402185725652,389.38688132375216,2508.5100071479415,0.9789030051384885,-11379.251028072944,-7461.326934504814,0.973646007388226,-1933.1623123513018,1896.6963749769286,1.0529560241272142,-1436.8320473479798,2374.068951124548,1.054529849967778,1008.1274667507067,2364.471161817746,0.9308330385445015
cms_robust_adv,tilt,0.0,2,2,0.12216689818933468,0.12317795414475374,7196544.139528195,120169.14907236016,0.0,0.0,60.02271292162549,120169.14907236016,-598315.0576051244,-478145.9085327643,-108.51294899542309,22.31304407453359,1.0,37.09537433836639,153.09524589937973,1.0,-51.73272102274689,76.04466481511525,1.0,389.38688132375216,445.90186875153006,1.0,-11379.251028072944,-11128.368747903125,1.0,-1933.1623123513018,-1623.6053844129513,1.0,-1436.8320473479798,-1279.182023623447,1.0,1008.1274667507067,1075.254798397427,1.0
cms_robust_adv,tilt,0.05,2,2,0.12216689818933468,0.12150423879829919,7196544.139528195,120169.14907236016,71495.98445035313,161838.95257539063,60.02271292162549,282008.10164775077,-598315.0576051244,-316306.9559573736,-108.51294899542309,199.05922567838957,0.9990433874085817,37.09537433836639,248.61474014205845,0.9964962111612469,-51.73272102274689,239.93187107154435,0.9961826371838836,389.38688132375216,600.1279209207612,0.9970892210892813,-11379.251028072944,-10833.042652702416,0.9898148489319893,-1933.1623123513018,-1345.6712917741104,1.0063290467653676,-1436.8320473479798,-975.025755992248,1.0115913749688428,1008.1274667507067,1136.4718689769693,1.0010186266831893
cms_robust_adv,tilt,0.1,2,2,0.12216689818933468,0.11972639880686087,7196544.139528195,120169.14907236016,142992.53186467194,323679.1794810724,60.02271292162549,443848.3285534326,-598315.0576051244,-154466.72905169186,-108.51294899542309,376.1456064501343,0.9980867672847341,37.09537433836639,344.80907846319326,0.9929923947334356,-51.73272102274689,405.08124289262105,0.9923652443096076,389.38688132375216,755.2582914532692,0.9941784192589028,-11379.251028072944,-10531.57318374014,0.9796296176654458,-1933.1623123513018,-1071.2091912809913,1.0126581433660549,-1436.8320473479798,-677.7585909000491,1.0231828412089152,1008.1274667507067,1197.5649589903478,1.0020372613871105
cms_robust_adv,tilt,0.2,2,2,0.12216689818933468,0.11582759746930715,7196544.139528195,120169.14907236016,285987.3156118067,647363.456343517,60.02271292162549,767532.6054158772,-598315.0576051244,169217.54781075285,-108.51294899542309,731.3429019445357,0.9961735044393966,37.09537433836639,539.2510974758972,0.9859846791093353,-51.73272102274689,739.2252587496042,0.9847303683851562,389.38688132375216,1068.2639905739788,0.9883567468380832,-11379.251028072944,-9909.421068593372,0.9592589145329717,-1933.1623123513018,-532.4439418107389,1.0253164860757449,-1436.8320473479798,-102.97608001465288,1.0463660475070622,1008.1274667507067,1319.3807008318888,1.004074554857527
cms_robust_adv,tilt,0.3,2,2,0.12216689818933468,0.11141203936822608,7196544.139528195,120169.14907236016,428984.3512946024,971052.8307077481,60.02271292162549,1091221.9797801082,-598315.0576051244,492906.92217498395,-108.51294899542309,1087.9128414827828,0.9942602114632756,37.09537433836639,736.4799555103222,0.9789768531250927,-51.73272102274689,1078.596562111421,0.9770953722238063,389.38688132375216,1384.9839214404922,0.9825349827353762,-11379.251028072944,-9260.261309376903,0.9388878905949996,-1933.1623123513018,-6.811248799054803,1.0379750281337787,-1436.8320473479798,446.89730024787684,1.069549618903065,1008.1274667507067,1440.7050157849853,1.0061118804120077
cms_robust_adv,tilt,0.5,2,2,0.12216689818933468,0.1006716877886239,7196544.139528195,120169.14907236016,714985.17867996,1618446.8724232372,60.02271292162549,1738616.0214955972,-598315.0576051244,1140300.9638904727,-108.51294899542309,1805.202603291141,0.9904335351158374,37.09537433836639,1139.5413275482756,0.9649608700657522,-51.73272102274689,1773.5194772898672,0.9618250191790484,389.38688132375216,2029.8341000995288,0.9708911794756351,-11379.251028072944,-7873.565220682485,0.8981448802722485,-1933.1623123513018,1006.9314240881608,1.0632927103137153,-1436.8320473479798,1478.124507187619,1.1159178570231376,1008.1274667507067,1681.8912122653385,1.0101866277761933
cms_robust_adv,selection rule,smooth,2,2,0.12216689818933468,0.04394179156982747,7196544.139528195,120169.14907236016,5651126.012733207,4735291.49037267,60.02271292162549,4855460.639445031,-598315.0576051244,4257145.581839906,-108.51294899542309,4633.210624553403,1.0618428574618706,37.09537433836639,3731.9554125758686,0.8548895080667712,-51.73272102274689,1900.8640215036946,0.8989511028023882,389.38688132375216,3214.5525930881995,0.7542833047012214,-11379.251028072944,9653.339090375179,1.9096454161469578,-1933.1623123513018,7731.883672629204,1.741487916035521,-1436.8320473479798,5986.671630502534,1.6236887176843546,1008.1274667507067,2988.056126728673,0.8140525757843973
cms_robust_adv,plausibility,either,2,2,0.12216689818933468,0.11582759746930715,7196544.139528195,120169.14907236016,285987.3156118067,647363.456343517,60.02271292162549,767532.6054158772,-598315.0576051244,169217.54781075285,-108.51294899542309,731.3429019445357,0.9961735044393966,37.09537433836639,539.2510974758972,0.9859846791093353,-51.73272102274689,739.2252587496042,0.9847303683851562,389.38688132375216,1068.2639905739788,0.9883567468380832,-11379.251028072944,-9909.421068593372,0.9592589145329717,-1933.1623123513018,-532.4439418107389,1.0253164860757449,-1436.8320473479798,-102.97608001465288,1.0463660475070622,1008.1274667507067,1319.3807008318888,1.004074554857527
cms_robust_adv,plausibility,system,2,2,0.12216689818933468,0.11243067813882357,7196544.139528195,107935.94905651537,293777.8562478914,628596.4849978058,60.087267517998946,736532.4340543211,-598315.0576051244,138217.37644919677,-108.51294899542309,746.8420517463957,0.9974240718920425,37.09537433836639,501.1436717344653,0.9887331176557976,-51.73272102274689,757.7955727587893,0.9883833642339375,389.38688132375216,1223.1645479750607,0.9960035345626079,-11379.251028072944,-9847.396772749855,0.9595507470913311,-1933.1623123513018,-527.1582199713525,1.0213683410378982,-1436.8320473479798,239.01031020901192,1.0497611092623418,1008.1274667507067,1284.8763115459794,1.007898955679132
cms_robust_adv,plausibility,use,2,2,0.12216689818933468,0.1158517592721201,7196544.139528195,120212.16646851927,283785.1960191347,639480.6839650366,60.04419947487337,759692.850433556,-598315.0576051244,161377.7928284317,-108.51294899542309,729.8685284345341,0.9958553105805321,37.09537433836639,516.9457366576963,0.9858984275435424,-51.73272102274689,736.2962553263974,0.9846773041167015,389.38688132375216,1037.3512589179481,0.988647829685145,-11379.251028072944,-9909.421068593372,0.9592508384313524,-1933.1623123513018,-556.5301993086315,1.0248380445545164,-1436.8320473479798,-107.12790408984672,1.0460036500735514,1008.1274667507067,1319.3807008318886,1.0040661014483219
cms_robust_adv,plausibility,any,2,2,0.12216689818933468,0.11462590525132277,7196544.139528195,120656.06250707142,297370.0282978822,663630.2900160629,60.265918981874435,784286.3525231343,-598315.0576051244,185971.29491800992,-108.51294899542309,756.6144019370703,0.99615744462349,37.09537433836639,526.3698062857077,0.9872406543725216,-51.73272102274689,776.0472827933132,0.9854717298745482,389.38688132375216,1140.158591898769,0.9923953858855304,-11379.251028072944,-9845.371226994761,0.9608267551753543,-1933.1623123513018,-545.3289258959139,1.022942097994056,-1436.8320473479798,-14.725971429711134,1.048174259141888,1008.1274667507067,1320.4899235393318,1.0073180469883198
cms_robust_adv,plan cost model,WLS,2,2,0.12216689818933468,0.12716853583068766,7196544.139528195,120169.14907236016,-161514.93563894,453427.1519297727,60.02271292162549,573596.3010021328,-598315.0576051244,-24718.75660299157,-108.51294899542309,405.81982597309707,1.0128584516605363,37.09537433836639,549.3993286709344,1.023807488234173,-51.73272102274689,502.5364514780412,1.0063725337409064,389.38688132375216,797.4419902513823,1.0180214160757914,-11379.251028072944,-10386.488104786811,0.9017940060902851,-1933.1623123513018,-850.2226192340071,0.973170191602562,-1436.8320473479798,-521.2371150344045,0.9928540779213709,1008.1274667507067,1080.2714521601647,1.060914219364762
cms_robust_adv,share of added codes real,0.0,2,2,0.12216689818933468,,,120169.14907236016,,647363.456343517,,767532.6054158772,,,,,,,,,,,,,,,,,,,,,,,,,,
cms_robust_adv,share of added codes real,0.25,2,2,0.12216689818933468,,,44102.482225791035,,639594.1074121312,,683696.5896379222,,,,,,,,,,,,,,,,,,,,,,,,,,
cms_robust_adv,share of added codes real,0.5,2,2,0.12216689818933468,,,-49747.28986354668,,632560.422576283,,582813.1327127363,,,,,,,,,,,,,,,,,,,,,,,,,,
cms_robust_adv,share of added codes real,1.0,2,2,0.12216689818933468,,,-216717.8973498886,,617301.3064717738,,400583.4091218852,,,,,,,,,,,,,,,,,,,,,,,,,,
cms,cost per code,0.0,2,3,0.11076705491013095,0.0794499016566863,7739296.8318927875,794218.4940775865,656655.4114262027,716044.2755796333,60.02385697641489,1510262.7696572198,138988.494844916,1649251.2645021358,469.0008585575309,1823.3369336074902,1.002942713286746,428.49296024942095,1682.9482228424865,0.9851718800013748,176.84428917638175,1247.1988242713028,0.9841571344815901,1390.5835971743643,2101.678304064554,0.9850521538687483,-10828.878652147907,-7752.954283313767,1.0042629364177589,-969.3059076913132,1769.18274488013,1.042093108809341,345.2158661354803,2535.06372108187,1.0410897347129595,1301.5126462652265,1674.0594220079627,0.9910103160629111
cms,cost per code,250.0,2,3,0.11076705491013095,0.0794499016566863,7739296.8318927875,779212.5298334828,656655.4114262027,716044.2755796333,60.02385697641489,1495256.805413116,138988.494844916,1634245.300258032,469.0008585575309,1823.3369336074902,1.002942713286746,428.49296024942095,1682.9482228424865,0.9851718800013748,176.84428917638175,1247.1988242713028,0.9841571344815901,1390.5835971743643,2101.678304064554,0.9850521538687483,-10828.878652147907,-7752.954283313767,1.0042629364177589,-969.3059076913132,1769.18274488013,1.042093108809341,345.2158661354803,2535.06372108187,1.0410897347129595,1301.5126462652265,1674.0594220079627,0.9910103160629111
cms,cost per code,500.0,2,3,0.11076705491013095,0.0794499016566863,7739296.8318927875,764206.565589379,656655.4114262027,716044.2755796333,60.02385697641489,1480250.8411690122,138988.494844916,1619239.3360139283,469.0008585575309,1823.3369336074902,1.002942713286746,428.49296024942095,1682.9482228424865,0.9851718800013748,176.84428917638175,1247.1988242713028,0.9841571344815901,1390.5835971743643,2101.678304064554,0.9850521538687483,-10828.878652147907,-7752.954283313767,1.0042629364177589,-969.3059076913132,1769.18274488013,1.042093108809341,345.2158661354803,2535.06372108187,1.0410897347129595,1301.5126462652265,1674.0594220079627,0.9910103160629111
cms,cost per code,1000.0,2,3,0.11076705491013095,0.0794499016566863,7739296.8318927875,734194.6371011717,656655.4114262027,716044.2755796333,60.02385697641489,1450238.912680805,138988.494844916,1589227.4075257208,469.0008585575309,1823.3369336074902,1.002942713286746,428.49296024942095,1682.9482228424865,0.9851718800013748,176.84428917638175,1247.1988242713028,0.9841571344815901,1390.5835971743643,2101.678304064554,0.9850521538687483,-10828.878652147907,-7752.954283313767,1.0042629364177589,-969.3059076913132,1769.18274488013,1.042093108809341,345.2158661354803,2535.06372108187,1.0410897347129595,1301.5126462652265,1674.0594220079627,0.9910103160629111
cms,cost per code,2000.0,2,3,0.11076705491013095,0.0794499016566863,7739296.8318927875,674170.7801247566,656655.4114262027,716044.2755796333,60.02385697641489,1390215.0557043902,138988.494844916,1529203.550549306,469.0008585575309,1823.3369336074902,1.002942713286746,428.49296024942095,1682.9482228424865,0.9851718800013748,176.84428917638175,1247.1988242713028,0.9841571344815901,1390.5835971743643,2101.678304064554,0.9850521538687483,-10828.878652147907,-7752.954283313767,1.0042629364177589,-969.3059076913132,1769.18274488013,1.042093108809341,345.2158661354803,2535.06372108187,1.0410897347129595,1301.5126462652265,1674.0594220079627,0.9910103160629111
cms,cost per code,3000.0,2,3,0.11076705491013095,0.0794499016566863,7739296.8318927875,614146.9231483418,656655.4114262027,716044.2755796333,60.02385697641489,1330191.1987279751,138988.494844916,1469179.693572891,469.0008585575309,1823.3369336074902,1.002942713286746,428.49296024942095,1682.9482228424865,0.9851718800013748,176.84428917638175,1247.1988242713028,0.9841571344815901,1390.5835971743643,2101.678304064554,0.9850521538687483,-10828.878652147907,-7752.954283313767,1.0042629364177589,-969.3059076913132,1769.18274488013,1.042093108809341,345.2158661354803,2535.06372108187,1.0410897347129595,1301.5126462652265,1674.0594220079627,0.9910103160629111
cms,codes per person,1,2,3,0.11076705491013095,0.0794499016566863,7739296.8318927875,734194.6371011717,656655.4114262027,716044.2755796333,60.02385697641489,1450238.912680805,138988.494844916,1589227.4075257208,469.0008585575309,1823.3369336074902,1.002942713286746,428.49296024942095,1682.9482228424865,0.9851718800013748,176.84428917638175,1247.1988242713028,0.9841571344815901,1390.5835971743643,2101.678304064554,0.9850521538687483,-10828.878652147907,-7752.954283313767,1.0042629364177589,-969.3059076913132,1769.18274488013,1.042093108809341,345.2158661354803,2535.06372108187,1.0410897347129595,1301.5126462652265,1674.0594220079627,0.9910103160629111
cms,codes per person,2,2,3,0.11076705491013095,0.017618740000525324,7739296.8318927875,1459331.8869131291,820430.6616338991,851035.55145503,120.12697200548193,2310367.438368159,138988.494844916,2449355.933213075,469.0008585575309,2494.9295536354034,1.0028958137134703,428.49296024942095,2625.591793745883,0.9856483669266795,176.84428917638175,2013.7557201412048,0.9824866828432133,1390.5835971743643,2694.2373788777263,0.9853086307185892,-10828.878652147907,-7339.914291200845,0.9990177959336599,-969.3059076913132,2679.5821074401206,1.040523567333741,345.2158661354803,3517.7682070654146,1.043046417050189,1301.5126462652265,2057.837666020179,0.9926670820059178
cms,codes per person,3,2,3,0.11076705491013095,-0.056744372091252826,7739296.8318927875,1998585.6342282144,951886.0059100908,951010.4595029345,180.05237925126306,2949596.0937311486,138988.494844916,3088584.588576065,469.0008585575309,2990.426123308746,1.0026606729245844,428.49296024942095,2858.9118899123696,0.9822929662353567,176.84428917638175,2391.1206874692425,0.9788387229465989,1390.5835971743643,3549.0386638622635,0.9884277409160851,-10828.878652147907,-6773.479114205563,0.992225780392432,-969.3059076913132,3471.450051748031,1.0394944859926436,345.2158661354803,4748.720983867679,1.0475540920925956,1301.5126462652265,2077.3868459951254,0.9879961612875545
cms,reach,0.02,2,3,0.11076705491013095,0.09340629519208588,7739296.8318927875,245321.1155786048,544929.7236122267,664277.8204731372,20.0561524297209,909598.9360517419,138988.494844916,1048587.430896658,469.0008585575309,1403.2340709187772,1.0062227018496575,428.49296024942095,1180.4419806846408,0.9893580220981933,176.84428917638175,937.8943111979128,0.9863280047925782,1390.5835971743643,1952.6036430399295,0.9901959579295213,-10828.878652147907,-8702.023834441898,0.9877565185689546,-969.3059076913132,853.1178884841402,1.0308142861247724,345.2158661354803,1984.6378439416071,1.0372822572531457,1301.5126462652265,1486.9106207269879,1.005296444416965
cms,reach,0.04,2,3,0.11076705491013095,0.088414000230147,7739296.8318927875,489907.7057452041,606074.88212495,682591.5602085345,40.05225396006472,1172499.2659537387,138988.494844916,1311487.7607986545,469.0008585575309,1609.9986480191787,1.0042027254843673,428.49296024942095,1316.513425409991,0.9850205480381298,176.84428917638175,1059.7521424068464,0.9836396581777141,1390.5835971743643,2059.1860731897327,0.9868783704451727,-10828.878652147907,-8338.635097857277,0.9964642918944766,-969.3059076913132,1296.512833830442,1.036241607931351,345.2158661354803,2263.2287021929815,1.0410745162279733,1301.5126462652265,1520.2504624772341,0.9912412739328309
cms,reach,0.05,2,3,0.11076705491013095,0.08566491498040685,7739296.8318927875,612614.8335367076,630822.7518744365,691810.5814768345,50.08413749114658,1304425.4150135422,138988.494844916,1443413.9098584582,469.0008585575309,1702.0778271825702,1.0028622520845458,428.49296024942095,1489.4897260021237,0.9846951947996588,176.84428917638175,1186.5327153751184,0.9843258998510352,1390.5835971743643,2066.276502466984,0.9852584980783167,-10828.878652147907,-7887.4640972024235,1.0038739449821492,-969.3059076913132,1529.2125715500174,1.0396912657307624,345.2158661354803,2373.740998245507,1.0404271412098967,1301.5126462652265,1606.7039602500206,0.9904760205624142
cms,reach,0.06,2,3,0.11076705491013095,0.0794499016566863,7739296.8318927875,734194.6371011717,656655.4114262027,716044.2755796333,60.02385697641489,1450238.912680805,138988.494844916,1589227.4075257208,469.0008585575309,1823.3369336074902,1.002942713286746,428.49296024942095,1682.9482228424865,0.9851718800013748,176.84428917638175,1247.1988242713028,0.9841571344815901,1390.5835971743643,2101.678304064554,0.9850521538687483,-10828.878652147907,-7752.954283313767,1.0042629364177589,-969.3059076913132,1769.18274488013,1.042093108809341,345.2158661354803,2535.06372108187,1.0410897347129595,1301.5126462652265,1674.0594220079627,0.9910103160629111
cms,reach,0.075,2,3,0.11076705491013095,0.07895399308935669,7739296.8318927875,918396.9189954526,690451.3356969584,714563.6723422259,75.08325793690979,1632960.5913376787,138988.494844916,1771949.0861825948,469.0008585575309,2021.3181150172302,1.0025460745944386,428.49296024942095,1836.5137572722037,0.9854414925697969,176.84428917638175,1459.4790197541258,0.9808097474870064,1390.5835971743643,2382.387089799733,0.9827540231968505,-10828.878652147907,-7648.787939822585,1.0042836007851905,-969.3059076913132,2116.3327108880203,1.0456817339266014,345.2158661354803,2726.8447345402337,1.0420990759491873,1301.5126462652265,1806.9834233941983,0.9892295827865701
cms,reach,0.1,2,3,0.11076705491013095,0.07200640374707012,7739296.8318927875,1223868.5211689633,759383.4936657506,757521.0509016664,100.05699491708401,1981389.5720706296,138988.494844916,2120378.0669155456,469.0008585575309,2397.6789963851743,1.000361078839084,428.49296024942095,2009.3273468169623,0.9833858150356748,176.84428917638175,1858.7127617150823,0.9796410108238071,1390.5835971743643,2734.6844894946553,0.9787281083253296,-10828.878652147907,-7204.796026220801,1.0078620039047674,-969.3059076913132,2737.264415939907,1.0508082042640594,345.2158661354803,3120.6481067381005,1.0418770267002875,1301.5126462652265,2039.5089328382444,0.9923472861827239
cms,reach,0.25,2,3,0.11076705491013095,0.020000813822880104,7739296.8318927875,3058277.4571509105,1204191.6492469741,982427.3701541426,250.02853385991745,4040704.8273050534,138988.494844916,4179693.3221499682,469.0008585575309,4206.026329713205,0.990439563642865,428.49296024942095,3630.2885513880765,0.9681135252442257,176.84428917638175,3743.2386457130096,0.9664390313315855,1390.5835971743643,4504.390316103374,0.9795315264321446,-10828.878652147907,-5151.3585326780585,1.0217232441867976,-969.3059076913132,5934.415576191957,1.092209702318034,345.2158661354803,5697.733590708898,1.0737154249085343,1301.5126462652265,2704.445119362506,0.9390565439563998
cms,reach,0.5,2,3,0.11076705491013095,-0.08618383759523396,7739296.8318927875,5911340.2092144,1954262.5588714213,1470076.4854487174,500.0019368744348,7381416.694663117,138988.494844916,7520405.189508032,469.0008585575309,7597.107339933897,0.9804085368240507,428.49296024942095,5908.893504604246,0.9380228185216042,176.84428917638175,6649.037323321538,0.9581662380797242,1390.5835971743643,7747.138408174887,0.9591535365080011,-10828.878652147907,2946.7969685337384,1.0841478099474566,-969.3059076913132,11036.278826124237,1.1121854180713013,345.2158661354803,12557.988350112722,1.1342324823406817,1301.5126462652265,5027.062404891878,0.8983175105986402
cms,reach,1.0,2,3,0.11076705491013095,-0.11334614743182381,7739296.8318927875,6782632.654815097,1690355.1481080158,1388597.8885773995,704.3520268920995,8171230.543392497,138988.494844916,8310219.038237414,469.0008585575309,8714.577285993908,0.9828214328723562,428.49296024942095,7138.2830279969185,0.9436636367765818,176.84428917638175,7440.154258243287,0.9559422878513489,1390.5835971743643,8650.35531114418,0.9728858148181698,-10828.878652147907,3282.96895091752,1.0497281059597723,-969.3059076913132,12023.32798965414,1.1118166128053857,345.2158661354803,13227.135500251094,1.1135443762097357,1301.5126462652265,5980.078111416861,0.9093294851169685
cms,tilt,0.0,2,3,0.11076705491013095,0.09506756113116521,7739296.8318927875,734194.6371011717,0.0,0.0,60.02385697641489,734194.6371011717,138988.494844916,873183.1319460878,469.0008585575309,1105.8806257636988,1.0,428.49296024942095,1100.3948390243468,1.0,176.84428917638175,777.3478018127635,1.0,1390.5835971743643,1681.7502132840605,1.0,-10828.878652147907,-9476.534987328572,1.0,-969.3059076913132,359.39238529522305,1.0,345.2158661354803,1316.9648551686714,1.0,1301.5126462652265,1482.566387336393,1.0
cms,tilt,0.05,2,3,0.11076705491013095,0.09123372604362723,7739296.8318927875,734194.6371011717,164162.3049834015,179009.38102987478,60.02385697641489,913204.0181310464,138988.494844916,1052192.5129759624,469.0008585575309,1285.6385808231191,1.0007356713851003,428.49296024942095,1244.4061384449672,0.9962930049533014,176.84428917638175,893.4081987779233,0.996039320965321,1390.5835971743643,1785.5498975658077,0.9962630737023641,-10828.878652147907,-9044.267690400939,1.0010657240558136,-969.3059076913132,722.8474248227192,1.0105231779801378,345.2158661354803,1630.7758499308168,1.0102723368212034,1301.5126462652265,1530.1156955142123,0.9977526002062794
cms,tilt,0.1,2,3,0.11076705491013095,0.08735340554293991,7739296.8318927875,734194.6371011717,328325.641875749,358019.8872960319,60.02385697641489,1092214.5243972037,138988.494844916,1231203.0192421195,469.0008585575309,1465.1335663450036,1.0014713473945622,428.49296024942095,1389.4940266538565,0.9925859866047774,176.84428917638175,1010.3960307069701,0.992078617034183,1390.5835971743643,1890.1318670030175,0.9925261239147579,-10828.878652147907,-8612.917080613688,1.002131454810669,-969.3059076913132,1078.812948331064,1.0210464221079913,345.2158661354803,1938.271401667421,1.0205447382133588,1301.5126462652265,1577.8799942073751,0.995505186285613
cms,tilt,0.2,2,3,0.11076705491013095,0.0794499016566863,7739296.8318927875,734194.6371011717,656655.4114262027,716044.2755796333,60.02385697641489,1450238.912680805,138988.494844916,1589227.4075257208,469.0008585575309,1823.3369336074902,1.002942713286746,428.49296024942095,1682.9482228424865,0.9851718800013748,176.84428917638175,1247.1988242713028,0.9841571344815901,1390.5835971743643,2101.678304064554,0.9850521538687483,-10828.878652147907,-7752.954283313767,1.0042629364177589,-969.3059076913132,1769.18274488013,1.042093108809341,345.2158661354803,2535.06372108187,1.0410897347129595,1301.5126462652265,1674.0594220079627,0.9910103160629111
cms,tilt,0.3,2,3,0.11076705491013095,0.07135002555346592,7739296.8318927875,734194.6371011717,984989.308729202,1074073.1649356843,60.02385697641489,1808267.8020368558,138988.494844916,1947256.2968817719,469.0008585575309,2180.4953204041985,1.0044140976768998,428.49296024942095,1980.8565806029796,0.9777576801880343,176.84428917638175,1487.8476521913265,0.9762355523403433,1390.5835971743643,2316.462173569346,0.9775780898601998,-10828.878652147907,-6896.6234400271715,1.006394444821775,-969.3059076913132,2432.2265893604626,1.0631400601090384,345.2158661354803,3108.7645922914962,1.0616349895036734,1301.5126462652265,1771.1165221353938,0.9865153893308278
cms,tilt,0.5,2,3,0.11076705491013095,0.054531279853695325,7739296.8318927875,734194.6371011717,1641669.4869042027,1790144.447204661,60.02385697641489,2524339.0843058326,138988.494844916,2663327.5791507484,469.0008585575309,2891.6953904156585,1.0073569219525134,428.49296024942095,2590.4476746720493,0.9629290009245088,176.84428917638175,1981.0643911648397,0.960392089284376,1390.5835971743643,2756.044097064573,0.9626296799483963,-10828.878652147907,-5194.765967716329,1.0106575420226074,-969.3059076913132,3682.5789642330906,1.1052347565234364,345.2158661354803,4192.0531026278495,1.1027262739779233,1301.5126462652265,1967.9122364027291,0.9775253663342566
cms,selection rule,smooth,2,3,0.11076705491013095,-61.702694399903386,7739296.8318927875,734194.6371011717,53599958.4609607,52525377.21040142,60.02385697641489,53259571.8475026,138988.494844916,53398560.3423475,469.0008585575309,27406.69434368734,0.18661175191340898,428.49296024942095,28803.037426247465,0.14085338958284468,176.84428917638175,27493.820688721553,0.11740652165579597,1390.5835971743643,10127.31421205214,0.03983493698595569,-10828.878652147907,24639.908004143814,0.41595712131858825,-969.3059076913132,48164.895742948785,2.639520779488007,345.2158661354803,56432.62564585544,5.744866589055952,1301.5126462652265,10191.190384192678,0.03355038468075197
cms,plausibility,either,2,3,0.11076705491013095,0.0794499016566863,7739296.8318927875,734194.6371011717,656655.4114262027,716044.2755796333,60.02385697641489,1450238.912680805,138988.494844916,1589227.4075257208,469.0008585575309,1823.3369336074902,1.002942713286746,428.49296024942095,1682.9482228424865,0.9851718800013748,176.84428917638175,1247.1988242713028,0.9841571344815901,1390.5835971743643,2101.678304064554,0.9850521538687483,-10828.878652147907,-7752.954283313767,1.0042629364177589,-969.3059076913132,1769.18274488013,1.042093108809341,345.2158661354803,2535.06372108187,1.0410897347129595,1301.5126462652265,1674.0594220079627,0.9910103160629111
cms,plausibility,system,2,3,0.11076705491013095,0.07805393053962428,7739296.8318927875,714483.5299215275,700542.0783129982,732218.0383520352,60.0842733147011,1446701.5682735627,138988.494844916,1585690.0631184787,469.0008585575309,1923.5360415494206,1.003372974516797,428.49296024942095,1466.205161834767,0.981709914741831,176.84428917638175,1262.8909557155014,0.9812012508795136,1390.5835971743643,2494.9527009224157,0.9888108721978807,-10828.878652147907,-6775.716350113393,1.0046659707636127,-969.3059076913132,1647.1225862244708,1.0375567345227505,345.2158661354803,3550.0760694923683,1.0492226221996956,1301.5126462652265,1787.6951746589418,0.9937376750557754
cms,plausibility,use,2,3,0.11076705491013095,0.08008036322991363,7739296.8318927875,738105.0724841801,653624.9233804004,715541.8174745144,60.34355341967952,1453646.8899586943,138988.494844916,1592635.3848036106,469.0008585575309,1854.8697886627353,1.0029056736403625,428.49296024942095,1657.0966214686532,0.9848650105371306,176.84428917638175,1329.1501893829943,0.9856090856625539,1390.5835971743643,2258.501300097282,0.9871550541484649,-10828.878652147907,-7833.451892764961,0.9947501274169231,-969.3059076913132,1763.9724887692387,1.0411927488984485,345.2158661354803,2542.9177228999592,1.03872267783685,1301.5126462652265,1758.6255923978981,0.9925922531617632
cms,plausibility,any,2,3,0.11076705491013095,0.07357791832215776,7739296.8318927875,734531.9226938594,645272.1462228487,757529.5938221281,60.051431656414756,1492061.5165159875,138988.494844916,1631050.0113609037,469.0008585575309,1931.1967050931135,1.00335950187623,428.49296024942095,1773.8812840346172,0.9847134567820223,176.84428917638175,1543.3787542398825,0.9869080752357099,1390.5835971743643,2576.6578671878206,0.9863809016882186,-10828.878652147907,-8544.86661708032,0.9868952726247959,-969.3059076913132,1557.9961347035107,1.0347874211654906,345.2158661354803,2263.1388356291095,1.0360390862588813,1301.5126462652265,2153.386307010684,0.9968712662612889
cms,plan cost model,WLS,2,3,0.11076705491013095,0.08911861838290458,7739296.8318927875,734194.6371011717,260584.64090803175,514238.84208432946,60.02385697641489,1248433.479185501,138988.494844916,1387421.9740304172,469.0008585575309,1590.9690853595946,1.0182235987601902,428.49296024942095,1347.1179191868298,1.0186149191527738,176.84428917638175,1112.5459573930073,1.002295742365075,1390.5835971743643,1881.7454594419298,0.9927972071643358,-10828.878652147907,-7567.484544765831,0.9687135512006988,-969.3059076913132,1376.4869509187056,1.018132375841877,345.2158661354803,2311.8502675284994,1.0168210245202196,1301.5126462652265,1765.643123808462,1.0464040819819809
cms,share of added codes real,0.0,2,3,0.11076705491013095,,,734194.6371011717,,716044.2755796333,,1450238.912680805,,,,,,,,,,,,,,,,,,,,,,,,,,
cms,share of added codes real,0.25,2,3,0.11076705491013095,,,504097.7337992631,,675615.5422594589,,1179713.276058722,,,,,,,,,,,,,,,,,,,,,,,,,,
cms,share of added codes real,0.5,2,3,0.11076705491013095,,,303173.0262821881,,640281.9132497237,,943454.9395319119,,,,,,,,,,,,,,,,,,,,,,,,,,
cms,share of added codes real,1.0,2,3,0.11076705491013095,,,-160456.1182434564,,560932.1004503879,,400475.9822069315,,,,,,,,,,,,,,,,,,,,,,,,,,
cms_pen_1,cost per code,0.0,2,3,0.1093550740088951,0.09547189991054728,7750250.156777952,152944.53025569333,421120.5865499559,661359.3113132678,60.04619466213,814303.841568961,149941.81973008064,964245.6612990418,178.70483462332558,1008.0806743076852,0.9957943835368571,316.02812008568117,940.0122505801512,0.9804611806151156,128.43821027167127,687.4312646341709,0.9763468722148909,1585.8156880765064,1976.9343447757292,0.992231805343447,-13334.908203792767,-11111.220013784161,0.962274250664645,-1189.5828833501557,516.8832735827009,1.023014941870546,258.5469016117412,1594.3853945699573,1.0556098431016205,1317.5215232561156,1576.9496993255516,1.0011999216526613
cms_pen_1,cost per code,250.0,2,3,0.1093550740088951,0.09547189991054728,7750250.156777952,137932.9815901608,421120.5865499559,661359.3113132678,60.04619466213,799292.2929034285,149941.81973008064,949234.1126335093,178.70483462332558,1008.0806743076852,0.9957943835368571,316.02812008568117,940.0122505801512,0.9804611806151156,128.43821027167127,687.4312646341709,0.9763468722148909,1585.8156880765064,1976.9343447757292,0.992231805343447,-13334.908203792767,-11111.220013784161,0.962274250664645,-1189.5828833501557,516.8832735827009,1.023014941870546,258.5469016117412,1594.3853945699573,1.0556098431016205,1317.5215232561156,1576.9496993255516,1.0011999216526613
cms_pen_1,cost per code,500.0,2,3,0.1093550740088951,0.09547189991054728,7750250.156777952,122921.4329246283,421120.5865499559,661359.3113132678,60.04619466213,784280.744237896,149941.81973008064,934222.5639679768,178.70483462332558,1008.0806743076852,0.9957943835368571,316.02812008568117,940.0122505801512,0.9804611806151156,128.43821027167127,687.4312646341709,0.9763468722148909,1585.8156880765064,1976.9343447757292,0.992231805343447,-13334.908203792767,-11111.220013784161,0.962274250664645,-1189.5828833501557,516.8832735827009,1.023014941870546,258.5469016117412,1594.3853945699573,1.0556098431016205,1317.5215232561156,1576.9496993255516,1.0011999216526613
cms_pen_1,cost per code,1000.0,2,3,0.1093550740088951,0.09547189991054728,7750250.156777952,92898.33559356332,421120.5865499559,661359.3113132678,60.04619466213,754257.6469068311,149941.81973008064,904199.4666369118,178.70483462332558,1008.0806743076852,0.9957943835368571,316.02812008568117,940.0122505801512,0.9804611806151156,128.43821027167127,687.4312646341709,0.9763468722148909,1585.8156880765064,1976.9343447757292,0.992231805343447,-13334.908203792767,-11111.220013784161,0.962274250664645,-1189.5828833501557,516.8832735827009,1.023014941870546,258.5469016117412,1594.3853945699573,1.0556098431016205,1317.5215232561156,1576.9496993255516,1.0011999216526613
cms_pen_1,cost per code,2000.0,2,3,0.1093550740088951,0.094744834948018,7750250.156777952,32882.51064672912,423952.3505404968,657363.0549983393,60.10170355088979,690245.5656450684,149941.81973008064,840187.385375149,178.70483462332558,996.3918677340195,0.9939198118579444,316.02812008568117,931.9369665521632,0.9793100632882606,128.43821027167127,702.7103042461732,0.9768874450000009,1585.8156880765064,1924.9850414097193,0.9915423322163258,-13334.908203792767,-11033.778287786407,0.9586600968153326,-1189.5828833501557,456.6180620673001,1.0237230760719302,258.5469016117412,1597.6127789313223,1.05531521996279,1317.5215232561156,1579.0637096375533,1.0004766082687306
cms_pen_1,cost per code,3000.0,2,3,0.1093550740088951,0.09505839314793263,7750250.156777952,0.0,388153.39597814943,650044.1728604863,0.0,650044.1728604863,149941.81973008064,799985.9925905671,178.70483462332558,837.8976088520881,0.9959844878812858,316.02812008568117,851.6188044911829,0.9814482430307228,128.43821027167127,581.2484251368968,0.9782271800103316,1585.8156880765064,1894.6372632616624,0.9942243225516818,-13334.908203792767,-11419.436163650858,0.9586322470748131,-1189.5828833501557,197.58553233301444,1.0175086050313233,258.5469016117412,1366.142529720864,1.0562790099680741,1317.5215232561156,1549.8485414044987,1.0047141504815444
cms_pen_1,codes per person,1,2,3,0.1093550740088951,0.09547189991054728,7750250.156777952,92898.33559356332,421120.5865499559,661359.3113132678,60.04619466213,754257.6469068311,149941.81973008064,904199.4666369118,178.70483462332558,1008.0806743076852,0.9957943835368571,316.02812008568117,940.0122505801512,0.9804611806151156,128.43821027167127,687.4312646341709,0.9763468722148909,1585.8156880765064,1976.9343447757292,0.992231805343447,-13334.908203792767,-11111.220013784161,0.962274250664645,-1189.5828833501557,516.8832735827009,1.023014941870546,258.5469016117412,1594.3853945699573,1.0556098431016205,1317.5215232561156,1576.9496993255516,1.0011999216526613
cms_pen_1,codes per person,2,2,3,0.1093550740088951,0.09398377548587045,7750250.156777952,175093.00229264516,431703.74475265335,646862.3785234549,120.05482772640738,821955.3808161,149941.81973008064,971897.200546181,178.70483462332558,1080.1910079122918,0.9935208664982436,316.02812008568117,1047.0664056876028,0.9797308431465387,128.43821027167127,786.6206654897818,0.9756385132149406,1585.8156880765064,1999.2643998906296,0.985573582476762,-13334.908203792767,-11277.86674341836,0.9634352030744168,-1189.5828833501557,658.9127982885589,1.028230178153627,258.5469016117412,1599.9650035825762,1.0528091631914587,1317.5215232561156,1710.0741999447555,0.9942407977191623
cms_pen_1,codes per person,3,2,3,0.1093550740088951,0.0911505668089061,7750250.156777952,222502.05663015274,456318.62991642696,666111.9846725602,180.139464945048,888614.041302713,149941.81973008064,1038555.8610327939,178.70483462332558,1167.942335972291,0.9936909710331164,316.02812008568117,1126.9761694770482,0.9771813543829723,128.43821027167127,863.2454857321458,0.9741192977498117,1585.8156880765064,2009.5192290142636,0.9830794364866211,-13334.908203792767,-11114.467933575243,0.9641110788562166,-1189.5828833501557,896.8397034351624,1.0289152956226133,258.5469016117412,1718.0208062648667,1.0534107237322337,1317.5215232561156,1734.3317062976394,0.990998819431425
cms_pen_1,reach,0.02,2,3,0.1093550740088951,0.09508287518118408,7750250.156777952,30976.081812068216,402664.1962296661,661758.3706891855,20.02184244177551,692734.4525012536,149941.81973008064,842676.2722313344,178.70483462332558,908.9686760998229,0.9961051590537805,316.02812008568117,874.3263370299567,0.9810718983198838,128.43821027167127,605.0921827523371,0.9782181672890191,1585.8156880765064,1899.544190803611,0.9920973416705252,-13334.908203792767,-11198.62148508629,0.9605244362387609,-1189.5828833501557,375.47465682222156,1.0185621890489949,258.5469016117412,1511.2450588175777,1.055872978589794,1317.5215232561156,1563.180430981658,1.0047275817400085
cms_pen_1,reach,0.04,2,3,0.1093550740088951,0.09550040553316552,7750250.156777952,62047.33568972915,412231.9715967457,660886.7443428109,40.10520073677343,722934.0800325401,149941.81973008064,872875.8997626208,178.70483462332558,963.8612608090087,0.9952838375829394,316.02812008568117,912.1031722065815,0.9809265756802829,128.43821027167127,643.2086443105054,0.9763812003219594,1585.8156880765064,1950.8700654209763,0.9912476553904176,-13334.908203792767,-11170.423347481947,0.9622341939448364,-1189.5828833501557,425.0211894493753,1.019513114911292,258.5469016117412,1559.5354023663,1.0555025017658346,1317.5215232561156,1569.7960811273517,1.003619049932924
cms_pen_1,reach,0.05,2,3,0.1093550740088951,0.09542029422056597,7750250.156777952,77466.10725587305,417788.9859235571,662968.6253512624,50.07134870913539,740434.7326071354,149941.81973008064,890376.5523372162,178.70483462332558,989.3713860401855,0.9962570963722017,316.02812008568117,923.7415972355163,0.9807717843232794,128.43821027167127,667.5988960109831,0.9765814878604298,1585.8156880765064,1982.2048201336595,0.9936911413924073,-13334.908203792767,-11117.420108612025,0.9622542944393603,-1189.5828833501557,478.1719500684687,1.0223129938388977,258.5469016117412,1587.5722527490148,1.0556953834005003,1317.5215232561156,1576.471620428781,1.0036121744064015
cms_pen_1,reach,0.06,2,3,0.1093550740088951,0.09547189991054728,7750250.156777952,92898.33559356332,421120.5865499559,661359.3113132678,60.04619466213,754257.6469068311,149941.81973008064,904199.4666369118,178.70483462332558,1008.0806743076852,0.9957943835368571,316.02812008568117,940.0122505801512,0.9804611806151156,128.43821027167127,687.4312646341709,0.9763468722148909,1585.8156880765064,1976.9343447757292,0.992231805343447,-13334.908203792767,-11111.220013784161,0.962274250664645,-1189.5828833501557,516.8832735827009,1.023014941870546,258.5469016117412,1594.3853945699573,1.0556098431016205,1317.5215232561156,1576.9496993255516,1.0011999216526613
cms_pen_1,reach,0.075,2,3,0.1093550740088951,0.0952031063088965,7750250.156777952,116395.28678398683,428797.32516638027,660288.1841121103,75.23379190089577,776683.4708960971,149941.81973008064,926625.2906261778,178.70483462332558,1035.355710708267,0.99577909014459,316.02812008568117,965.7085447718384,0.97924326920193,128.43821027167127,693.0638842213627,0.9772656914555377,1585.8156880765064,1993.650148074931,0.9867541822306143,-13334.908203792767,-11070.942191987937,0.9622388484166532,-1189.5828833501557,551.9316824134381,1.0250020222560847,258.5469016117412,1615.3297457495194,1.0567246786738942,1317.5215232561156,1585.4852650855216,0.9992777026325448
cms_pen_1,reach,0.1,2,3,0.1093550740088951,0.09471012227620201,7750250.156777952,154727.59000598523,436831.51212136715,660351.1226776574,100.01043538335863,815078.7126836426,149941.81973008064,965020.5324137232,178.70483462332558,1083.2359088594546,0.9955591637412833,316.02812008568117,1004.2979093902845,0.977352728937196,128.43821027167127,728.9791719827967,0.9777110293781132,1585.8156880765064,1982.9685691070188,0.9811897631887886,-13334.908203792767,-11042.334345833873,0.962233405513733,-1189.5828833501557,635.0777419924325,1.0307242661505882,258.5469016117412,1668.7197568110469,1.056141274538126,1317.5215232561156,1615.4805943954148,0.9944980475912957
cms_pen_1,reach,0.25,2,3,0.1093550740088951,0.09158780857888404,7750250.156777952,384797.96033918427,479224.54709165357,647191.7404262574,250.02750606033214,1031989.7007654415,149941.81973008064,1181931.5204955228,178.70483462332558,1313.0973922184066,0.9897940971787191,316.02812008568117,1227.810597318704,0.970330067232884,128.43821027167127,1028.2653052962849,0.9709561126426214,1585.8156880765064,2470.899502386663,0.9821481917649681,-13334.908203792767,-10539.635741367887,0.9667066610858522,-1189.5828833501557,1260.4568284680952,1.0433440878000704,258.5469016117412,1951.7933682948312,1.0567689181413378,1317.5215232561156,1751.1688521603533,0.9714681551832759
cms_pen_1,reach,0.5,2,3,0.1093550740088951,0.08472478062499644,7750250.156777952,676058.1525433689,632144.1694502349,709514.3068188787,500.01865839855816,1385572.4593622475,149941.81973008064,1535514.2790923286,178.70483462332558,1918.4672013463849,0.9888789270055054,316.02812008568117,1651.4019631220763,0.9655752764442544,128.43821027167127,1471.0559201615022,0.9713085583440307,1585.8156880765064,3029.916231931972,0.9856864202803424,-13334.908203792767,-9048.671462471519,0.9846510107811586,-1189.5828833501557,2018.7308366407788,1.0543088108305678,258.5469016117412,3325.4286004439164,1.0770215171764879,1317.5215232561156,2035.1567015431858,0.9539915719266358
cms_pen_1,reach,1.0,2,3,0.1093550740088951,0.08228953402987127,7750250.156777952,812261.6701109125,621133.871771107,759994.3312846139,705.6451950806946,1572256.0013955263,149941.81973008064,1722197.821125607,178.70483462332558,2277.5299176852923,0.9909967689743684,316.02812008568117,2065.473958162556,0.9600146347740013,128.43821027167127,1906.7518627526094,0.9704161663525172,1585.8156880765064,3344.3675716597604,0.9864018063904891,-13334.908203792767,-9007.966168043115,0.9813707025453416,-1189.5828833501557,2392.087656326721,1.0529161739690307,258.5469016117412,3512.0850779520047,1.0685934056657793,1317.5215232561156,2635.044783938577,0.933414265423104
cms_pen_1,tilt,0.0,2,3,0.1093550740088951,0.11112791419557178,7750250.156777952,92898.33559356332,0.0,0.0,60.04619466213,92898.33559356332,149941.81973008064,242840.15532364396,178.70483462332558,317.6320759813433,1.0,316.02812008568117,403.1626490694369,1.0,128.43821027167127,216.5821342571918,1.0,1585.8156880765064,1675.9791154068828,1.0,-13334.908203792767,-13039.98429599092,1.0,-1189.5828833501557,-843.7617632798156,1.0,258.5469016117412,467.21628512704973,1.0,1317.5215232561156,1345.0708251514025,1.0
cms_pen_1,tilt,0.05,2,3,0.1093550740088951,0.10738911868573553,7750250.156777952,92898.33559356332,105275.74306442645,165332.9121273487,60.04619466213,258231.247720912,149941.81973008064,408173.06745099276,178.70483462332558,489.69199248483204,0.9989486398614978,316.02812008568117,535.3930731312774,0.9951154994672735,128.43821027167127,332.18893307547137,0.9940869653897108,1585.8156880765064,1750.7755827702836,0.998058032566307,-13334.908203792767,-12571.586169923869,0.9905689571567156,-1189.5828833501557,-497.77689007451664,1.00575349480503,258.5469016117412,760.5881248901576,1.0139018792744885,1317.5215232561156,1403.090271225907,1.0002999678658266
cms_pen_1,tilt,0.1,2,3,0.1093550740088951,0.10353678869629568,7750250.156777952,92898.33559356332,210554.42176236297,330670.4345934458,60.04619466213,423568.7701870091,149941.81973008064,573510.5899170897,178.70483462332558,662.1192783161684,0.9978972504056238,316.02812008568117,668.9317420504932,0.9902308627293487,128.43821027167127,449.1825495075666,0.9881737658933607,1585.8156880765064,1825.8657853693398,0.9961160109804937,-13334.908203792767,-12094.169788235093,0.9811376513270615,-1189.5828833501557,-155.71848639332316,1.0115071500473234,258.5469016117412,1046.0316323658765,1.0278041462054441,1317.5215232561156,1461.0765466597534,1.000599944096312
cms_pen_1,tilt,0.2,2,3,0.1093550740088951,0.09547189991054728,7750250.156777952,92898.33559356332,421120.5865499559,661359.3113132678,60.04619466213,754257.6469068311,149941.81973008064,904199.4666369118,178.70483462332558,1008.0806743076852,0.9957943835368571,316.02812008568117,940.0122505801512,0.9804611806151156,128.43821027167127,687.4312646341709,0.9763468722148909,1585.8156880765064,1976.9343447757292,0.992231805343447,-13334.908203792767,-11111.220013784161,0.962274250664645,-1189.5828833501557,516.8832735827009,1.023014941870546,258.5469016117412,1594.3853945699573,1.0556098431016205,1317.5215232561156,1576.9496993255516,1.0011999216526613
cms_pen_1,tilt,0.3,2,3,0.1093550740088951,0.08689107822616748,7750250.156777952,92898.33559356332,631698.4953451982,992066.6317023385,60.04619466213,1084964.9672959018,149941.81973008064,1234906.7870259827,178.70483462332558,1355.5257472123467,0.9936913993838884,316.02812008568117,1216.565005330944,0.9706909536117181,128.43821027167127,931.5365471757465,0.9645193189094102,1585.8156880765064,2129.1988281470212,0.9883473830707371,-13334.908203792767,-10088.904129800185,0.9434097979247402,-1189.5828833501557,1174.5575711963186,1.0345233755233587,258.5469016117412,2114.6205921733876,1.083417090818259,1317.5215232561156,1692.6905102642586,1.0017999326718456
cms_pen_1,tilt,0.5,2,3,0.1093550740088951,0.06798628361097203,7750250.156777952,92898.33559356332,1052889.548888876,1653536.6096605735,60.04619466213,1746434.9452541368,149941.81973008064,1896376.7649842177,178.70483462332558,2054.9052652338987,0.9894850791860944,316.02812008568117,1786.7637116402154,0.951148864755079,128.43821027167127,1438.202370635301,0.9408622331966658,1585.8156880765064,2437.372824767089,0.9805778885458287,-13334.908203792767,-7916.319959000666,0.905677735860379,-1189.5828833501557,2447.068387291959,1.0575421685325477,258.5469016117412,3078.964521297688,1.1390362392319204,1317.5215232561156,1923.77601283125,1.0030000551099212
cms_pen_1,selection rule,smooth,2,3,0.1093550740088951,-0.19856043878628227,7750250.156777952,92898.33559356332,8015018.214929085,7073927.960859754,60.04619466213,7166826.296453318,149941.81973008064,7316768.116183398,178.70483462332558,7042.241619920558,1.041725960890272,316.02812008568117,5519.358936466582,0.7472774124575129,128.43821027167127,3038.2872968293505,0.7671490384862643,1585.8156880765064,2393.4815877350447,0.8394220466578306,-13334.908203792767,3635.889610941695,1.2845803681859762,-1189.5828833501557,11633.662639652966,1.7535020527076763,258.5469016117412,11888.998668206015,2.3627606629165085,1317.5215232561156,3273.8499379768014,0.6271950008458038
cms_pen_1,plausibility,either,2,3,0.1093550740088951,0.09547189991054728,7750250.156777952,92898.33559356332,421120.5865499559,661359.3113132678,60.04619466213,754257.6469068311,149941.81973008064,904199.4666369118,178.70483462332558,1008.0806743076852,0.9957943835368571,316.02812008568117,940.0122505801512,0.9804611806151156,128.43821027167127,687.4312646341709,0.9763468722148909,1585.8156880765064,1976.9343447757292,0.992231805343447,-13334.908203792767,-11111.220013784161,0.962274250664645,-1189.5828833501557,516.8832735827009,1.023014941870546,258.5469016117412,1594.3853945699573,1.0556098431016205,1317.5215232561156,1576.9496993255516,1.0011999216526613
cms_pen_1,plausibility,system,2,3,0.1093550740088951,0.0931415205283016,7750250.156777952,61863.33555779258,422157.55024272465,654639.4619021359,60.056647009282635,716502.7974599286,149941.81973008064,866444.6171900091,178.70483462332558,945.1812823688682,0.9951501650262786,316.02812008568117,918.7375241446847,0.9804883005883851,128.43821027167127,631.3849593881577,0.978723559914422,1585.8156880765064,2015.4258617537782,0.995399917578172,-13334.908203792767,-11142.884690194342,0.9633206242615211,-1189.5828833501557,358.5730399553503,1.015786441564334,258.5469016117412,1724.364011221682,1.0608186208008659,1317.5215232561156,1599.5249766525453,1.004221260341459
cms_pen_1,plausibility,use,2,3,0.1093550740088951,0.09477229488669159,7750250.156777952,92885.21286942913,422029.98159388104,657867.249885206,60.03771259791619,750752.4627546351,149941.81973008064,900694.2824847158,178.70483462332558,1006.7667487500635,0.9954083246914628,316.02812008568117,944.7635774358008,0.9796108538503764,128.43821027167127,675.679972929524,0.9752736750745656,1585.8156880765064,1948.4420076533938,0.9897915652820727,-13334.908203792767,-11109.306035142277,0.9599159700974549,-1189.5828833501557,478.4064832746871,1.0229790229099485,258.5469016117412,1605.9577908174988,1.056501294613481,1317.5215232561156,1603.1708125034547,1.0005964281256596
cms_pen_1,plausibility,any,2,3,0.1093550740088951,0.09414482669246638,7750250.156777952,92976.58792252887,414890.1702844548,672711.4083103461,60.09677419671268,765687.9962328749,149941.81973008064,915629.8159629555,178.70483462332558,1037.3237139284545,0.995826638912343,316.02812008568117,988.4796680444341,0.9810431355750673,128.43821027167127,704.5694618439816,0.97602986236493,1585.8156880765064,2040.4658987874643,0.9933417458110911,-13334.908203792767,-11008.76440037878,0.9592319742337038,-1189.5828833501557,492.29638108868113,1.0197776502546823,258.5469016117412,1610.0177144267648,1.0550262552705902,1317.5215232561156,1668.6206118804337,1.002208937561356
cms_pen_1,plan cost model,WLS,2,3,0.1093550740088951,0.10446758278363544,7750250.156777952,92898.33559356332,28416.000428761447,479830.726744481,60.04619466213,572729.0623380443,149941.81973008064,722670.882068125,178.70483462332558,827.7731736510161,1.0094212865327956,316.02812008568117,687.7850823531215,1.014915877123376,128.43821027167127,443.22576346086686,1.0030681422637107,1585.8156880765064,1902.4679243217317,1.0092754071447865,-13334.908203792767,-11495.206747362245,0.9170718920275663,-1189.5828833501557,191.95048889695366,1.000655591524885,258.5469016117412,1345.7821061648872,1.0117014505371078,1317.5215232561156,1420.394447204599,1.0576614695768396
cms_pen_1,share of added codes real,0.0,2,3,0.1093550740088951,,,92898.33559356332,,661359.3113132678,,754257.6469068311,,,,,,,,,,,,,,,,,,,,,,,,,,
cms_pen_1,share of added codes real,0.25,2,3,0.1093550740088951,,,20598.24346665921,,654766.8810790054,,675365.1245456646,,,,,,,,,,,,,,,,,,,,,,,,,,
cms_pen_1,share of added codes real,0.5,2,3,0.1093550740088951,,,-69913.57749197965,,647175.1645867829,,577261.5870948032,,,,,,,,,,,,,,,,,,,,,,,,,,
cms_pen_1,share of added codes real,1.0,2,3,0.1093550740088951,,,-244865.27044107765,,629395.1465163708,,384529.87607529317,,,,,,,,,,,,,,,,,,,,,,,,,,
cms_robust_adv,cost per code,0.0,2,3,0.10967788733752537,0.09821145879647364,7005967.676643451,174570.2067558977,326921.15340262273,619467.2237122001,60.054487589579324,794037.4304680977,-594340.6604044209,199696.7700636768,-507.02981647982637,279.7417717115594,0.9982294332593127,-194.53373806113865,384.98969731424967,0.9812546614799431,-455.43111520951436,120.4453088027001,0.9780255104795493,979.2674710493382,1349.5765074523906,0.9992035876981695,-14913.61127416118,-12566.511306081462,0.9503107119541079,-2024.1615424984604,-372.4298151261446,1.0236511309539071,-1487.1302377774994,-203.07769031998004,1.0472696482515258,964.4277997504248,1212.6256585312292,1.0151023880003367
cms_robust_adv,cost per code,250.0,2,3,0.10967788733752537,0.09821145879647364,7005967.676643451,159556.58485850287,326921.15340262273,619467.2237122001,60.054487589579324,779023.8085707029,-594340.6604044209,184683.14816628196,-507.02981647982637,279.7417717115594,0.9982294332593127,-194.53373806113865,384.98969731424967,0.9812546614799431,-455.43111520951436,120.4453088027001,0.9780255104795493,979.2674710493382,1349.5765074523906,0.9992035876981695,-14913.61127416118,-12566.511306081462,0.9503107119541079,-2024.1615424984604,-372.4298151261446,1.0236511309539071,-1487.1302377774994,-203.07769031998004,1.0472696482515258,964.4277997504248,1212.6256585312292,1.0151023880003367
cms_robust_adv,cost per code,500.0,2,3,0.10967788733752537,0.09821145879647364,7005967.676643451,144542.96296110805,326921.15340262273,619467.2237122001,60.054487589579324,764010.186673308,-594340.6604044209,169669.52626888713,-507.02981647982637,279.7417717115594,0.9982294332593127,-194.53373806113865,384.98969731424967,0.9812546614799431,-455.43111520951436,120.4453088027001,0.9780255104795493,979.2674710493382,1349.5765074523906,0.9992035876981695,-14913.61127416118,-12566.511306081462,0.9503107119541079,-2024.1615424984604,-372.4298151261446,1.0236511309539071,-1487.1302377774994,-203.07769031998004,1.0472696482515258,964.4277997504248,1212.6256585312292,1.0151023880003367
cms_robust_adv,cost per code,1000.0,2,3,0.10967788733752537,0.09821145879647364,7005967.676643451,114515.71916631838,326921.15340262273,619467.2237122001,60.054487589579324,733982.9428785184,-594340.6604044209,139642.28247409748,-507.02981647982637,279.7417717115594,0.9982294332593127,-194.53373806113865,384.98969731424967,0.9812546614799431,-455.43111520951436,120.4453088027001,0.9780255104795493,979.2674710493382,1349.5765074523906,0.9992035876981695,-14913.61127416118,-12566.511306081462,0.9503107119541079,-2024.1615424984604,-372.4298151261446,1.0236511309539071,-1487.1302377774994,-203.07769031998004,1.0472696482515258,964.4277997504248,1212.6256585312292,1.0151023880003367
cms_robust_adv,cost per code,2000.0,2,3,0.10967788733752537,0.09821145879647364,7005967.676643451,54461.231576739054,326921.15340262273,619467.2237122001,60.054487589579324,673928.4552889391,-594340.6604044209,79587.79488451815,-507.02981647982637,279.7417717115594,0.9982294332593127,-194.53373806113865,384.98969731424967,0.9812546614799431,-455.43111520951436,120.4453088027001,0.9780255104795493,979.2674710493382,1349.5765074523906,0.9992035876981695,-14913.61127416118,-12566.511306081462,0.9503107119541079,-2024.1615424984604,-372.4298151261446,1.0236511309539071,-1487.1302377774994,-203.07769031998004,1.0472696482515258,964.4277997504248,1212.6256585312292,1.0151023880003367
cms_robust_adv,cost per code,3000.0,2,3,0.10967788733752537,0.09839468476017532,7005967.676643451,0.0,284741.507664787,610748.1548760192,0.0,610748.1548760192,-594340.6604044209,16407.4944715983,-507.02981647982637,145.13762167814303,1.0012603969179048,-194.53373806113865,286.5713690808683,0.9852808676374518,-455.43111520951436,-23.630200079248755,0.9811091644375407,979.2674710493382,1223.8366972667322,1.0059685389400863,-14913.61127416118,-13172.883732039552,0.9541756870430337,-2024.1615424984604,-710.8243649932161,1.0186802843884764,-1487.1302377774994,-444.6122979158512,1.0418816178850558,964.4277997504248,1156.163799745601,1.0255924656240696
cms_robust_adv,codes per person,1,2,3,0.10967788733752537,0.09821145879647364,7005967.676643451,114515.71916631838,326921.15340262273,619467.2237122001,60.054487589579324,733982.9428785184,-594340.6604044209,139642.28247409748,-507.02981647982637,279.7417717115594,0.9982294332593127,-194.53373806113865,384.98969731424967,0.9812546614799431,-455.43111520951436,120.4453088027001,0.9780255104795493,979.2674710493382,1349.5765074523906,0.9992035876981695,-14913.61127416118,-12566.511306081462,0.9503107119541079,-2024.1615424984604,-372.4298151261446,1.0236511309539071,-1487.1302377774994,-203.07769031998004,1.0472696482515258,964.4277997504248,1212.6256585312292,1.0151023880003367
cms_robust_adv,codes per person,2,2,3,0.10967788733752537,0.09466133689438039,7005967.676643451,226310.85734454272,364546.0622986855,660209.4424987873,120.17191551239642,886520.2998433302,-594340.6604044209,292179.6394389092,-507.02981647982637,414.53187388678793,0.9944921632863603,-194.53373806113865,583.2326595052948,0.9814857298578729,-455.43111520951436,270.9414695665712,0.9755898288197198,979.2674710493382,1688.361298543993,0.9980116805683719,-14913.61127416118,-12546.88140944773,0.9466423410719518,-2024.1615424984604,87.73515800637354,1.0354926917058072,-1487.1302377774994,-266.7983680131672,1.0413508363925916,964.4277997504248,1275.6642048187127,0.9964690916965027
cms_robust_adv,codes per person,3,2,3,0.10967788733752537,0.09191636083330368,7005967.676643451,315831.7469528835,385574.6181102772,672896.3759101334,180.14374739874455,988728.1228630168,-594340.6604044209,394387.462458596,-507.02981647982637,461.64676577472,0.9920524810767246,-194.53373806113865,750.6016415255359,0.9803804735167553,-455.43111520951436,415.51279121778776,0.9776049616420804,979.2674710493382,1827.9773362434157,0.9978421849461677,-14913.61127416118,-12629.961541478284,0.9493511319526811,-2024.1615424984604,-701.5604834770201,1.0098426916749872,-1487.1302377774994,-162.93312014701806,1.041455532657089,964.4277997504248,1396.1316820436734,0.9927160593807729
cms_robust_adv,reach,0.02,2,3,0.10967788733752537,0.09913864983970144,7005967.676643451,38189.32876062055,300027.5295426019,612814.5062068775,20.02729919355562,651003.8349674981,-594340.6604044209,56663.174563077286,-507.02981647982637,213.45705131410628,1.0007741371530807,-194.53373806113865,321.96494465612574,0.9848235372125045,-455.43111520951436,8.459009602625986,0.9793071771221779,979.2674710493382,1260.1341617037249,1.0059270107101899,-14913.61127416118,-13011.54962666835,0.9541362969172401,-2024.1615424984604,-555.1384799833262,1.0198877358819771,-1487.1302377774994,-319.5103197500051,1.0442568112800015,964.4277997504248,1168.723560928356,1.0233924500961067
cms_robust_adv,reach,0.04,2,3,0.10967788733752537,0.09860680084839246,7005967.676643451,76413.52304434565,318750.83411864087,612384.169287647,40.07288261166864,688797.6923319926,-594340.6604044209,94457.03192757173,-507.02981647982637,242.8450923487787,0.9986804583300241,-194.53373806113865,359.1635881211575,0.98255669663972,-455.43111520951436,33.61070634159662,0.9790346073296217,979.2674710493382,1337.0556464187378,0.9984774210003755,-14913.61127416118,-12950.145757150176,0.9541472602406654,-2024.1615424984604,-446.59324967495616,1.0238046714555853,-1487.1302377774994,-288.3333036058057,1.0449169290611877,964.4277997504248,1187.9183233737065,1.0166391583360774
cms_robust_adv,reach,0.05,2,3,0.10967788733752537,0.09879296811973959,7005967.676643451,95478.05450770023,323142.8286536663,609141.8746619676,50.07072986357601,704619.9291696678,-594340.6604044209,110279.26876524708,-507.02981647982637,256.6641434270589,0.998597700910469,-194.53373806113865,367.013400265287,0.9822107006739318,-455.43111520951436,64.33509906610622,0.9782919133454032,979.2674710493382,1327.3594044196059,0.9972035633295946,-14913.61127416118,-12929.870190904196,0.9534307974202615,-2024.1615424984604,-409.0755755909574,1.0231788885266526,-1487.1302377774994,-252.64229620012975,1.0465149027570744,964.4277997504248,1194.2108131322927,1.0150953553373598
cms_robust_adv,reach,0.06,2,3,0.10967788733752537,0.09821145879647364,7005967.676643451,114515.71916631838,326921.15340262273,619467.2237122001,60.054487589579324,733982.9428785184,-594340.6604044209,139642.28247409748,-507.02981647982637,279.7417717115594,0.9982294332593127,-194.53373806113865,384.98969731424967,0.9812546614799431,-455.43111520951436,120.4453088027001,0.9780255104795493,979.2674710493382,1349.5765074523906,0.9992035876981695,-14913.61127416118,-12566.511306081462,0.9503107119541079,-2024.1615424984604,-372.4298151261446,1.0236511309539071,-1487.1302377774994,-203.07769031998004,1.0472696482515258,964.4277997504248,1212.6256585312292,1.0151023880003367
cms_robust_adv,reach,0.075,2,3,0.10967788733752537,0.0981835491675388,7005967.676643451,143363.68871526478,335443.33725639404,623667.329272378,75.1829786113719,767031.0179876428,-594340.6604044209,172690.3575832221,-507.02981647982637,304.67779454110536,0.9977599631873619,-194.53373806113865,419.2062824186228,0.9809779607296636,-455.43111520951436,139.53125620864566,0.9778188005387873,979.2674710493382,1415.6206804962278,1.0017431686776614,-14913.61127416118,-12481.476804943934,0.9502821485579236,-2024.1615424984604,-288.46863453805474,1.0259231108863034,-1487.1302377774994,-172.01941806191263,1.0474279112944456,964.4277997504248,1218.9549476642712,1.0133424767617885
cms_robust_adv,reach,0.1,2,3,0.10967788733752537,0.0982759501960937,7005967.676643451,190785.45708661055,341672.94011290214,637948.0030485566,100.05196621294928,828733.4601351672,-594340.6604044209,234392.7997307465,-507.02981647982637,370.1083392233266,0.9961346118301914,-194.53373806113865,498.58398582825384,0.9810667191963899,-455.43111520951436,208.95137740341693,0.9767678680628462,979.2674710493382,1634.1501758870554,0.9997313605340157,-14913.61127416118,-12523.825559487206,0.9455115606824072,-2024.1615424984604,-203.7322800998555,1.0274475123951694,-1487.1302377774994,-159.85779072140926,1.0462334890436318,964.4277997504248,1262.016739903443,0.9990142474746365
cms_robust_adv,reach,0.25,2,3,0.10967788733752537,0.09833050806307997,7005967.676643451,476790.29105341906,413551.23922739306,592650.8204847308,250.03900621986588,1069441.1115381499,-594340.6604044209,475100.451133729,-507.02981647982637,717.1290312298285,0.992214120000784,-194.53373806113865,816.8475966258883,0.9755547496673298,-455.43111520951436,518.2930015683739,0.970671746405967,979.2674710493382,1909.0181868075365,0.9942035905922205,-14913.61127416118,-11859.270847303282,0.9534722683345833,-2024.1615424984604,411.36226612556635,1.0491258157670802,-1487.1302377774994,421.6673770975439,1.0517576974298954,964.4277997504248,1421.3324538815043,0.9751979612427001
cms_robust_adv,reach,0.5,2,3,0.10967788733752537,0.0919439383836933,7005967.676643451,911459.4937870277,563588.7248484635,670560.0448942025,500.14979107479974,1582019.5386812303,-594340.6604044209,987678.8782768095,-507.02981647982637,1433.8159722149462,0.9882427494897568,-194.53373806113865,1300.823790612449,0.9689082030133184,-455.43111520951436,1054.806087453776,0.9677620325630876,979.2674710493382,2620.16078319621,0.994734222287429,-14913.61127416118,-10480.314161457818,0.9678898940260009,-2024.1615424984604,1775.7391571800317,1.065111967826652,-1487.1302377774994,2037.1506867010428,1.0703595627340454,964.4277997504248,1730.738354878948,0.9612618736825193
cms_robust_adv,reach,1.0,2,3,0.10967788733752537,0.08929161054306256,7005967.676643451,1120637.4299868855,539404.3163890664,732687.8284363697,705.6451950806946,1853325.258423255,-594340.6604044209,1258984.5980188344,-507.02981647982637,1896.6935813758591,0.9894496011367382,-194.53373806113865,1777.731295562857,0.9641762373444994,-455.43111520951436,1552.3020469235544,0.9739258257168794,979.2674710493382,2931.1658960012132,0.9977281727975101,-14913.61127416118,-10411.114190612268,0.9663108407289798,-2024.1615424984604,1979.3809331893694,1.0591070463313876,-1487.1302377774994,2230.256886852149,1.0542218486136303,964.4277997504248,2442.209311453425,0.9305701711517331
cms_robust_adv,tilt,0.0,2,3,0.10967788733752537,0.11049953915499655,7005967.676643451,114515.71916631838,0.0,0.0,60.054487589579324,114515.71916631838,-594340.6604044209,-479824.94123810244,-507.02981647982637,-363.31895169439156,1.0,-194.53373806113865,-84.80489392132999,1.0,-455.43111520951436,-301.01402626806976,1.0,979.2674710493382,1097.2287442262457,1.0,-14913.61127416118,-14580.849573833635,1.0,-2024.1615424984604,-1682.923879609089,1.0,-1487.1302377774994,-1199.3214013714958,1.0,964.4277997504248,1007.3989867499531,1.0
cms_robust_adv,tilt,0.05,2,3,0.10967788733752537,0.10759415298555286,7005967.676643451,114515.71916631838,81728.38717305695,154863.2034777458,60.054487589579324,269378.9226440641,-594340.6604044209,-324961.7377603567,-507.02981647982637,-202.77108583503045,0.9995573686113838,-194.53373806113865,30.98206219484588,0.9953137743816457,-455.43111520951436,-197.3977123725934,0.9945065054103553,979.2674710493382,1160.2765281980319,0.999800901555999,-14913.61127416118,-14096.279552797345,0.9875779669516616,-2024.1615424984604,-1349.5307334842632,1.0059126451976663,-1487.1302377774994,-941.5397595971062,1.0118171371709224,964.4277997504248,1059.2834062998886,1.003775509173642
cms_robust_adv,tilt,0.1,2,3,0.10967788733752537,0.10458121526435715,7005967.676643451,114515.71916631838,163458.0417781912,309728.8085517832,60.054487589579324,424244.52771810157,-594340.6604044209,-170096.13268631932,-507.02981647982637,-42.0784739315201,0.9991147303585036,-194.53373806113865,147.86631436667344,0.9906274760899786,-455.43111520951436,-92.62868653146205,0.9890129256283866,979.2674710493382,1223.3504059223562,0.9996018000244082,-14913.61127416118,-13599.356327948892,0.975155741264221,-2024.1615424984604,-1020.0289022000268,1.0118253820877845,-1487.1302377774994,-689.7060727755954,1.0236344576003087,964.4277997504248,1110.7797774077728,1.0075510768973375
cms_robust_adv,tilt,0.2,2,3,0.10967788733752537,0.09821145879647364,7005967.676643451,114515.71916631838,326921.15340262273,619467.2237122001,60.054487589579324,733982.9428785184,-594340.6604044209,139642.28247409748,-507.02981647982637,279.7417717115594,0.9982294332593127,-194.53373806113865,384.98969731424967,0.9812546614799431,-455.43111520951436,120.4453088027001,0.9780255104795493,979.2674710493382,1349.5765074523906,0.9992035876981695,-14913.61127416118,-12566.511306081462,0.9503107119541079,-2024.1615424984604,-372.4298151261446,1.0236511309539071,-1487.1302377774994,-203.07769031998004,1.0472696482515258,964.4277997504248,1212.6256585312292,1.0151023880003367
cms_robust_adv,tilt,0.3,2,3,0.10967788733752537,0.09134418631795638,7005967.676643451,114515.71916631838,490389.335109167,929215.2459281979,60.054487589579324,1043730.9650945163,-594340.6604044209,449390.3046900954,-507.02981647982637,602.1433561812856,0.9973441087011499,-194.53373806113865,626.6942782162963,0.971881556156368,-455.43111520951436,338.36800183796913,0.9670377545376336,979.2674710493382,1475.9071785981432,0.9988053630207084,-14913.61127416118,-11478.176157622616,0.9254649120338091,-2024.1615424984604,260.3967580884008,1.035477246615432,-1487.1302377774994,262.0847326621477,1.0709055719877565,964.4277997504248,1312.9705617617394,1.0226539333198934
cms_robust_adv,tilt,0.5,2,3,0.10967788733752537,0.075898915448942,7005967.676643451,114515.71916631838,817340.90971217,1548740.1133148642,60.054487589579324,1663255.8324811826,-594340.6604044209,1068915.1720767617,-507.02981647982637,1248.6968538154956,0.995573377202798,-194.53373806113865,1124.3885453011433,0.9531344733144967,-455.43111520951436,789.4369165491216,0.9450612202111431,979.2674710493382,1728.8827499400256,0.9980088766098212,-14913.61127416118,-9116.132495961692,0.8757710002192408,-2024.1615424984604,1483.70914303165,1.0591305783929517,-1487.1302377774994,1133.4530607339984,1.1181796188516893,964.4277997504248,1509.288232982686,1.0377577266522704
cms_robust_adv,selection rule,smooth,2,3,0.10967788733752537,-0.03566797672882016,7005967.676643451,114515.71916631838,4813334.1200479,4796221.088838094,60.054487589579324,4910736.808004412,-594340.6604044209,4316396.147599991,-507.02981647982637,5479.557074941753,1.0957539229052837,-194.53373806113865,4071.6389083995814,0.8669996668282074,-455.43111520951436,3337.648980085731,0.8855109946164762,979.2674710493382,-358.88245639499047,0.8556854744918421,-14913.61127416118,2808.6428670808964,1.0331312233820866,-2024.1615424984604,6758.098745038724,1.6288932002071128,-1487.1302377774994,6862.98765749717,1.5307887331212646,964.4277997504248,2669.879304940321,0.799283916432085
cms_robust_adv,plausibility,either,2,3,0.10967788733752537,0.09821145879647364,7005967.676643451,114515.71916631838,326921.15340262273,619467.2237122001,60.054487589579324,733982.9428785184,-594340.6604044209,139642.28247409748,-507.02981647982637,279.7417717115594,0.9982294332593127,-194.53373806113865,384.98969731424967,0.9812546614799431,-455.43111520951436,120.4453088027001,0.9780255104795493,979.2674710493382,1349.5765074523906,0.9992035876981695,-14913.61127416118,-12566.511306081462,0.9503107119541079,-2024.1615424984604,-372.4298151261446,1.0236511309539071,-1487.1302377774994,-203.07769031998004,1.0472696482515258,964.4277997504248,1212.6256585312292,1.0151023880003367
cms_robust_adv,plausibility,system,2,3,0.10967788733752537,0.09660147535564223,7005967.676643451,105611.59998743235,337569.6087999715,637310.5136417772,60.47903213561552,742922.1136292096,-594340.6604044209,148581.4532247888,-507.02981647982637,328.067442881672,0.999793736778594,-194.53373806113865,376.81213046786274,0.9816012545946354,-455.43111520951436,133.51845483273968,0.9798123413727947,979.2674710493382,1406.6919789881595,1.0042771007324296,-14913.61127416118,-12481.43544018673,0.957232280309488,-2024.1615424984604,-371.6163163725726,1.0222278352359695,-1487.1302377774994,-16.414847010736864,1.046561299783038,964.4277997504248,1192.9252598231178,1.0154433098616802
cms_robust_adv,plausibility,use,2,3,0.10967788733752537,0.09888770785928647,7005967.676643451,114502.46879070203,329045.5660509487,616775.4576266694,60.047538809762855,731277.9264173715,-594340.6604044209,136937.26601295057,-507.02981647982637,279.73198089142886,0.998286952570511,-194.53373806113865,377.260945414103,0.98135460171118,-455.43111520951436,119.91763933755824,0.9792005980512507,979.2674710493382,1315.0743467359985,0.9964745863887843,-14913.61127416118,-12545.444513160117,0.9502864215737123,-2024.1615424984604,-384.3371399102056,1.023684293452182,-1487.1302377774994,-230.96825642457944,1.0471478507559437,964.4277997504248,1207.8215125589818,1.015076441514798
cms_robust_adv,plausibility,any,2,3,0.10967788733752537,0.09856606914272514,7005967.676643451,114531.84219873292,321535.4115834076,622035.3326861567,60.062942851940626,736567.1748848896,-594340.6604044209,142226.51448046885,-507.02981647982637,303.456197872478,0.9992629674936268,-194.53373806113865,432.9198120169919,0.9817136733977991,-455.43111520951436,108.50184958074452,0.9791005259550772,979.2674710493382,1430.5219910484486,1.0016713981144367,-14913.61127416118,-12967.219839150977,0.9534913803329618,-2024.1615424984604,-420.773507450775,1.0200246235893933,-1487.1302377774994,-197.56701117418714,1.04374940417908,964.4277997504248,1329.1779061708933,1.0162693343354348
cms_robust_adv,plan cost model,WLS,2,3,0.10967788733752537,0.10707233344752387,7005967.676643451,114515.71916631838,-95237.51186803119,477725.60713578964,60.054487589579324,592241.326302108,-594340.6604044209,-2099.3341023128883,-507.02981647982637,141.75577681506863,1.0086486234082113,-194.53373806113865,192.03461989398153,1.0284372070663992,-455.43111520951436,-14.40506903916706,1.0158287481494794,979.2674710493382,1201.6846269128607,1.0068367770388922,-14913.61127416118,-12847.328576441463,0.8977754945859188,-2024.1615424984604,-581.954597739491,0.9969988338335217,-1487.1302377774994,-299.63188610620324,0.979019666161516,964.4277997504248,1052.687016387153,1.086711034474957
cms_robust_adv,share of added codes real,0.0,2,3,0.10967788733752537,,,114515.71916631838,,619467.2237122001,,733982.9428785185,,,,,,,,,,,,,,,,,,,,,,,,,,
cms_robust_adv,share of added codes real,0.25,2,3,0.10967788733752537,,,-108471.15489976759,,598421.973796955,,489950.81889718736,,,,,,,,,,,,,,,,,,,,,,,,,,
cms_robust_adv,share of added codes real,0.5,2,3,0.10967788733752537,,,-337508.62949055195,,574885.9008075763,,237377.2713170243,,,,,,,,,,,,,,,,,,,,,,,,,,
cms_robust_adv,share of added codes real,1.0,2,3,0.10967788733752537,,,-780591.583001267,,543383.1764174951,,-237208.40658377192,,,,,,,,,,,,,,,,,,,,,,,,,,
cms,cost per code,0.0,2,4,0.11603521436478681,0.0718978770356774,7880982.380657099,898623.8366293149,707358.6144134027,780368.4981453612,60.04701223691046,1678992.3347746762,84814.22328355965,1763806.558058236,493.59213610172316,2305.2263395612526,1.0023626027617056,248.28857568630517,1415.8748367305739,0.9802938269760624,199.87107675773726,1629.294572732827,0.9788291578977647,187.4247540315461,1563.748737831677,0.9681217611466681,-4472.307456332735,-1056.4472834304934,1.0169042647347315,1779.5028814344448,4941.673266567004,1.060780622056944,446.97529215039015,3598.141514271228,1.037932922201032,806.4910275716609,1080.9480912160086,0.9806056983244812
cms,cost per code,250.0,2,4,0.11603521436478681,0.0718978770356774,7880982.380657099,883612.0835700873,707358.6144134027,780368.4981453612,60.04701223691046,1663980.5817154485,84814.22328355965,1748794.8049990083,493.59213610172316,2305.2263395612526,1.0023626027617056,248.28857568630517,1415.8748367305739,0.9802938269760624,199.87107675773726,1629.294572732827,0.9788291578977647,187.4247540315461,1563.748737831677,0.9681217611466681,-4472.307456332735,-1056.4472834304934,1.0169042647347315,1779.5028814344448,4941.673266567004,1.060780622056944,446.97529215039015,3598.141514271228,1.037932922201032,806.4910275716609,1080.9480912160086,0.9806056983244812
cms,cost per code,500.0,2,4,0.11603521436478681,0.0718978770356774,7880982.380657099,868600.3305108597,707358.6144134027,780368.4981453612,60.04701223691046,1648968.8286562208,84814.22328355965,1733783.0519397806,493.59213610172316,2305.2263395612526,1.0023626027617056,248.28857568630517,1415.8748367305739,0.9802938269760624,199.87107675773726,1629.294572732827,0.9788291578977647,187.4247540315461,1563.748737831677,0.9681217611466681,-4472.307456332735,-1056.4472834304934,1.0169042647347315,1779.5028814344448,4941.673266567004,1.060780622056944,446.97529215039015,3598.141514271228,1.037932922201032,806.4910275716609,1080.9480912160086,0.9806056983244812
cms,cost per code,1000.0,2,4,0.11603521436478681,0.0718978770356774,7880982.380657099,838576.8243924045,707358.6144134027,780368.4981453612,60.04701223691046,1618945.3225377658,84814.22328355965,1703759.5458213256,493.59213610172316,2305.2263395612526,1.0023626027617056,248.28857568630517,1415.8748367305739,0.9802938269760624,199.87107675773726,1629.294572732827,0.9788291578977647,187.4247540315461,1563.748737831677,0.9681217611466681,-4472.307456332735,-1056.4472834304934,1.0169042647347315,1779.5028814344448,4941.673266567004,1.060780622056944,446.97529215039015,3598.141514271228,1.037932922201032,806.4910275716609,1080.9480912160086,0.9806056983244812
cms,cost per code,2000.0,2,4,0.11603521436478681,0.0718978770356774,7880982.380657099,778529.812155494,707358.6144134027,780368.4981453612,60.04701223691046,1558898.3103008554,84814.22328355965,1643712.533584415,493.59213610172316,2305.2263395612526,1.0023626027617056,248.28857568630517,1415.8748367305739,0.9802938269760624,199.87107675773726,1629.294572732827,0.9788291578977647,187.4247540315461,1563.748737831677,0.9681217611466681,-4472.307456332735,-1056.4472834304934,1.0169042647347315,1779.5028814344448,4941.673266567004,1.060780622056944,446.97529215039015,3598.141514271228,1.037932922201032,806.4910275716609,1080.9480912160086,0.9806056983244812
cms,cost per code,3000.0,2,4,0.11603521436478681,0.0718978770356774,7880982.380657099,718482.7999185835,707358.6144134027,780368.4981453612,60.04701223691046,1498851.2980639448,84814.22328355965,1583665.5213475046,493.59213610172316,2305.2263395612526,1.0023626027617056,248.28857568630517,1415.8748367305739,0.9802938269760624,199.87107675773726,1629.294572732827,0.9788291578977647,187.4247540315461,1563.748737831677,0.9681217611466681,-4472.307456332735,-1056.4472834304934,1.0169042647347315,1779.5028814344448,4941.673266567004,1.060780622056944,446.97529215039015,3598.141514271228,1.037932922201032,806.4910275716609,1080.9480912160086,0.9806056983244812
cms,codes per person,1,2,4,0.11603521436478681,0.0718978770356774,7880982.380657099,838576.8243924045,707358.6144134027,780368.4981453612,60.04701223691046,1618945.3225377658,84814.22328355965,1703759.5458213256,493.59213610172316,2305.2263395612526,1.0023626027617056,248.28857568630517,1415.8748367305739,0.9802938269760624,199.87107675773726,1629.294572732827,0.9788291578977647,187.4247540315461,1563.748737831677,0.9681217611466681,-4472.307456332735,-1056.4472834304934,1.0169042647347315,1779.5028814344448,4941.673266567004,1.060780622056944,446.97529215039015,3598.141514271228,1.037932922201032,806.4910275716609,1080.9480912160086,0.9806056983244812
cms,codes per person,2,2,4,0.11603521436478681,0.004693831775391177,7880982.380657099,1473956.653360156,832806.8918622136,881977.7094593638,120.26033259846449,2355934.36281952,84814.22328355965,2440748.5861030794,493.59213610172316,2968.5654407259126,1.0006678453616344,248.28857568630517,1988.279989524631,0.9816685549723422,199.87107675773726,2419.06439171605,0.978424502973848,187.4247540315461,2838.875913039497,0.9739666968378349,-4472.307456332735,-668.4432478695487,1.0174738117354696,1779.5028814344448,6185.116160620995,1.0615976193639622,446.97529215039015,3953.720217983255,1.0348441012419378,806.4910275716609,1648.4839777968928,0.9822357042502649
cms,codes per person,3,2,4,0.11603521436478681,-0.08492108716163438,7880982.380657099,2032834.135420699,963951.113179703,988435.6046077895,180.4109011515999,3021269.740028489,84814.22328355965,3106083.963312048,493.59213610172316,3695.443687429576,1.0006089297581235,248.28857568630517,2527.0638149885644,0.9822656677133557,199.87107675773726,3229.9636109995677,0.9788737550739643,187.4247540315461,3821.4539672008987,0.9744528977271695,-4472.307456332735,1135.2173455236148,1.0241704335838095,1779.5028814344448,7454.751147996187,1.0602246438889553,446.97529215039015,4862.061141950673,1.0366075999376654,806.4910275716609,1643.3724917674153,0.9808077576108836
cms,reach,0.02,2,4,0.11603521436478681,0.09025844858205867,7880982.380657099,279827.67549336265,557436.8086545017,666282.6061419505,20.03730053802849,946110.2816353131,84814.22328355965,1030924.5049188727,493.59213610172316,1579.7110770162722,1.001657513544764,248.28857568630517,1006.2293932706519,0.9863115267975971,199.87107675773726,1022.0471099833118,0.9837365822053542,187.4247540315461,853.1903058982002,0.9693264706532189,-4472.307456332735,-1734.9307896516227,1.0108765095765473,1779.5028814344448,3656.571568905317,1.0522230770003038,446.97529215039015,2361.0714082489894,1.0305145620294707,806.4910275716609,1017.6091986898705,0.997213675963411
cms,reach,0.04,2,4,0.11603521436478681,0.0849783895832793,7880982.380657099,558742.3144563806,632698.6179109621,728818.078932909,40.00922231275754,1287560.3933892897,84814.22328355965,1372374.6166728493,493.59213610172316,1911.350724176405,1.0019599886966024,248.28857568630517,1165.0374511282173,0.9838378335609687,199.87107675773726,1328.642231598986,0.9793323658513593,187.4247540315461,1339.6206120130616,0.9703899536744816,-4472.307456332735,-1368.5738431964496,1.014354700394061,1779.5028814344448,4402.301288239029,1.0562714355932985,446.97529215039015,3139.824113709328,1.03493525904936,806.4910275716609,1040.1383652162451,0.9869614381034426
cms,reach,0.05,2,4,0.11603521436478681,0.08019168009999911,7880982.380657099,698652.7879464425,671512.9155895858,741104.7765550973,50.027631681293116,1439757.5645015398,84814.22328355965,1524571.7877850994,493.59213610172316,2071.2220489949655,1.00239583234544,248.28857568630517,1261.47811636331,0.9825959487362115,199.87107675773726,1506.9988721344682,0.9804339074787323,187.4247540315461,1444.2622074056521,0.9692732412382359,-4472.307456332735,-1252.4512113299063,1.016655811164708,1779.5028814344448,4706.038853958944,1.0586462173745388,446.97529215039015,3321.7779501354144,1.0367235711568648,806.4910275716609,1064.501642478671,0.9824207292528759
cms,reach,0.06,2,4,0.11603521436478681,0.0718978770356774,7880982.380657099,838576.8243924045,707358.6144134027,780368.4981453612,60.04701223691046,1618945.3225377658,84814.22328355965,1703759.5458213256,493.59213610172316,2305.2263395612526,1.0023626027617056,248.28857568630517,1415.8748367305739,0.9802938269760624,199.87107675773726,1629.294572732827,0.9788291578977647,187.4247540315461,1563.748737831677,0.9681217611466681,-4472.307456332735,-1056.4472834304934,1.0169042647347315,1779.5028814344448,4941.673266567004,1.060780622056944,446.97529215039015,3598.141514271228,1.037932922201032,806.4910275716609,1080.9480912160086,0.9806056983244812
cms,reach,0.075,2,4,0.11603521436478681,0.06808025720406019,7880982.380657099,1049633.7596856146,757329.9750253387,819599.3493601674,75.15992498097388,1869233.1090457821,84814.22328355965,1954047.332329342,493.59213610172316,2504.2465784872597,0.9996530590508638,248.28857568630517,1633.4529490184866,0.978272798476071,199.87107675773726,1857.6019984795853,0.9787251854511557,187.4247540315461,1727.7233933743212,0.9684801892415061,-4472.307456332735,-868.7030646539977,1.018554396912401,1779.5028814344448,5287.040478815177,1.0617641062289578,446.97529215039015,3771.803675352328,1.0379324232138565,806.4910275716609,1242.3427796189324,0.9791381911262407
cms,reach,0.1,2,4,0.11603521436478681,0.05470555918312048,7880982.380657099,1396752.134829189,850151.1113773556,882934.7454846922,100.01563374087776,2279686.880313881,84814.22328355965,2364501.1035974408,493.59213610172316,2841.6477935752446,0.9973431616103805,248.28857568630517,1968.6544256210345,0.9739442455186316,199.87107675773726,2074.870662158264,0.9774947126893484,187.4247540315461,2263.9942348238333,0.9719840829563072,-4472.307456332735,-221.2926471193733,1.021524769853517,1779.5028814344448,6008.233465466506,1.066098423997438,446.97529215039015,4393.556187168523,1.0461390283015404,806.4910275716609,1416.9356723467256,0.9723053770126633
cms,reach,0.25,2,4,0.11603521436478681,-0.012779888610485513,7880982.380657099,3493346.6082434314,1358980.625680165,1144444.4485129367,250.14407795606488,4637791.056756368,84814.22328355965,4722605.280039927,493.59213610172316,4851.432152296724,0.9872066456720492,248.28857568630517,3806.5822289338707,0.9525999602329974,199.87107675773726,4789.247933468404,0.9831563894173422,187.4247540315461,4659.392922408674,0.9564722841310968,-4472.307456332735,2549.5577025870034,1.061485326318043,1779.5028814344448,9164.739813984741,1.093038630881331,446.97529215039015,7809.066310452373,1.070812507636053,806.4910275716609,2395.682916525362,0.9104901491548774
cms,reach,0.5,2,4,0.11603521436478681,-0.1459784485088773,7880982.380657099,6602229.789373534,2145059.8397263847,1548773.503108913,500.0425910275816,8151003.292482446,84814.22328355965,8235817.515766004,493.59213610172316,8613.186743137296,0.9854757219186558,248.28857568630517,6184.063801611901,0.9319771746649096,199.87107675773726,7719.630923793278,0.9727378424700128,187.4247540315461,7352.0041664215705,0.9621005720799851,-4472.307456332735,9141.78546111918,1.105098085270956,1779.5028814344448,15166.541748677188,1.1260301177959249,446.97529215039015,13043.008684569702,1.1168511510007126,806.4910275716609,3861.27218509266,0.8675902866633253
cms,reach,1.0,2,4,0.11603521436478681,-0.18470064437332323,7880982.380657099,7662674.886347977,1796640.9685241927,1398005.7895402845,704.1644966158864,9060680.675888263,84814.22328355965,9145494.89917182,493.59213610172316,9803.321702196492,0.9840607550706347,248.28857568630517,7498.630425977722,0.9370231215598246,199.87107675773726,8810.880384131757,0.9743281821444378,187.4247540315461,8420.298538422689,0.9623919859787703,-4472.307456332735,9814.369693678307,1.072076176684516,1779.5028814344448,16009.243058722188,1.1123980477228255,446.97529215039015,13943.164948117601,1.0983515972152729,806.4910275716609,4768.458878093474,0.8736840699937952
cms,tilt,0.0,2,4,0.11603521436478681,0.09332834713269555,7880982.380657099,838576.8243924045,0.0,0.0,60.04701223691046,838576.8243924045,84814.22328355965,923391.0476759644,493.59213610172316,1469.6546125185998,1.0,248.28857568630517,742.4514832278337,1.0,199.87107675773726,912.9917906121685,1.0,187.4247540315461,955.8390736579597,1.0,-4472.307456332735,-2751.826364517248,1.0,1779.5028814344448,3697.9571462918652,1.0,446.97529215039015,2189.675982893336,1.0,806.4910275716609,844.3558992724859,1.0
cms,tilt,0.05,2,4,0.11603521436478681,0.08819583204366377,7880982.380657099,838576.8243924045,176836.93647758596,195089.1269629611,60.04701223691046,1033665.9513553657,84814.22328355965,1118480.1746389254,493.59213610172316,1678.9142606355636,1.0005906416151304,248.28857568630517,908.3042045770778,0.9950735324399205,199.87107675773726,1089.2062474169302,0.9947073707964741,187.4247540315461,1104.1514226124166,0.9920305627382529,-4472.307456332735,-2322.6371864696007,1.0042260012505466,1779.5028814344448,4022.842953933672,1.0151949220420047,446.97529215039015,2551.7103510022853,1.0094830848412526,806.4910275716609,902.6385042572151,0.9951514990790564
cms,tilt,0.1,2,4,0.11603521436478681,0.08291748903293317,7880982.380657099,838576.8243924045,353675.6843537935,390180.2522877053,60.04701223691046,1228757.07668011,84814.22328355965,1313571.2999636696,493.59213610172316,1887.9291452249888,1.001181289280396,248.28857568630517,1075.809047613652,0.9901470144164213,199.87107675773726,1267.3077695339684,0.9894146873788149,187.4247540315461,1254.8675485015146,0.9840610438429515,-4472.307456332735,-1897.0407724756067,1.0084520457894073,1779.5028814344448,4338.149911142525,1.030389999730569,446.97529215039015,2907.009724822611,1.018966266820847,806.4910275716609,961.4924156599857,0.9903029484933306
cms,tilt,0.2,2,4,0.11603521436478681,0.0718978770356774,7880982.380657099,838576.8243924045,707358.6144134027,780368.4981453612,60.04701223691046,1618945.3225377658,84814.22328355965,1703759.5458213256,493.59213610172316,2305.2263395612526,1.0023626027617056,248.28857568630517,1415.8748367305739,0.9802938269760624,199.87107675773726,1629.294572732827,0.9788291578977647,187.4247540315461,1563.748737831677,0.9681217611466681,-4472.307456332735,-1056.4472834304934,1.0169042647347315,1779.5028814344448,4941.673266567004,1.060780622056944,446.97529215039015,3598.141514271228,1.037932922201032,806.4910275716609,1080.9480912160086,0.9806056983244812
cms,tilt,0.3,2,4,0.11603521436478681,0.06021481683655183,7880982.380657099,838576.8243924045,1061048.7904014916,1170564.737818616,60.04701223691046,2009141.5622110206,84814.22328355965,2093955.7854945806,493.59213610172316,2721.549616996682,1.0035439404446718,248.28857568630517,1762.8533951618501,0.97044043767272,199.87107675773726,1999.2040324813424,0.9682434115501851,187.4247540315461,1882.9777553025754,0.9521821519011155,-4472.307456332735,-229.6953577417361,1.0253566568412933,1779.5028814344448,5511.5900588013665,1.0911718669982577,446.97529215039015,4264.481215043689,1.0568999661524958,806.4910275716609,1202.792489330448,0.9709082494873466
cms,tilt,0.5,2,4,0.11603521436478681,0.03460472610709486,7880982.380657099,838576.8243924045,1768450.8810538116,1950981.199594558,60.04701223691046,2789558.023986962,84814.22328355965,2874372.247270522,493.59213610172316,3551.288027375517,1.0059066884185508,248.28857568630517,2478.4094403446447,0.9507330534522702,199.87107675773726,2763.8546015406755,0.9470712682287793,187.4247540315461,2554.6313466521738,0.9203019537220606,-4472.307456332735,1383.6291758728357,1.042261960559416,1779.5028814344448,6561.239785323286,1.151956224802236,446.97529215039015,5527.935576938029,1.0948352198170244,806.4910275716609,1453.9399010338025,0.9515127557838009
cms,selection rule,smooth,2,4,0.11603521436478681,-0.8642976626687049,7880982.380657099,838576.8243924045,39347614.12559762,27315581.212629218,60.04701223691046,28154158.037021622,84814.22328355965,28238972.26030518,493.59213610172316,32723.551163902874,1.6577315316281696,248.28857568630517,36975.52414985292,0.3950726369603415,199.87107675773726,34887.07754623496,0.5539757960063698,187.4247540315461,17725.390562781824,0.2634158303336777,-4472.307456332735,4470.172878040927,3.8351963225552512,1779.5028814344448,30433.134194902083,1.789278814583122,446.97529215039015,28975.84509658191,4.3409855211178225,806.4910275716609,14064.29199689385,0.07566233591908873
cms,plausibility,either,2,4,0.11603521436478681,0.0718978770356774,7880982.380657099,838576.8243924045,707358.6144134027,780368.4981453612,60.04701223691046,1618945.3225377658,84814.22328355965,1703759.5458213256,493.59213610172316,2305.2263395612526,1.0023626027617056,248.28857568630517,1415.8748367305739,0.9802938269760624,199.87107675773726,1629.294572732827,0.9788291578977647,187.4247540315461,1563.748737831677,0.9681217611466681,-4472.307456332735,-1056.4472834304934,1.0169042647347315,1779.5028814344448,4941.673266567004,1.060780622056944,446.97529215039015,3598.141514271228,1.037932922201032,806.4910275716609,1080.9480912160086,0.9806056983244812
cms,plausibility,system,2,4,0.11603521436478681,0.07995291980881747,7880982.380657099,808717.0721163965,748120.3526463571,744409.9751278837,60.010462939471495,1553127.0472442803,84814.22328355965,1637941.2705278394,493.59213610172316,2391.703269108295,1.0036543717232782,248.28857568630517,1429.4431058266323,0.9794706992306847,199.87107675773726,1564.6548281704934,0.9807725878692868,187.4247540315461,1003.5736961425024,0.9669920541911528,-4472.307456332735,-57.167052211257854,1.0342852342083573,1779.5028814344448,5141.087219605465,1.068723623793925,446.97529215039015,3059.581283482131,1.035397043550557,806.4910275716609,1339.548488120176,0.9839073424235614
cms,plausibility,use,2,4,0.11603521436478681,0.06746412710660088,7880982.380657099,840027.8612091115,708481.5553527883,780566.1235580523,60.150914971823426,1620593.9847671639,84814.22328355965,1705408.2080507234,493.59213610172316,2284.130321520642,1.0016922824662555,248.28857568630517,1462.0382023635018,0.9805609365816115,199.87107675773726,1754.260302821441,0.9798727805499707,187.4247540315461,1636.3240407460596,0.9709722553930442,-4472.307456332735,-1042.0670067894598,1.0162623167445444,1779.5028814344448,4976.92514496993,1.0593820232252407,446.97529215039015,3439.691518104287,1.0382742751216714,806.4910275716609,1088.138807045985,0.9807732862306917
cms,plausibility,any,2,4,0.11603521436478681,0.05833297747016586,7880982.380657099,838089.0777845666,694972.1940464015,785599.6640119626,60.01208672301901,1623688.7417965292,84814.22328355965,1708502.965080089,493.59213610172316,2208.092801249957,1.0017255329931065,248.28857568630517,1565.1482132478066,0.9838557939175252,199.87107675773726,1820.614478745621,0.9812806160774913,187.4247540315461,1835.2043691591355,0.9705074579618737,-4472.307456332735,-803.724617569008,1.0143225397991589,1779.5028814344448,4746.5440153939835,1.0544911695134316,446.97529215039015,3524.663981831066,1.034929741965116,806.4910275716609,1249.7474661916517,0.9869301460248604
cms,plan cost model,WLS,2,4,0.11603521436478681,0.08112766077079048,7880982.380657099,838576.8243924045,300551.32942355506,426135.7499669515,60.04701223691046,1264712.574359356,84814.22328355965,1349526.7976429157,493.59213610172316,1941.067595442861,1.0104141066780012,248.28857568630517,927.1565198482648,1.008851289463837,199.87107675773726,1546.108418296489,0.9902906744099456,187.4247540315461,1061.652909769729,1.001409495281434,-4472.307456332735,-1096.2940952627453,0.9910690234774817,1779.5028814344448,4704.927984537215,1.0115422008219217,446.97529215039015,3150.0185482053625,1.019836249816382,806.4910275716609,787.5962700428057,1.0303781809952222
cms,share of added codes real,0.0,2,4,0.11603521436478681,,,838576.8243924045,,780368.4981453612,,1618945.3225377658,,,,,,,,,,,,,,,,,,,,,,,,,,
cms,share of added codes real,0.25,2,4,0.11603521436478681,,,483012.8883172556,,718686.0835736708,,1201698.9718909264,,,,,,,,,,,,,,,,,,,,,,,,,,
cms,share of added codes real,0.5,2,4,0.11603521436478681,,,188038.6179659315,,666515.9217313182,,854554.5396972498,,,,,,,,,,,,,,,,,,,,,,,,,,
cms,share of added codes real,1.0,2,4,0.11603521436478681,,,-371679.02177698794,,566050.5341610472,,194371.51238405926,,,,,,,,,,,,,,,,,,,,,,,,,,
cms_pen_1,cost per code,0.0,2,4,0.11512113881545816,0.10169732227306916,7875898.828708282,154322.3677707216,443265.90608363284,601376.5065793687,60.06204751851715,755698.8743500904,79730.67133474142,835429.5456848317,185.31413440489257,1047.8323701197348,0.9941150244161444,300.79841546786184,1024.8442806806597,0.9774123680954792,-14.588409497860306,819.091497402634,0.9791983605403233,370.38399334401333,767.5759671025301,0.978210768188201,-6615.432182503133,-4717.939386235825,0.9905716025659284,1267.2187500523319,2510.7351129737876,1.038311763176823,489.23268556468213,1595.735522122584,1.0565861164435932,831.5725724639225,1194.663831327692,0.9775339495448572
cms_pen_1,cost per code,250.0,2,4,0.11512113881545816,0.10169732227306916,7875898.828708282,139306.85589109233,443265.90608363284,601376.5065793687,60.06204751851715,740683.362470461,79730.67133474142,820414.0338052023,185.31413440489257,1047.8323701197348,0.9941150244161444,300.79841546786184,1024.8442806806597,0.9774123680954792,-14.588409497860306,819.091497402634,0.9791983605403233,370.38399334401333,767.5759671025301,0.978210768188201,-6615.432182503133,-4717.939386235825,0.9905716025659284,1267.2187500523319,2510.7351129737876,1.038311763176823,489.23268556468213,1595.735522122584,1.0565861164435932,831.5725724639225,1194.663831327692,0.9775339495448572
cms_pen_1,cost per code,500.0,2,4,0.11512113881545816,0.10169732227306916,7875898.828708282,124291.34401146306,443265.90608363284,601376.5065793687,60.06204751851715,725667.8505908318,79730.67133474142,805398.5219255731,185.31413440489257,1047.8323701197348,0.9941150244161444,300.79841546786184,1024.8442806806597,0.9774123680954792,-14.588409497860306,819.091497402634,0.9791983605403233,370.38399334401333,767.5759671025301,0.978210768188201,-6615.432182503133,-4717.939386235825,0.9905716025659284,1267.2187500523319,2510.7351129737876,1.038311763176823,489.23268556468213,1595.735522122584,1.0565861164435932,831.5725724639225,1194.663831327692,0.9775339495448572
cms_pen_1,cost per code,1000.0,2,4,0.11512113881545816,0.10169732227306916,7875898.828708282,94260.32025220449,443265.90608363284,601376.5065793687,60.06204751851715,695636.8268315733,79730.67133474142,775367.4981663146,185.31413440489257,1047.8323701197348,0.9941150244161444,300.79841546786184,1024.8442806806597,0.9774123680954792,-14.588409497860306,819.091497402634,0.9791983605403233,370.38399334401333,767.5759671025301,0.978210768188201,-6615.432182503133,-4717.939386235825,0.9905716025659284,1267.2187500523319,2510.7351129737876,1.038311763176823,489.23268556468213,1595.735522122584,1.0565861164435932,831.5725724639225,1194.663831327692,0.9775339495448572
cms_pen_1,cost per code,2000.0,2,4,0.11512113881545816,0.10169732227306916,7875898.828708282,34198.27273368734,443265.90608363284,601376.5065793687,60.06204751851715,635574.779313056,79730.67133474142,715305.4506477974,185.31413440489257,1047.8323701197348,0.9941150244161444,300.79841546786184,1024.8442806806597,0.9774123680954792,-14.588409497860306,819.091497402634,0.9791983605403233,370.38399334401333,767.5759671025301,0.978210768188201,-6615.432182503133,-4717.939386235825,0.9905716025659284,1267.2187500523319,2510.7351129737876,1.038311763176823,489.23268556468213,1595.735522122584,1.0565861164435932,831.5725724639225,1194.663831327692,0.9775339495448572
cms_pen_1,cost per code,3000.0,2,4,0.11512113881545816,0.10283898113491519,7875898.828708282,0.0,417007.12551402627,620902.4951526576,0.0,620902.4951526576,79730.67133474142,700633.166487399,185.31413440489257,929.6325912130915,0.9946315561640087,300.79841546786184,925.1247232725344,0.9810249392704824,-14.588409497860306,691.9847946914798,0.9823591413508165,370.38399334401333,670.2484942371527,0.9770920092643548,-6615.432182503133,-5350.723428562132,0.9621240080815999,1267.2187500523319,2253.271901865751,1.0310576898850672,489.23268556468213,1387.968216947901,1.0544703865263485,831.5725724639225,1115.108609936841,0.977156859322413
cms_pen_1,codes per person,1,2,4,0.11512113881545816,0.10169732227306916,7875898.828708282,94260.32025220449,443265.90608363284,601376.5065793687,60.06204751851715,695636.8268315733,79730.67133474142,775367.4981663146,185.31413440489257,1047.8323701197348,0.9941150244161444,300.79841546786184,1024.8442806806597,0.9774123680954792,-14.588409497860306,819.091497402634,0.9791983605403233,370.38399334401333,767.5759671025301,0.978210768188201,-6615.432182503133,-4717.939386235825,0.9905716025659284,1267.2187500523319,2510.7351129737876,1.038311763176823,489.23268556468213,1595.735522122584,1.0565861164435932,831.5725724639225,1194.663831327692,0.9775339495448572
cms_pen_1,codes per person,2,2,4,0.11512113881545816,0.10028957379006664,7875898.828708282,178462.80957779035,478667.22989307373,654411.7824071989,120.14070435870411,832874.5919849892,79730.67133474142,912605.2633197306,185.31413440489257,1307.9872450524022,0.9934877430123501,300.79841546786184,1159.6356745393002,0.9767747424991723,-14.588409497860306,1014.5585886583543,0.9807209648972776,370.38399334401333,984.8943440154391,0.9788894491810494,-6615.432182503133,-4419.306923942524,0.9783147045692752,1267.2187500523319,2914.0561042519453,1.0424643936080926,489.23268556468213,1714.1574748758967,1.0553911845828519,831.5725724639225,1284.0762388343499,0.9674737531908352
cms_pen_1,codes per person,3,2,4,0.11512113881545816,0.09618606202702151,7875898.828708282,262048.89519304663,501865.6868018597,678862.863998022,180.14213558442947,940911.7591910687,79730.67133474142,1020642.43052581,185.31413440489257,1450.0259189789276,0.9923357355075865,300.79841546786184,1297.5381216134258,0.9761041185286526,-14.588409497860306,1196.2164266150755,0.9823135228752794,370.38399334401333,1231.8137415233502,0.9802337476097416,-6615.432182503133,-4242.1944908752175,0.9738048753685349,1267.2187500523319,3227.6455382575714,1.0482936060804973,489.23268556468213,1863.7308665284468,1.0542976817611829,831.5725724639225,1312.3238365322354,0.9688368220009458
cms_pen_1,reach,0.02,2,4,0.11512113881545816,0.1026510824928043,7875898.828708282,31418.24217474527,429986.39197061956,633251.1699609681,20.019494410785175,664669.4121357134,79730.67133474142,744400.0834704548,185.31413440489257,1017.5410840559974,0.9954708955554638,300.79841546786184,968.4259223350676,0.9805493717244255,-14.588409497860306,709.7015846916618,0.98133240851696,370.38399334401333,678.7773262539988,0.9771942411488415,-6615.432182503133,-4793.201543260446,0.9744845216919545,1267.2187500523319,2398.341806941196,1.0332235347898993,489.23268556468213,1531.148280525322,1.0558408392634595,831.5725724639225,1144.8923666287958,0.9767296807501942
cms_pen_1,reach,0.04,2,4,0.11512113881545816,0.10262376131143647,7875898.828708282,62863.65875870016,432087.3711685069,606256.4376096715,40.05630417391449,669120.0963683716,79730.67133474142,748850.7677031133,185.31413440489257,1001.3857132610209,0.9948841811940917,300.79841546786184,1003.5563903044699,0.9785025043713799,-14.588409497860306,753.4903519640235,0.9806195665571985,370.38399334401333,741.7198120310918,0.9779969574744707,-6615.432182503133,-4790.24606503176,0.9905822720644725,1267.2187500523319,2421.7807157688135,1.0359881237494917,489.23268556468213,1572.1215628834511,1.055713743446335,831.5725724639225,1159.4793481364068,0.9777681574498518
cms_pen_1,reach,0.05,2,4,0.11512113881545816,0.10211378081194933,7875898.828708282,79387.07854701552,436901.1595357911,605825.4914973143,50.58491708164536,685212.5700443297,79730.67133474142,764943.2413790709,185.31413440489257,1023.2531003711752,0.993750705334708,300.79841546786184,1015.6594848702193,0.9788594768692278,-14.588409497860306,792.2963439180728,0.9802222018770094,370.38399334401333,756.207211442478,0.9785260453424696,-6615.432182503133,-4747.613562040375,0.990572807865094,1267.2187500523319,2459.8095277779266,1.0367611975830278,489.23268556468213,1597.4024254802337,1.0555998759467076,831.5725724639225,1183.0916907002625,0.9777588156788057
cms_pen_1,reach,0.06,2,4,0.11512113881545816,0.10169732227306916,7875898.828708282,94260.32025220449,443265.90608363284,601376.5065793687,60.06204751851715,695636.8268315733,79730.67133474142,775367.4981663146,185.31413440489257,1047.8323701197348,0.9941150244161444,300.79841546786184,1024.8442806806597,0.9774123680954792,-14.588409497860306,819.091497402634,0.9791983605403233,370.38399334401333,767.5759671025301,0.978210768188201,-6615.432182503133,-4717.939386235825,0.9905716025659284,1267.2187500523319,2510.7351129737876,1.038311763176823,489.23268556468213,1595.735522122584,1.0565861164435932,831.5725724639225,1194.663831327692,0.9775339495448572
cms_pen_1,reach,0.075,2,4,0.11512113881545816,0.102008026383826,7875898.828708282,117718.016873091,450617.9278685394,595577.4690334349,75.00913538485288,713295.4859065259,79730.67133474142,793026.1572412675,185.31413440489257,1059.4707151298794,0.994438672998709,300.79841546786184,1040.4414746654281,0.976690357918564,-14.588409497860306,826.9811347490489,0.9786443595957381,370.38399334401333,807.0416198441018,0.9786862614042947,-6615.432182503133,-4746.539238215253,0.9924594258958664,1267.2187500523319,2543.1812529678837,1.0379547327609422,489.23268556468213,1629.816861392029,1.057039708669076,831.5725724639225,1214.9416979545429,0.9753714925149041
cms_pen_1,reach,0.1,2,4,0.11512113881545816,0.10199078871772838,7875898.828708282,156995.55442835498,462516.8084154383,597860.6161943747,100.03652040479118,754856.1706227297,79730.67133474142,834586.8419574712,185.31413440489257,1140.92945480996,0.992503784878808,300.79841546786184,1093.4174311034947,0.9740483239597646,-14.588409497860306,872.0163454320959,0.9779532678882186,370.38399334401333,837.9325631319208,0.9776273881018566,-6615.432182503133,-4683.844548990904,0.9945512913858826,1267.2187500523319,2686.4958306378317,1.042756201315642,489.23268556468213,1678.6404221969146,1.0560536089789778,831.5725724639225,1259.7520312805766,0.9700225449644844
cms_pen_1,reach,0.25,2,4,0.11512113881545816,0.09961688503040744,7875898.828708282,391670.8739064081,526701.7020088858,632942.841399077,250.0637467997712,1024613.715305485,79730.67133474142,1104344.3866402267,185.31413440489257,1487.3300111547046,0.9866747583651144,300.79841546786184,1374.544742312744,0.9604756502107363,-14.588409497860306,1267.2955518532963,0.9749110499806216,370.38399334401333,1400.3638590248147,0.9697008865957875,-6615.432182503133,-4174.722388551961,0.9905786939020664,1267.2187500523319,3368.9958134633594,1.0594915657119048,489.23268556468213,2028.3298250478863,1.055826584062683,831.5725724639225,1376.909123828717,0.9367683501178744
cms_pen_1,reach,0.5,2,4,0.11512113881545816,0.09160872594126057,7875898.828708282,699878.139840863,655966.2932292749,678515.0854543395,500.1321128868967,1378393.2252952023,79730.67133474142,1458123.896629944,185.31413440489257,2059.6989673087323,0.9840311973153073,300.79841546786184,1721.8148380093319,0.9559026141829323,-14.588409497860306,1812.7516097035184,0.9771855677589025,370.38399334401333,1785.1413251400804,0.9626608050302478,-6615.432182503133,-3043.0128428677685,0.9983999439530876,1267.2187500523319,4253.324501800311,1.0659503640090362,489.23268556468213,3327.76453715426,1.080811224014179,831.5725724639225,1554.258973420955,0.9266676483973758
cms_pen_1,reach,1.0,2,4,0.11512113881545816,0.08702526254179899,7875898.828708282,847378.7358245706,624691.9589462607,699720.8550276695,704.8097590182106,1547099.59085224,79730.67133474142,1626830.2621869813,185.31413440489257,2474.14138502217,0.9911510560922087,300.79841546786184,2135.697153858783,0.9609477246009719,-14.588409497860306,2168.2628643118246,0.9785557370997466,370.38399334401333,2240.1277244782727,0.9683465533032711,-6615.432182503133,-2848.3759634106596,0.986594155280061,1267.2187500523319,4555.171827920114,1.054402177256756,489.23268556468213,3532.4049113000196,1.067039758189177,831.5725724639225,1853.5645805334523,0.9202554062827859
cms_pen_1,tilt,0.0,2,4,0.11512113881545816,0.1161369850036833,7875898.828708282,94260.32025220449,0.0,0.0,60.06204751851715,94260.32025220449,79730.67133474142,173990.99158694586,185.31413440489257,326.80567711291496,1.0,300.79841546786184,395.47321095422,1.0,-14.588409497860306,135.72617761364816,1.0,370.38399334401333,461.97479067713465,1.0,-6615.432182503133,-6205.6897797096635,1.0,1267.2187500523319,1561.2539053171968,1.0,489.23268556468213,669.9583650449404,1.0,831.5725724639225,896.6060609228336,1.0
cms_pen_1,tilt,0.05,2,4,0.11512113881545816,0.11267271531910028,7875898.828708282,94260.32025220449,110816.24635010284,150343.81437332943,60.06204751851715,244604.13462553392,79730.67133474142,324334.80596027535,185.31413440489257,506.26520022538347,0.9985287591598759,300.79841546786184,550.135017621724,0.9943531037527518,-14.588409497860306,303.8878883497724,0.994799600936566,370.38399334401333,537.1195616941006,0.9945527033613539,-6615.432182503133,-5836.38924584323,0.9976429055372835,1267.2187500523319,1805.3795539534995,1.0095779209003921,489.23268556468213,911.0875460020642,1.014146499727921,831.5725724639225,969.8577250451395,0.9943834990519637
cms_pen_1,tilt,0.1,2,4,0.11512113881545816,0.10911387688546115,7875898.828708282,94260.32025220449,221632.6461471962,300687.83692737925,60.06204751851715,394948.15717958374,79730.67133474142,474678.82851432526,185.31413440489257,686.2545876769188,0.9970575162825281,300.79841546786184,706.5637128968381,0.9887061996862595,-14.588409497860306,473.8172339824298,0.9895991946721517,370.38399334401333,613.0921275420477,0.9891053991798491,-6615.432182503133,-5465.338998429034,0.9952858078107037,1267.2187500523319,2044.9169961058983,1.019155855063308,489.23268556468213,1145.5824909081296,1.0282930190444666,831.5725724639225,1043.94167634038,0.9887669903267717
cms_pen_1,tilt,0.2,2,4,0.11512113881545816,0.10169732227306916,7875898.828708282,94260.32025220449,443265.90608363284,601376.5065793687,60.06204751851715,695636.8268315733,79730.67133474142,775367.4981663146,185.31413440489257,1047.8323701197348,0.9941150244161444,300.79841546786184,1024.8442806806597,0.9774123680954792,-14.588409497860306,819.091497402634,0.9791983605403233,370.38399334401333,767.5759671025301,0.978210768188201,-6615.432182503133,-4717.939386235825,0.9905716025659284,1267.2187500523319,2510.7351129737876,1.038311763176823,489.23268556468213,1595.735522122584,1.0565861164435932,831.5725724639225,1194.663831327692,0.9775339495448572
cms_pen_1,tilt,0.3,2,4,0.11512113881545816,0.09385489215442211,7875898.828708282,94260.32025220449,664899.7798118602,902066.0089594291,60.06204751851715,996326.3292116337,79730.67133474142,1076057.0005463748,185.31413440489257,1411.557993296592,0.9911725244008154,300.79841546786184,1350.5670987376968,0.9661185052275292,-14.588409497860306,1171.7803514973389,0.9687974976043945,370.38399334401333,925.5400719619411,0.9673161070249303,-6615.432182503133,-3963.389794434347,0.9858573842656191,1267.2187500523319,2959.6779648667407,1.0574677243407653,489.23268556468213,2022.4101805433995,1.0848792921977053,831.5725724639225,1348.8906438353688,0.9663008776541269
cms_pen_1,tilt,0.5,2,4,0.11512113881545816,0.07674381598508784,7875898.828708282,94260.32025220449,1108169.3686538828,1503447.5119175953,60.06204751851715,1597707.8321697998,79730.67133474142,1677438.5035045415,185.31413440489257,2145.5297707926943,0.9852874999231853,300.79841546786184,2025.4086026883806,0.9435306856595996,-14.588409497860306,1900.3781451203085,0.9479956853197583,370.38399334401333,1252.3903475054994,0.9455266941830202,-6615.432182503133,-2432.426307396475,0.976428908498183,1267.2187500523319,3810.477693149685,1.095779805820813,489.23268556468213,2812.3074546748367,1.1414658787721885,831.5725724639225,1668.3588323556792,0.943834640545703
cms_pen_1,selection rule,smooth,2,4,0.11512113881545816,-0.20096389598380537,7875898.828708282,94260.32025220449,8821184.034208436,7228261.9197039725,60.06204751851715,7322522.239956177,79730.67133474142,7402252.911290918,185.31413440489257,8414.798222414285,1.0642198775474532,300.79841546786184,6013.1748435280615,0.7331545537380377,-14.588409497860306,8725.847578233006,0.8753859010271939,370.38399334401333,9033.610380515222,0.8385601875535441,-6615.432182503133,10025.82075017295,2.528558721390219,1267.2187500523319,9617.784779968864,1.5402640058318766,489.23268556468213,11384.557034154572,2.2944643543256706,831.5725724639225,1885.0080173944475,0.49823457324032566
cms_pen_1,plausibility,either,2,4,0.11512113881545816,0.10169732227306916,7875898.828708282,94260.32025220449,443265.90608363284,601376.5065793687,60.06204751851715,695636.8268315733,79730.67133474142,775367.4981663146,185.31413440489257,1047.8323701197348,0.9941150244161444,300.79841546786184,1024.8442806806597,0.9774123680954792,-14.588409497860306,819.091497402634,0.9791983605403233,370.38399334401333,767.5759671025301,0.978210768188201,-6615.432182503133,-4717.939386235825,0.9905716025659284,1267.2187500523319,2510.7351129737876,1.038311763176823,489.23268556468213,1595.735522122584,1.0565861164435932,831.5725724639225,1194.663831327692,0.9775339495448572
cms_pen_1,plausibility,system,2,4,0.11512113881545816,0.10055457908743404,7875898.828708282,61016.84249797682,454109.9770193639,644785.669326854,60.00132050677988,705802.5118248309,79730.67133474142,785533.1831595722,185.31413440489257,1061.0435136565607,0.9938151203517477,300.79841546786184,981.4518928936463,0.9812168671279295,-14.588409497860306,775.5713864962281,0.9817199322113286,370.38399334401333,778.0123605744975,0.9788892722275937,-6615.432182503133,-4976.898014817094,0.9619585462920264,1267.2187500523319,2469.6590674275208,1.0349735322565508,489.23268556468213,1800.5896653471261,1.0597513419586775,831.5725724639225,1149.052518510379,0.9766509694524375
cms_pen_1,plausibility,use,2,4,0.11512113881545816,0.10248642730519575,7875898.828708282,94219.7412882976,443383.77857098816,606837.1391051781,60.03619087330412,701056.8803934755,79730.67133474142,780787.5517282169,185.31413440489257,1027.820412749806,0.993887678926448,300.79841546786184,1027.8001965496385,0.9775494139690017,-14.588409497860306,768.18762552154,0.9806487910448632,370.38399334401333,779.366478799657,0.9783895653051765,-6615.432182503133,-4694.417223466741,0.9804370960324874,1267.2187500523319,2514.975992747216,1.035704772628622,489.23268556468213,1631.9693554903363,1.0562372909239262,831.5725724639225,1165.4620338814802,0.9775667997923186
cms_pen_1,plausibility,any,2,4,0.11512113881545816,0.10100136147660566,7875898.828708282,94346.53345436273,441989.5203397112,627290.4583188487,60.11698199604593,721636.9917732115,79730.67133474142,801367.6631079528,185.31413440489257,1083.4671562796816,0.993703094842143,300.79841546786184,1086.8323751471444,0.9805934257519638,-14.588409497860306,780.1034114675506,0.9808247513926164,370.38399334401333,831.9339712450158,0.979971119130775,-6615.432182503133,-4751.0254966313305,0.9803039487388712,1267.2187500523319,2474.9144993793307,1.0332908813515864,489.23268556468213,1628.7912787902148,1.0544593846168346,831.5725724639225,1359.41312086087,0.9798363636005407
cms_pen_1,plan cost model,WLS,2,4,0.11512113881545816,0.10879118798368115,7875898.828708282,94260.32025220449,6478.756099731032,370493.02716224256,60.06204751851715,464753.34741444705,79730.67133474142,544484.0187491883,185.31413440489257,657.3587437917597,0.9979551364336985,300.79841546786184,842.9650786599872,1.0118795917461199,-14.588409497860306,686.0973115567573,0.9949729851927723,370.38399334401333,372.5032967525677,0.9984816339321115,-6615.432182503133,-4727.116718986849,0.9429238665944737,1267.2187500523319,2217.037402392072,0.9786552895068477,489.23268556468213,1394.4782260331467,1.0141580965720005,831.5725724639225,887.2949779312022,1.045526493280497
cms_pen_1,share of added codes real,0.0,2,4,0.11512113881545816,,,94260.32025220449,,601376.5065793687,,695636.8268315732,,,,,,,,,,,,,,,,,,,,,,,,,,
cms_pen_1,share of added codes real,0.25,2,4,0.11512113881545816,,,23637.758790758126,,595794.0350329275,,619431.7938236856,,,,,,,,,,,,,,,,,,,,,,,,,,
cms_pen_1,share of added codes real,0.5,2,4,0.11512113881545816,,,-61085.13472524724,,587857.2331227427,,526772.0983974955,,,,,,,,,,,,,,,,,,,,,,,,,,
cms_pen_1,share of added codes real,1.0,2,4,0.11512113881545816,,,-225122.82204215412,,574402.2073453036,,349279.38530314947,,,,,,,,,,,,,,,,,,,,,,,,,,
cms_robust_adv,cost per code,0.0,2,4,0.11707154308592427,0.10487797396103915,7050416.35827449,194949.8116212051,356975.66059745016,580794.6238023175,60.066600022593505,775744.4354235226,-745751.7990990499,29992.6363244728,-616.004836111319,280.43124846415856,0.9931825892020524,-354.46577404535117,286.79317978056696,0.9815791943355054,-678.9730161224275,206.83448246964753,0.9829600424468475,-284.1253187060312,286.9623307834757,0.9901989209805354,-8215.530630069255,-6264.920869302125,0.9754387313105978,321.55065993130944,1675.078458826029,1.0366283911311027,-1178.391427114663,-17.290509513196966,1.042915180459608,349.1845414013726,620.8398192599515,0.9870196826605298
cms_robust_adv,cost per code,250.0,2,4,0.11707154308592427,0.10487797396103915,7050416.35827449,179933.16161555672,356975.66059745016,580794.6238023175,60.066600022593505,760727.7854178742,-745751.7990990499,14975.986318824425,-616.004836111319,280.43124846415856,0.9931825892020524,-354.46577404535117,286.79317978056696,0.9815791943355054,-678.9730161224275,206.83448246964753,0.9829600424468475,-284.1253187060312,286.9623307834757,0.9901989209805354,-8215.530630069255,-6264.920869302125,0.9754387313105978,321.55065993130944,1675.078458826029,1.0366283911311027,-1178.391427114663,-17.290509513196966,1.042915180459608,349.1845414013726,620.8398192599515,0.9870196826605298
cms_robust_adv,cost per code,500.0,2,4,0.11707154308592427,0.10487797396103915,7050416.35827449,164916.5116099083,356975.66059745016,580794.6238023175,60.066600022593505,745711.1354122258,-745751.7990990499,-40.66368682395246,-616.004836111319,280.43124846415856,0.9931825892020524,-354.46577404535117,286.79317978056696,0.9815791943355054,-678.9730161224275,206.83448246964753,0.9829600424468475,-284.1253187060312,286.9623307834757,0.9901989209805354,-8215.530630069255,-6264.920869302125,0.9754387313105978,321.55065993130944,1675.078458826029,1.0366283911311027,-1178.391427114663,-17.290509513196966,1.042915180459608,349.1845414013726,620.8398192599515,0.9870196826605298
cms_robust_adv,cost per code,1000.0,2,4,0.11707154308592427,0.10487797396103915,7050416.35827449,134883.21159861158,356975.66059745016,580794.6238023175,60.066600022593505,715677.8354009291,-745751.7990990499,-30073.963698120708,-616.004836111319,280.43124846415856,0.9931825892020524,-354.46577404535117,286.79317978056696,0.9815791943355054,-678.9730161224275,206.83448246964753,0.9829600424468475,-284.1253187060312,286.9623307834757,0.9901989209805354,-8215.530630069255,-6264.920869302125,0.9754387313105978,321.55065993130944,1675.078458826029,1.0366283911311027,-1178.391427114663,-17.290509513196966,1.042915180459608,349.1845414013726,620.8398192599515,0.9870196826605298
cms_robust_adv,cost per code,2000.0,2,4,0.11707154308592427,0.10487797396103915,7050416.35827449,74816.61157601807,356975.66059745016,580794.6238023175,60.066600022593505,655611.2353783356,-745751.7990990499,-90140.56372071423,-616.004836111319,280.43124846415856,0.9931825892020524,-354.46577404535117,286.79317978056696,0.9815791943355054,-678.9730161224275,206.83448246964753,0.9829600424468475,-284.1253187060312,286.9623307834757,0.9901989209805354,-8215.530630069255,-6264.920869302125,0.9754387313105978,321.55065993130944,1675.078458826029,1.0366283911311027,-1178.391427114663,-17.290509513196966,1.042915180459608,349.1845414013726,620.8398192599515,0.9870196826605298
cms_robust_adv,cost per code,3000.0,2,4,0.11707154308592427,0.10560744623571017,7050416.35827449,14740.706494432015,358453.76580658,564068.2127123171,60.028706950126114,578808.9192067492,-745751.7990990499,-166942.87989230073,-616.004836111319,229.231680613501,0.9941263303882276,-354.46577404535117,300.2192381510613,0.9822634409176475,-678.9730161224275,134.95712988778652,0.9829126407158365,-284.1253187060312,220.03514596110887,0.9884984860079088,-8215.530630069255,-6229.445422013703,0.9606422685036401,321.55065993130944,1726.2784042121164,1.0353812775846738,-1178.391427114663,-10.887663192846887,1.0441496542259407,349.1845414013726,609.9689558558902,0.9855176881282883
cms_robust_adv,codes per person,1,2,4,0.11707154308592427,0.10487797396103915,7050416.35827449,134883.21159861158,356975.66059745016,580794.6238023175,60.066600022593505,715677.8354009291,-745751.7990990499,-30073.963698120708,-616.004836111319,280.43124846415856,0.9931825892020524,-354.46577404535117,286.79317978056696,0.9815791943355054,-678.9730161224275,206.83448246964753,0.9829600424468475,-284.1253187060312,286.9623307834757,0.9901989209805354,-8215.530630069255,-6264.920869302125,0.9754387313105978,321.55065993130944,1675.078458826029,1.0366283911311027,-1178.391427114663,-17.290509513196966,1.042915180459608,349.1845414013726,620.8398192599515,0.9870196826605298
cms_robust_adv,codes per person,2,2,4,0.11707154308592427,0.10252949523898391,7050416.35827449,255317.95674758684,399862.005973028,604735.9834043513,120.36235262464847,860053.9401519381,-745751.7990990499,114302.14105288814,-616.004836111319,480.49691104368134,0.9929201341192242,-354.46577404535117,453.35123976615574,0.9782042294870947,-678.9730161224275,380.24274177330904,0.9820124397466173,-284.1253187060312,590.8188984187176,0.9915593642111008,-8215.530630069255,-5968.064294593503,0.9791073243655571,321.55065993130944,2167.7772971630816,1.0435757327966184,-1178.391427114663,87.44598684963937,1.0438297172608086,349.1845414013726,687.4266796081235,0.9766229630139044
cms_robust_adv,codes per person,3,2,4,0.11707154308592427,0.09786614892428747,7050416.35827449,357119.4594465809,428449.8534519966,635802.1085997913,180.04579482313088,992921.5680463722,-745751.7990990499,247169.7689473224,-616.004836111319,558.3767059440722,0.9928949654073173,-354.46577404535117,646.606919972423,0.976934093657527,-678.9730161224275,685.1262288757118,0.9807134660246587,-284.1253187060312,1052.5643074004233,0.9960306464056057,-8215.530630069255,-6064.117129822587,0.9688213235806108,321.55065993130944,1351.3103330201095,1.0220753819395798,-1178.391427114663,206.27283315871887,1.046247103445878,349.1845414013726,762.7173905311782,0.9581025778998631
cms_robust_adv,reach,0.02,2,4,0.11707154308592427,0.10492736617309173,7050416.35827449,45402.42248814807,335702.0220453511,566112.3008028427,20.21874419603801,611514.7232909908,-745751.7990990499,-134237.07580805905,-616.004836111319,164.63601064692318,0.9944383274492504,-354.46577404535117,178.66841951802536,0.9856721003096024,-678.9730161224275,4.968351367880343,0.9826984271994121,-284.1253187060312,114.24566593711845,0.9863255653541504,-8215.530630069255,-6373.897365050393,0.9605399925519988,321.55065993130944,1508.3003150558225,1.0288653955718285,-1178.391427114663,-120.3121452027905,1.0436428636104305,349.1845414013726,543.7254440831758,0.988949730242786
cms_robust_adv,reach,0.04,2,4,0.11707154308592427,0.10541715502103355,7050416.35827449,89857.6649584122,346893.9738852682,568745.7380285133,40.0156873198052,658603.4029869254,-745751.7990990499,-87148.39611212422,-616.004836111319,214.44480017818762,0.9933766404189117,-354.46577404535117,237.49629814170052,0.9837969086632274,-678.9730161224275,60.569786259199326,0.9838305653341287,-284.1253187060312,189.01643381367626,0.9888056322793892,-8215.530630069255,-6368.169877903193,0.9635941095685033,321.55065993130944,1617.7639005655883,1.0335646616361733,-1178.391427114663,-82.18787155474621,1.0442768053095541,349.1845414013726,605.8239948314636,0.9869776562099518
cms_robust_adv,reach,0.05,2,4,0.11707154308592427,0.10495791731719584,7050416.35827449,112420.50878092636,353682.97980286775,580047.3725481877,50.06344121887646,692467.8813291141,-745751.7990990499,-53283.91776993561,-616.004836111319,238.79742619746187,0.9925656251635975,-354.46577404535117,261.5976018544776,0.9824144926113161,-678.9730161224275,163.2562304744763,0.9821331776862788,-284.1253187060312,270.0339810990131,0.9921307248936447,-8215.530630069255,-6300.438980546403,0.9651712523821192,321.55065993130944,1658.9818202482518,1.035708460058983,-1178.391427114663,-39.54230885640771,1.044782407977082,349.1845414013726,612.2958164431345,0.987254596263996
cms_robust_adv,reach,0.06,2,4,0.11707154308592427,0.10487797396103915,7050416.35827449,134883.21159861158,356975.66059745016,580794.6238023175,60.066600022593505,715677.8354009291,-745751.7990990499,-30073.963698120708,-616.004836111319,280.43124846415856,0.9931825892020524,-354.46577404535117,286.79317978056696,0.9815791943355054,-678.9730161224275,206.83448246964753,0.9829600424468475,-284.1253187060312,286.9623307834757,0.9901989209805354,-8215.530630069255,-6264.920869302125,0.9754387313105978,321.55065993130944,1675.078458826029,1.0366283911311027,-1178.391427114663,-17.290509513196966,1.042915180459608,349.1845414013726,620.8398192599515,0.9870196826605298
cms_robust_adv,reach,0.075,2,4,0.11707154308592427,0.10436095781255461,7050416.35827449,169021.10046083515,367026.4468205011,582186.6995388761,75.26898801143378,751207.7999997112,-745751.7990990499,5456.000900661413,-616.004836111319,345.8286147542957,0.9939777560372124,-354.46577404535117,336.0593012842864,0.9812246070974382,-678.9730161224275,229.3193561237842,0.9832285891941279,-284.1253187060312,333.87764863097306,0.9920345271915855,-8215.530630069255,-6170.340891962533,0.9786454835743527,321.55065993130944,1770.0196502280912,1.0379698660070986,-1178.391427114663,24.826921893308235,1.044851320330099,349.1845414013726,657.4531434143538,0.9878238530370349
cms_robust_adv,reach,0.1,2,4,0.11707154308592427,0.10600546044079706,7050416.35827449,224855.4993028947,384268.2381989255,582616.2608657896,100.13333149050378,807471.7601686844,-745751.7990990499,61719.961069634475,-616.004836111319,377.42807504313095,0.9938265976009582,-354.46577404535117,387.5861341975316,0.9761480726456291,-678.9730161224275,327.1157311147735,0.9791811981963199,-284.1253187060312,497.89566066662405,0.9948340134377124,-8215.530630069255,-6120.702917516815,0.9801317540834187,321.55065993130944,1937.4579872943973,1.0425033055185555,-1178.391427114663,91.53191370949547,1.0464189612664883,349.1845414013726,702.0764196200537,0.9728759401577453
cms_robust_adv,reach,0.25,2,4,0.11707154308592427,0.10517731371768191,7050416.35827449,560369.8641959183,440797.02542482404,599038.3254995696,250.0557377700497,1159408.189695488,-745751.7990990499,413656.39059643826,-616.004836111319,795.0249794593963,0.9893884135080419,-354.46577404535117,785.4660880400111,0.9649717919974833,-678.9730161224275,781.4714561899727,0.9823424153145374,-284.1253187060312,873.3284419054062,0.9870649503348815,-8215.530630069255,-5692.106863108455,0.9862610002510004,321.55065993130944,2778.1816633894264,1.0601276147916887,-1178.391427114663,508.3594177058748,1.048664062758127,349.1845414013726,944.415085434726,0.953607766647858
cms_robust_adv,reach,0.5,2,4,0.11707154308592427,0.09849918179284989,7050416.35827449,1033317.780819904,628069.4205105365,645116.9861362764,500.0159494809322,1678434.7669561803,-745751.7990990499,932682.9678571305,-616.004836111319,1483.4545458548287,0.983813417807668,-354.46577404535117,1270.675117838792,0.9559411182949303,-678.9730161224275,1439.26597394277,0.9780418089929657,-284.1253187060312,1335.3666003750318,0.9726921108610265,-8215.530630069255,-4492.167346673831,0.9926367833256202,321.55065993130944,3886.4270566523305,1.0700324220040196,-1178.391427114663,2126.945054846542,1.074459451869712,349.1845414013726,1199.3661462678988,0.9263512117229276
cms_robust_adv,reach,1.0,2,4,0.11707154308592427,0.09388742444281006,7050416.35827449,1257529.9737911897,598843.6949193322,673863.1891057534,704.8097590182106,1931393.162896943,-745751.7990990499,1185641.3637978935,-616.004836111319,2011.5565637768898,0.9837489571513421,-354.46577404535117,1751.6538960962052,0.9577627121425911,-678.9730161224275,1868.320013485872,0.9806916583211892,-284.1253187060312,1887.9684624513886,0.9721843571368997,-8215.530630069255,-4243.577071264487,0.9953094942225461,321.55065993130944,4188.446773264439,1.0671838318232492,-1178.391427114663,2406.6264839941123,1.0613186368701768,349.1845414013726,1533.2453725462171,0.9111217763841358
cms_robust_adv,tilt,0.0,2,4,0.11707154308592427,0.11635609231494182,7050416.35827449,134883.21159861158,0.0,0.0,60.066600022593505,134883.21159861158,-745751.7990990499,-610868.5875004383,-616.004836111319,-423.51352182966605,1.0,-354.46577404535117,-239.37344170818508,1.0,-678.9730161224275,-476.9484229566611,1.0,-284.1253187060312,-103.31280158504626,1.0,-8215.530630069255,-7691.15152050911,1.0,321.55065993130944,716.569552656537,1.0,-1178.391427114663,-952.4171986139904,1.0,349.1845414013726,404.35752235916954,1.0
cms_robust_adv,tilt,0.05,2,4,0.11707154308592427,0.1136379659271497,7050416.35827449,134883.21159861158,89243.42046387933,145197.85110391566,60.066600022593505,280081.0627025272,-745751.7990990499,-465670.73639652267,-616.004836111319,-248.42966529009433,0.9982956567478637,-354.46577404535117,-109.65824401902235,0.9953948241108413,-678.9730161224275,-308.1976634793178,0.9957400342251417,-284.1253187060312,-6.463527845121726,0.9975497438271567,-8215.530630069255,-7341.204520485356,0.9938597168638723,321.55065993130944,962.7185639831575,1.0091570470243196,-1178.391427114663,-711.1921351033437,1.010728735644414,349.1845414013726,457.94920655901257,0.9967549386528424
cms_robust_adv,tilt,0.1,2,4,0.11707154308592427,0.11082215236434068,7050416.35827449,134883.21159861158,178487.17071686132,290396.2387702912,60.066600022593505,425279.45036890276,-745751.7990990499,-320472.34873014706,-616.004836111319,-72.74631116293425,0.9965913071975167,-354.46577404535117,21.26326843120919,0.9907896312037688,-678.9730161224275,-137.99617267167778,0.9914800527080547,-284.1253187060312,90.8630547915211,0.9950994785996647,-8215.530630069255,-6986.905223232065,0.9877194110370131,321.55065993130944,1204.4415394401256,1.0183141278874848,-1178.391427114663,-475.0335554772666,1.0214575109356734,349.1845414013726,511.89117947037323,0.993509865313922
cms_robust_adv,tilt,0.2,2,4,0.11707154308592427,0.10487797396103915,7050416.35827449,134883.21159861158,356975.66059745016,580794.6238023175,60.066600022593505,715677.8354009291,-745751.7990990499,-30073.963698120708,-616.004836111319,280.43124846415856,0.9931825892020524,-354.46577404535117,286.79317978056696,0.9815791943355054,-678.9730161224275,206.83448246964753,0.9829600424468475,-284.1253187060312,286.9623307834757,0.9901989209805354,-8215.530630069255,-6264.920869302125,0.9754387313105978,321.55065993130944,1675.078458826029,1.0366283911311027,-1178.391427114663,-17.290509513196966,1.042915180459608,349.1845414013726,620.8398192599515,0.9870196826605298
cms_robust_adv,tilt,0.3,2,4,0.11707154308592427,0.09848121603028293,7050416.35827449,134883.21159861158,535465.4696563904,871195.155119874,60.066600022593505,1006078.3667184857,-745751.7990990499,260326.56761943572,-616.004836111319,636.0440873136677,0.9897738460133276,-354.46577404535117,557.3553957594065,0.9723686893944549,-678.9730161224275,557.6978027432588,0.9744399692156798,-284.1253187060312,485.0137474478631,0.9852983271422104,-8215.530630069255,-5524.519750913029,0.963157960819748,321.55065993130944,2129.3777543733227,1.0549427897323536,-1178.391427114663,421.99959302318257,1.0643730085735625,349.1845414013726,731.231555289301,0.9805294520392906
cms_robust_adv,tilt,0.5,2,4,0.11707154308592427,0.08412922117313804,7050416.35827449,134883.21159861158,892449.0453678267,1452002.6567067525,60.066600022593505,1586885.868305364,-745751.7990990499,841134.0692063143,-616.004836111319,1354.6770546899515,0.9829562840549798,-354.46577404535117,1114.1600273455274,0.9539474752909749,-678.9730161224275,1278.1669475038814,0.957399633840672,-284.1253187060312,887.090774911415,0.975497030806368,-8215.530630069255,-3985.5747292479286,0.93859614754072,321.55065993130944,2992.252162731464,1.091571993013759,-1178.391427114663,1249.5113582663494,1.1072891405785632,349.1845414013726,956.4605441252429,0.9675488468911468
cms_robust_adv,selection rule,smooth,2,4,0.11707154308592427,-0.09819039918107353,7050416.35827449,134883.21159861158,5935317.764045604,5415469.2563034985,60.066600022593505,5550352.46790211,-745751.7990990499,4804600.66880306,-616.004836111319,6403.74341680312,1.0973953718692808,-354.46577404535117,4215.387698242139,0.8144607540696642,-678.9730161224275,4689.166040298118,0.9025065714464535,-284.1253187060312,4731.285136184562,0.8107801562823843,-8215.530630069255,9364.674620043956,2.1355385675167007,321.55065993130944,9354.858670008569,1.7262756852222303,-1178.391427114663,6927.558146031541,1.5925975345487826,349.1845414013726,1008.9050967028561,0.6351889819417399
cms_robust_adv,plausibility,either,2,4,0.11707154308592427,0.10487797396103915,7050416.35827449,134883.21159861158,356975.66059745016,580794.6238023175,60.066600022593505,715677.8354009291,-745751.7990990499,-30073.963698120708,-616.004836111319,280.43124846415856,0.9931825892020524,-354.46577404535117,286.79317978056696,0.9815791943355054,-678.9730161224275,206.83448246964753,0.9829600424468475,-284.1253187060312,286.9623307834757,0.9901989209805354,-8215.530630069255,-6264.920869302125,0.9754387313105978,321.55065993130944,1675.078458826029,1.0366283911311027,-1178.391427114663,-17.290509513196966,1.042915180459608,349.1845414013726,620.8398192599515,0.9870196826605298
cms_robust_adv,plausibility,system,2,4,0.11707154308592427,0.10439641520835674,7050416.35827449,117201.48020648645,365359.41100497014,589122.302111792,60.14318588202442,706323.7823182784,-745751.7990990499,-39428.01678077156,-616.004836111319,242.64968978767834,0.9926182496261506,-354.46577404535117,268.2073438063754,0.9849488171324537,-678.9730161224275,73.37351152649192,0.9833505273551545,-284.1253187060312,217.65161173408407,0.982480649591918,-8215.530630069255,-6420.060956345892,0.9599750605518674,321.55065993130944,1612.038935542647,1.031151276510985,-1178.391427114663,190.4807623949575,1.0512318569054078,349.1845414013726,591.0436461710791,0.9843959615079159
cms_robust_adv,plausibility,use,2,4,0.11707154308592427,0.10386946131745478,7050416.35827449,134799.40748163837,356485.47524761874,579542.1708097201,60.02928011958397,714341.5782913584,-745751.7990990499,-31410.22080769134,-616.004836111319,294.1512411504469,0.993742783702239,-354.46577404535117,291.07638628031606,0.9823056078968906,-678.9730161224275,117.2156568112743,0.9824199250017088,-284.1253187060312,267.5852988957165,0.9902474052042383,-8215.530630069255,-6258.891983439333,0.9629516982539598,321.55065993130944,1722.0302857881875,1.03316142716954,-1178.391427114663,-15.359343134024732,1.0453323035596733,349.1845414013726,631.9051450451975,0.9858523942553777
cms_robust_adv,plausibility,any,2,4,0.11707154308592427,0.1045626859031461,7050416.35827449,134817.63165337194,357963.47967980313,562136.3772144577,60.037395762897084,696954.0088678297,-745751.7990990499,-48797.790231220075,-616.004836111319,247.41792339209834,0.9953543479057071,-354.46577404535117,354.89780185838976,0.9843617386297089,-678.9730161224275,62.657945532964014,0.9815538611101318,-284.1253187060312,198.02230912467672,0.9869121166029519,-8215.530630069255,-6350.205594720785,0.9604662213949201,321.55065993130944,1661.8144446793594,1.031428045207483,-1178.391427114663,-10.521586553541045,1.0456284676772458,349.1845414013726,694.132952887272,0.9843890081100449
cms_robust_adv,plan cost model,WLS,2,4,0.11707154308592427,0.11213425442615121,7050416.35827449,134883.21159861158,-111116.76951710635,363865.4924965046,60.066600022593505,498748.7040951162,-745751.7990990499,-247003.09500393362,-616.004836111319,-79.32929439029347,0.9991416498505425,-354.46577404535117,172.56704172192363,1.022696221497357,-678.9730161224275,64.64897603863055,0.9985976045193221,-284.1253187060312,-219.88141904671517,1.0008982253463798,-8215.530630069255,-6392.655180739273,0.9467845147596049,321.55065993130944,1457.8924528299544,0.9765666354104253,-1178.391427114663,-261.66749541260896,0.989304952022748,349.1845414013726,379.67522059609155,1.079644182865013
cms_robust_adv,share of added codes real,0.0,2,4,0.11707154308592427,,,134883.21159861158,,580794.6238023175,,715677.8354009291,,,,,,,,,,,,,,,,,,,,,,,,,,
cms_robust_adv,share of added codes real,0.25,2,4,0.11707154308592427,,,55504.56118901927,,572459.4976809383,,627964.0588699576,,,,,,,,,,,,,,,,,,,,,,,,,,
cms_robust_adv,share of added codes real,0.5,2,4,0.11707154308592427,,,-25649.803223636434,,561481.2719221548,,535831.4686985184,,,,,,,,,,,,,,,,,,,,,,,,,,
cms_robust_adv,share of added codes real,1.0,2,4,0.11707154308592427,,,-184524.13887907227,,546606.5817386957,,362082.44285962346,,,,,,,,,,,,,,,,,,,,,,,,,,
